ALXV4YD,FLIGHT:1
HFDTE270724
HFFXA015
HFPLTPILOTINCHARGE:Sucksdorff
HFCM2CREW2:
HFGTYGLIDERTYPE:ASG 29/18m
HFGIDGLIDERID:OH-1033
HFDTM100GPSDATUM:WGS-1984
HFRFWFIRMWAREVERSION:03.26 with WGS84 Ellipsoid GPS altitude datum
HFRHWHARDWAREVERSION:5
HFFTYFRTYPE:LXNAV,NANO4
HFGPSMANUFACTURERSNAME:UBLOX,NEO7,56,max50000m
HFPRSPRESSALTSENSOR:INTERSEMA,MS5611,max16000m
HFALGALTGPS:ELL
HFMOPSENSOR:LXV,OFF,ACOUSTIC
HFCIDCOMPETITIONID:WS
HFCCLCOMPETITIONCLASS:18-meter
I043638FXA3941ENL4246GSP4749TRT
C130523114355130523000105
C0000000N00000000E
C6046883N02409767E008 VOJAKKALA
C6103900N02649767E092 ANTTILA
C6106783N02555433E090 VIERUMAKI
C6044617N02603350E052 ARTJARVI
C6100767N02510267E039 HAMEENKOSKI
C6049683N02401000E009 LIETSA
C6045050N02405867E999 RAYSKALA_F12
C0000000N00000000E
LLXVOZ=-1,Style=2,R1=5000m,A1=45.0,R2=0m,A2=0.0,A12=76.5,Maxa=0m,Line=1,Autonext=1,Lat=6046.883N,Lon=02409.767E,Near=0
LLXVOZ=0,Style=1,R1=500m,A1=180.0,R2=0m,A2=0.0,A12=266.6,Maxa=0m,Autonext=1,Lat=6103.900N,Lon=02649.767E,Near=0
LLXVOZ=1,Style=1,R1=500m,A1=180.0,R2=0m,A2=0.0,A12=133.4,Maxa=0m,Autonext=1,Lat=6106.783N,Lon=02555.433E,Near=0
LLXVOZ=2,Style=1,R1=500m,A1=180.0,R2=0m,A2=0.0,A12=326.2,Maxa=0m,Autonext=1,Lat=6044.617N,Lon=02603.350E,Near=0
LLXVOZ=3,Style=1,R1=500m,A1=180.0,R2=0m,A2=0.0,A12=187.3,Maxa=0m,Autonext=1,Lat=6100.767N,Lon=02510.267E,Near=0
LLXVOZ=4,Style=1,R1=500m,A1=180.0,R2=0m,A2=0.0,A12=112.6,Maxa=0m,Autonext=1,Lat=6049.683N,Lon=02401.000E,Near=0
LLXVOZ=5,Style=3,R1=500m,A1=180.0,R2=0m,A2=0.0,A12=152.8,Maxa=0m,Line=1,Autonext=1,Lat=6045.050N,Lon=02405.867E,Near=0
LLXVTSK,StartOnEntry=false,Short=false,Near=false
LLXVVOLTAGE:3.78V
LLXVRECINT:1
LLXVAUTOFINISH:TRUE
LLXVAUTOFINISHTIME:300
LLXVNEARDIS:5000
LLXVOFFINISH:TRUE
LLXVALWAYSRUN:FALSE
LLXVBLUETOOTH:OFF
LLXVNMEA:ON
LLXVBAUDRATE:19200bps
LLXVAUTOOFF:ON
LLXVMOP:OFF
LLXVGYRO:OFF
LLXVIBT:OFF
LLXVEC:2304
LLXVETC:0
LLXVBB:2.94
LLXVWAKE:1714
LLXVPRODNR:e33
LLXVTEMP:39.7
LLXVBLVER:3.26
LLXVLCDBRIGHT:100
LLXVLCDFADERBRIGHT:30
LLXVLCDFADERTO:30
LLXVLCDFADER:0
LLXVLCDOFF:1
LLXVBATCAP:35556
LLXVBATCE:27974
LLXVBATCCNT:10
LLXVBATTCHG:987194
LLXVBATF:1.018
LLXVGPSDYN4G
B0920046044558N02407055EA001190014200601500012000
F0920041008210240322723142422
B0920056044558N02407055EA001190014200601500008000
B0920066044558N02407055EA001190014200601500021000
B0920076044558N02407055EA001190014200601300011000
B0920086044558N02407055EA001180014200601500008000
B0920096044558N02407055EA001200014200601300017000
B0920106044558N02407055EA001190014200601200057000
B0920116044558N02407055EA001190014200601000147000
B0920126044558N02407055EA001190014200601400059000
B0920136044558N02407055EA001190014200601200013000
B0920146044558N02407055EA001190014200601000004000
B0920156044558N02407055EA001200014200601300037000
B0920166044558N02407054EA001190014200601100015000
B0920176044558N02407054EA001190014200601300286000
B0920186044558N02407052EA001200014200601300639000
B0920196044558N02407049EA001190014200603001484000
B0920206044558N02407044EA001190014200604002111000
B0920216044557N02407036EA001180014200605702863000
B0920226044556N02407027EA001160014200607003474000
B0920236044555N02407015EA001190014200609404208000
B0920246044553N02407002EA001170014200610604740000
B0920256044552N02406987EA001160014200611305364000
B0920266044551N02406969EA001160014200613305907000
B0920276044550N02406951EA001150014200614706434000
B0920286044549N02406930EA001150014200615406964000
B0920296044548N02406908EA001150014200615107479000
B0920306044546N02406885EA001150014200616307979000
B0920316044545N02406860EA001140014300616008476000
B0920326044543N02406833EA001170014300618708970000
B0920336044541N02406805EA001160014300616609463000
LLXVTAKEOFF,GSP
B0920346044539N02406776EA001150014300616609878262
B0920356044537N02406746EA001160014300614010310262
B0920366044535N02406714EA001150014300611410693261
B0920376044533N02406681EA001180014300609811071261
B0920386044530N02406647EA001180014400608611376262
B0920396044528N02406612EA001220014400608811647262
B0920406044526N02406576EA001250014500607911960261
B0920416044523N02406540EA001270014500607212201261
B0920426044520N02406503EA001280014500606512427261
B0920436044517N02406465EA001300014700605812553262
B0920446044515N02406427EA001320014900605012545263
B0920456044513N02406389EA001330015000604912625263
B0920466044511N02406350EA001380015300605012738263
B0920476044508N02406312EA001410015500605012805263
B0920486044506N02406273EA001420015800605912874262
B0920496044503N02406234EA001460016100606512981261
B0920506044500N02406194EA001470016300607413067260
B0920516044497N02406155EA001500016500606713069260
B0920526044494N02406116EA001540016800607012993262
B0920536044492N02406077EA001560017000606212870263
B0920546044490N02406038EA001580017400605612855264
B0920556044488N02405998EA001610017700605112861265
B0920566044486N02405959EA001620018000604912862265
B0920576044485N02405920EA001630018200604812903265
B0920586044483N02405880EA001660018300605813065264
B0920596044481N02405841EA001680018500606913061263
B0921006044479N02405801EA001700018700607513171262
B0921016044476N02405761EA001730019000607113264262
B0921026044473N02405721EA001740019300606113318263
B0921036044471N02405680EA001760019500606113394263
B0921046044469N02405640EA001770019700605913484265
B0921056044468N02405598EA001780019800605613531266
B0921066044467N02405557EA001800019900605513581267
B0921076044466N02405516EA001830020100605113586270
B0921086044466N02405474EA001870020300605813678270
B0921096044466N02405432EA001900020600606613684269
B0921106044466N02405390EA001920021000606013711267
B0921116044465N02405348EA001950021200605713750268
B0921126044465N02405306EA001970021500606513791269
B0921136044465N02405264EA002000021700607313779269
B0921146044465N02405222EA002020022000606413743269
B0921156044465N02405180EA002040022200606013758270
B0921166044465N02405138EA002090022400606013734272
B0921176044466N02405096EA002120022700605913748272
B0921186044467N02405054EA002140023000605513634273
B0921196044469N02405013EA002180023400605213591274
B0921206044470N02404972EA002220023800604913471274
B0921216044472N02404931EA002260024100604613369275
B0921226044474N02404890EA002280024600604613300275
B0921236044476N02404850EA002330024900604913188275
B0921246044478N02404810EA002360025200604813088275
B0921256044480N02404770EA002380025600604512978276
B0921266044483N02404731EA002400026000606312927277
B0921276044485N02404692EA002440026300605212879278
B0921286044489N02404653EA002460026700604712975279
B0921296044492N02404614EA002450027000604213006279
B0921306044495N02404575EA002490027100603713081279
B0921316044498N02404535EA002510027300603713132279
B0921326044501N02404496EA002520027500603913133279
B0921336044504N02404456EA002580027700603613237278
B0921346044507N02404416EA002560028000603413359277
B0921356044510N02404375EA002540028200603213428278
B0921366044513N02404334EA002560028200603013503278
B0921376044516N02404293EA002570028100603013651277
B0921386044519N02404252EA002550028200603213634277
B0921396044521N02404210EA002590028300603413712276
B0921406044523N02404168EA002600028500603313747275
B0921416044525N02404127EA002640028600604113781275
B0921426044527N02404084EA002680028800603913784273
B0921436044528N02404042EA002700029100604013744273
B0921446044530N02404001EA002720029400603613652272
B0921456044530N02403959EA002750029700603613568271
B0921466044530N02403918EA002790029900604113513269
B0921476044530N02403877EA002830030200604013409267
B0921486044529N02403836EA002860030500604213419266
B0921496044527N02403795EA002880030900603913395264
B0921506044525N02403754EA002890031200603613418263
B0921516044523N02403714EA002920031500603413346263
B0921526044521N02403673EA002940031800603613335262
B0921536044518N02403633EA002990032000604413252261
B0921546044514N02403594EA003050032300605813006258
B0921556044509N02403556EA003090032700605712761252
B0921566044503N02403519EA003120033100605912587248
B0921576044496N02403484EA003140033600605012530246
B0921586044488N02403449EA003180034000605112368244
B0921596044480N02403416EA003180034300605112341242
B0922006044471N02403383EA003220034600604512264240
B0922016044462N02403351EA003240034900604012214237
B0922026044452N02403320EA003260035000604212154235
B0922036044441N02403290EA003270035200604112118232
B0922046044430N02403261EA003290035400605412036230
B0922056044418N02403234EA003280035500605712060226
B0922066044405N02403208EA003320035700905112053223
B0922076044392N02403183EA003360035900904911947221
B0922086044378N02403160EA003370036200904511867218
B0922096044364N02403139EA003420036500904811763214
B0922106044349N02403119EA003460036900605711736209
B0922116044334N02403103EA003490037200605511698204
B0922126044318N02403090EA003530037600605311645199
B0922136044301N02403079EA003590038100604511724196
B0922146044284N02403069EA003620038500604411828196
B0922156044267N02403059EA003640038900604211985194
B0922166044250N02403050EA003670039300604012146193
B0922176044232N02403042EA003700039700604912428191
B0922186044213N02403035EA003740039900605312661188
B0922196044194N02403031EA003780040200606412862184
B0922206044175N02403029EA003820040500606413052180
B0922216044155N02403030EA003850040800606013239176
B0922226044136N02403034EA003860041100605113350173
B0922236044116N02403040EA003920041400605513432170
B0922246044096N02403047EA003960041700604713527168
B0922256044076N02403057EA004010042100604613537164
B0922266044057N02403069EA004040042500604813639161
B0922276044038N02403083EA004080043000604513599159
B0922286044019N02403099EA004140043500604213564156
B0922296044001N02403116EA004170043900603813497154
B0922306043983N02403135EA004260044400604013414152
B0922316043965N02403154EA004300045000603913366150
B0922326043948N02403175EA004360045600603713275148
B0922336043931N02403197EA004410046200603613251145
B0922346043915N02403220EA004420046700603513222143
B0922356043899N02403244EA004480047100603313180142
B0922366043884N02403270EA004550047500605213224140
B0922376043869N02403296EA004600047900605313197137
B0922386043855N02403323EA004650048400605112568134
B0922396043842N02403351EA004670049300604612663132
B0922406043829N02403380EA004720050000604513120132
B0922416043816N02403410EA004770050400605313080131
B0922426043803N02403440EA004820050800605212968129
B0922436043791N02403471EA004870051300604812938127
B0922446043779N02403503EA004900051700604212940125
B0922456043768N02403535EA004920052100604012925124
B0922466043757N02403568EA004960052500604012861124
B0922476043746N02403600EA004990052800604312799122
B0922486043736N02403633EA005030053100604112791122
B0922496043726N02403667EA005070053500604512800120
B0922506043716N02403701EA005090053800604512826120
B0922516043707N02403735EA005090054100604312868118
B0922526043698N02403770EA005100054300604413007117
B0922536043689N02403806EA005120054400603913099115
B0922546043681N02403842EA005140054500604113179113
B0922556043673N02403879EA005130054500604113259112
B0922566043665N02403917EA005130054600604213291112
B0922576043658N02403954EA005130054600604013325112
B0922586043650N02403992EA005150054700603713397112
B0922596043642N02404030EA005150054800603813470112
B0923006043635N02404068EA005160054800603713582111
B0923016043627N02404107EA005170054800603713707109
B0923026043621N02404147EA005160054900604013837107
B0923036043615N02404188EA005170054900604113868107
B0923046043609N02404228EA005190054900604213839106
B0923056043603N02404269EA005210055000603713865106
F09230510082102322723142422
B0923066043597N02404309EA005230055100603713861105
B0923076043592N02404350EA005240055300603813887104
B0923086043586N02404391EA005250055400603913906104
B0923096043581N02404433EA005260055600603813994103
B0923106043577N02404474EA005270055700603613935102
B0923116043572N02404516EA005300055800603813938102
B0923126043568N02404557EA005340056000603913875101
B0923136043563N02404598EA005350056200603713821102
B0923146043559N02404639EA005370056400603613713103
B0923156043554N02404680EA005390056600603513750103
B0923166043549N02404721EA005410056800603713754103
B0923176043544N02404762EA005410057000604613769103
B0923186043540N02404803EA005430057100605513811102
B0923196043536N02404844EA005460057300605513751101
B0923206043531N02404885EA005510057500606213742101
B0923216043527N02404926EA005510057700605713605101
B0923226043523N02404967EA005550058100605113493101
B0923236043519N02405007EA005600058400605513433100
B0923246043516N02405047EA005680058800605413306098
B0923256043514N02405087EA005700059200605013257096
B0923266043511N02405128EA005740059800604613215095
B0923276043510N02405168EA005780060200604813224095
B0923286043508N02405208EA005820060700604313326094
B0923296043507N02405249EA005850061100604713488093
B0923306043506N02405290EA005900061500605813610092
B0923316043505N02405332EA005920061900605213758091
B0923326043505N02405374EA005950062300604713861090
B0923336043505N02405417EA005960062600604213970090
B0923346043505N02405460EA006000062800604314054088
B0923356043505N02405502EA006030063000604514049088
B0923366043506N02405545EA006050063300604714012087
B0923376043507N02405588EA006070063600604014012087
B0923386043508N02405631EA006070063900603614049088
B0923396043508N02405674EA006080064100603514014089
B0923406043508N02405717EA006100064300603014009090
B0923416043508N02405759EA006110064400603314087089
B0923426043508N02405802EA006140064500603514066089
B0923436043509N02405846EA006160064600603514079088
B0923446043509N02405889EA006180064800603514096088
B0923456043510N02405932EA006170065000603714147088
B0923466043510N02405975EA006200065200603714189087
B0923476043511N02406018EA006230065400604114240087
B0923486043512N02406062EA006240065500603914246088
B0923496043513N02406105EA006260065700603614221089
B0923506043513N02406149EA006280065900604214205091
B0923516043512N02406192EA006300066100604614297091
B0923526043512N02406236EA006350066400605414303090
B0923536043512N02406280EA006390066600604814320089
B0923546043512N02406323EA006400067000604314329091
B0923556043511N02406367EA006420067400603914289091
B0923566043510N02406411EA006470067600605014188092
B0923576043510N02406454EA006530067900605114164091
B0923586043509N02406497EA006560068400604514088091
B0923596043508N02406540EA006590068900604314057091
B0924006043508N02406583EA006600069300603914097091
B0924016043507N02406626EA006610069700603514059092
B0924026043506N02406668EA006630069800603914044093
B0924036043504N02406711EA006680070000604013924094
B0924046043502N02406753EA006710070200603713834095
B0924056043500N02406795EA006720070500603613836095
B0924066043498N02406837EA006730070800604413844095
B0924076043496N02406879EA006730070900604713808096
B0924086043493N02406921EA006760071000605113734098
B0924096043490N02406962EA006800071200605013612098
B0924106043487N02407003EA006820071400605013531099
B0924116043484N02407044EA006830071700604513522100
B0924126043480N02407085EA006850072000604613528100
B0924136043476N02407125EA006860072200604213493100
B0924146043472N02407165EA006870072300604113454101
B0924156043468N02407206EA006880072500604613484101
B0924166043464N02407246EA006890072600605313549102
B0924176043459N02407286EA006940072700605613524103
B0924186043454N02407326EA006940072900605413522105
B0924196043449N02407366EA006970073100605613513106
B0924206043443N02407405EA006990073300605513490107
B0924216043436N02407444EA007010073400605313460108
B0924226043430N02407483EA007020073600605213347109
B0924236043423N02407521EA007040073800605213389110
B0924246043416N02407560EA007060074000605413389110
B0924256043409N02407598EA007070074200605913426109
B0924266043402N02407637EA007090074400605413471109
B0924276043395N02407675EA007190074600604913266110
B0924286043388N02407713EA007250075000604413201109
B0924296043382N02407751EA007260075600603913191108
B0924306043376N02407789EA007310076200603413126109
B0924316043369N02407826EA007350076600603713004111
B0924326043362N02407863EA007420077000604312904112
B0924336043355N02407899EA007450077600604212608110
B0924346043349N02407936EA007470078200603912429106
B0924356043346N02407973EA007490078600603112400097
B0924366043345N02408011EA007520078900603112553088
B0924376043346N02408049EA007540079200603012847080
B0924386043351N02408088EA007540079300602913181074
B0924396043357N02408127EA007530079300603013609068
B0924406043365N02408165EA007540079200603213685063
B0924416043375N02408201EA007540079100603413694058
B0924426043387N02408236EA007530079200603113641054
B0924436043399N02408269EA007520079200602913529050
B0924446043412N02408301EA007480079200603813542047
B0924456043426N02408330EA007460079100605213688043
B0924466043442N02408358EA007410078800609813858038
B0924476043458N02408383EA007380078400630414087034
B0924486043476N02408406EA007360077900657514273028
B0924496043496N02408425EA007350077600693214249022
B0924506043515N02408439EA007360077500699914116015
B0924516043536N02408448EA007420077500699913772009
B0924526043556N02408453EA007440077700699913357004
B0924536043575N02408454EA007470078100699912947358
B0924546043594N02408451EA007500078400699912556352
B0924556043613N02408445EA007500078700699912243347
B0924566043630N02408435EA007490078900699912033342
B0924576043647N02408423EA007520079100699911902337
B0924586043663N02408407EA007510079200699911862333
B0924596043678N02408390EA007520079200699911861329
B0925006043693N02408371EA007510079100699911862325
B0925016043708N02408349EA007500079100699911884321
B0925026043721N02408326EA007500079000699911914318
B0925036043734N02408301EA007490079000699911925315
B0925046043747N02408275EA007510079000699911873313
B0925056043759N02408249EA007500079000699911808311
B0925066043770N02408221EA007490079000699911667309
B0925076043781N02408194EA007510078900699911510308
B0925086043791N02408166EA007510078900699911470307
B0925096043802N02408138EA007490079000699911438306
B0925106043812N02408110EA007480079000699911410306
B0925116043822N02408082EA007510079000699911374305
B0925126043832N02408054EA007510079100699911397305
B0925136043842N02408025EA007500079100699911540304
B0925146043851N02407996EA007520079100699911562303
B0925156043861N02407967EA007510079100696311563303
B0925166043871N02407937EA007500079100678311597303
B0925176043880N02407908EA007480079000674711581303
B0925186043890N02407878EA007460078800673911544303
B0925196043899N02407849EA007440078600658911510303
B0925206043908N02407819EA007420078400642611444302
B0925216043918N02407790EA007390078200632011423302
B0925226043927N02407760EA007350078000623911490302
B0925236043936N02407730EA007310077700617511582301
B0925246043945N02407700EA007280077300612011753301
B0925256043954N02407669EA007280077000608411778301
B0925266043963N02407638EA007260076800606111686301
B0925276043972N02407608EA007260076600604811570301
B0925286043981N02407578EA007260076600604011360300
B0925296043990N02407548EA007250076600603511208300
B0925306043998N02407519EA007250076600603111080300
B0925316044006N02407489EA007250076600602711006299
B0925326044015N02407460EA007230076600602510965299
B0925336044023N02407431EA007200076500602611010298
B0925346044030N02407401EA007190076300602511251298
B0925356044038N02407370EA007160076100602411480296
LLXVBATT:21.3% (3.79V) 092536
B0925366044046N02407339EA007150075900602811585296
B0925376044054N02407307EA007150075700603111578297
B0925386044062N02407276EA007170075700602511493298
B0925396044070N02407246EA007180075800602311304299
B0925406044079N02407216EA007210076100601911004298
B0925416044086N02407186EA007230076300601810789293
B0925426044091N02407155EA007230076500601810702288
B0925436044096N02407124EA007210076700601810743280
B0925446044097N02407091EA007190076700601710959269
B0925456044095N02407057EA007180076600601811077258
B0925466044090N02407025EA007170076400601811127245
B0925476044082N02406996EA007170076300601711131231
B0925486044070N02406973EA007170076300601810956216
B0925496044056N02406957EA007180076300602010630200
B0925506044041N02406950EA007200076400601810393185
B0925516044026N02406952EA007180076500602010360169
B0925526044011N02406962EA007160076500601810459153
B0925536043998N02406980EA007160076500601710680139
B0925546043987N02407004EA007140076300601810891126
B0925556043979N02407033EA007120076100601611152115
B0925566043973N02407065EA007110076000601711375105
B0925576043969N02407099EA007090075800601511656095
B0925586043969N02407135EA007040075600601611962084
B0925596043973N02407172EA007020075300601712317073
B0926006043980N02407207EA007000075000602112645064
B0926016043989N02407241EA007010074800602512916055
B0926026044001N02407272EA007010074500602313088047
B0926036044015N02407299EA007000074400602313077038
B0926046044031N02407322EA007030074400602213021030
B0926056044049N02407339EA007050074500602112879022
B0926066044067N02407353EA007070074600601912670016
B0926076044085N02407361EA007090074900601712383009
B0926086044103N02407366EA007120075100601312103004
B0926096044121N02407367EA007140075400601511864359
B0926106044138N02407364EA007150075600601511847352
B0926116044156N02407358EA007180075800601111771347
B0926126044173N02407349EA007190076000601511592341
B0926136044188N02407335EA007190076100601211445334
B0926146044203N02407318EA007180076100601511378327
B0926156044217N02407298EA007180076100601011356321
B0926166044230N02407275EA007180076100601011440315
F0926161008210240322723142422
B0926176044241N02407250EA007190076100601511520311
B0926186044252N02407223EA007200076100601711500307
B0926196044262N02407194EA007210076100601711566303
B0926206044271N02407164EA007240076200601711543300
B0926216044280N02407133EA007290076400601712017298
B0926226044288N02407101EA007310076900601611133293
B0926236044294N02407070EA007320077200601211238293
B0926246044299N02407039EA007340078400501610672280
B0926256044301N02407008EA007350079100501610110275
B0926266044300N02406978EA007310079600502009854262
B0926276044298N02406948EA007290079600601909913258
B0926286044295N02406918EA007270079400602210171258
B0926296044292N02406887EA007220079100602110472259
B0926306044289N02406855EA007200078600602010834260
B0926316044286N02406822EA007130078200602011118262
B0926326044284N02406788EA007140077800602111351264
B0926336044283N02406753EA007110077400602011530266
B0926346044282N02406718EA007100077000601911620268
B0926356044281N02406682EA007080076700602311661270
B0926366044282N02406647EA007070076400602011649272
B0926376044283N02406612EA007050076200601811654274
B0926386044284N02406576EA007050076000601711677276
B0926396044286N02406541EA007050075800601711691277
B0926406044289N02406506EA007030075600601611596279
B0926416044292N02406471EA007010075500601711561280
B0926426044295N02406437EA007000075300601611543282
B0926436044299N02406402EA006990075100501711574283
B0926446044303N02406368EA006960074900501711597285
B0926456044308N02406334EA006920074800501811684286
B0926466044313N02406300EA006890074500501911929287
B0926476044319N02406264EA006850074100502112201288
B0926486044324N02406229EA006820073700502212446289
B0926496044331N02406193EA006780073300502012736289
B0926506044337N02406155EA006750072900502712990289
B0926516044344N02406118EA006750072500502513175289
B0926526044350N02406080EA006720072300502413265290
B0926536044357N02406042EA006710072100502313368290
B0926546044364N02406003EA006710071900502213387290
B0926556044371N02405965EA006700071800502213385291
B0926566044378N02405927EA006680071700502113349291
B0926576044386N02405889EA006660071600502313350292
B0926586044393N02405852EA006660071500502113347293
B0926596044401N02405814EA006630071300501913383293
B0927006044409N02405777EA006620071100501813429293
B0927016044417N02405739EA006600070900501713480293
B0927026044425N02405701EA006600070800501913483292
B0927036044433N02405663EA006610070600501913482292
B0927046044440N02405625EA006600070500501913490292
B0927056044448N02405587EA006610070500501713431293
B0927066044456N02405550EA006620070500502013358295
B0927076044465N02405513EA006610070600502113362296
B0927086044474N02405477EA006610070600502013340297
B0927096044483N02405441EA006620070600501813299298
B0927106044493N02405405EA006620070600502413287299
B0927116044503N02405370EA006600070600502213332300
B0927126044514N02405335EA006620070600602013465301
B0927136044524N02405300EA006610070500602113513301
B0927146044534N02405265EA006640070500502013460299
B0927156044544N02405229EA006670070600502113361296
B0927166044552N02405192EA006720070800501913129292
B0927176044559N02405155EA006770071200501712619287
B0927186044563N02405119EA006820071700501811967280
B0927196044565N02405083EA006880072200502011310270
B0927206044563N02405050EA006900072700501910665258
B0927216044559N02405020EA006910073200501810166245
B0927226044551N02404994EA006920073500601709871231
B0927236044541N02404972EA006920073700601709678218
B0927246044530N02404957EA006900073800601708269210
B0927256044518N02404948EA006880074200501709542190
B0927266044503N02404946EA006870074100601609720177
B0927276044489N02404950EA006830073900601809939165
B0927286044475N02404961EA006800073600602010152153
B0927296044462N02404977EA006760073300601910424140
B0927306044450N02405000EA006710072800601910830128
B0927316044441N02405029EA006700072400602011329116
B0927326044435N02405062EA006670072000602011748106
B0927336044431N02405097EA006670071600602012090098
B0927346044429N02405134EA006700071500601812164092
B0927356044429N02405171EA006720071500602012201085
B0927366044432N02405208EA006750071700601912173078
B0927376044436N02405244EA006790072000601911981073
B0927386044442N02405279EA006800072300601911814067
B0927396044450N02405311EA006820072500601811934059
B0927406044460N02405341EA006830072700601712022053
B0927416044471N02405370EA006850072800501712156046
B0927426044484N02405395EA006860073000501812265039
B0927436044499N02405418EA006900073100601912366032
B0927446044515N02405436EA006910073300501812365025
B0927456044532N02405449EA006940073500501912276016
B0927466044550N02405457EA006950073700601812231006
B0927476044568N02405458EA006960073900601712248356
B0927486044586N02405452EA006970074000601712238346
B0927496044603N02405440EA006990074200601612215336
B0927506044619N02405422EA006990074200601712182325
B0927516044633N02405399EA006990074200601712099315
B0927526044644N02405371EA006980074200601811858304
B0927536044653N02405339EA007000074200601911877294
B0927546044659N02405306EA007010074300502111495287
B0927556044664N02405274EA007020074700502110687281
B0927566044664N02405242EA007040075800601910438262
B0927576044659N02405212EA007060076700501910249241
B0927586044650N02405188EA007090077100602010047226
B0927596044638N02405169EA007110077300602009898211
B0928006044625N02405156EA007110077401501809891198
B0928016044610N02405150EA007140077500601809802186
B0928026044595N02405150EA007160077500601909772173
B0928036044581N02405156EA007150077500601709801160
B0928046044567N02405170EA007140077500601609971146
B0928056044555N02405189EA007120077400601710257133
B0928066044546N02405214EA007110077200601710523121
B0928076044538N02405243EA007110077000602010833109
B0928086044534N02405276EA007100076800602211361096
B0928096044534N02405311EA007090076600602111803084
B0928106044537N02405347EA007100076400602112129073
B0928116044544N02405382EA007110076300602012574062
B0928126044554N02405415EA007110076200501912901054
B0928136044566N02405446EA007150076300601912952047
B0928146044579N02405474EA007180076400601912757042
B0928156044593N02405499EA007220076700501912603036
B0928166044609N02405520EA007250077000501612492030
B0928176044625N02405537EA007270077400601012413024
B0928186044642N02405551EA007280077700501312321017
B0928196044660N02405560EA007270077800601312319009
B0928206044678N02405563EA007280077900601112336001
B0928216044696N02405561EA007270077900601412474352
B0928226044714N02405553EA007280077800601212654343
B0928236044732N02405540EA007280077600601612645334
B0928246044748N02405520EA007280077600601612430324
B0928256044761N02405495EA007300077600601612093312
B0928266044772N02405466EA007320077700601711825300
B0928276044779N02405434EA007320077700601611506287
B0928286044782N02405400EA007350077800601811182274
B0928296044781N02405367EA007360077900602010965258
B0928306044776N02405336EA007380078000602010677244
B0928316044767N02405309EA007420078200601910347230
B0928326044756N02405288EA007440078400501810122215
B0928336044743N02405274EA007450078700601709976200
B0928346044729N02405267EA007470078900602010004184
B0928356044714N02405270EA007470079100602110403168
B0928366044699N02405280EA007480079100602110764154
B0928376044685N02405298EA007490079200602011032141
B0928386044673N02405322EA007470079200601911347127
B0928396044664N02405352EA007490079200601911542115
B0928406044659N02405385EA007520079300602011785102
B0928416044657N02405421EA007520079300502212306088
B0928426044659N02405459EA007500079400502112941075
B0928436044666N02405497EA007540079500502013449063
B0928446044677N02405532EA007580079600502013665053
B0928456044691N02405563EA007600079800502113659041
B0928466044707N02405586EA007610080000502313632028
B0928476044726N02405602EA007640080400502313461016
B0928486044745N02405610EA007630080600502113267006
B0928496044765N02405611EA007650080800501913161354
B0928506044784N02405603EA007660080900601913034343
B0928516044802N02405588EA007680080900601912862331
B0928526044817N02405566EA007690081000602112555320
B0928536044830N02405539EA007710081100602312258308
B0928546044840N02405508EA007720081200601911973295
B0928556044845N02405474EA007750081400601911641282
B0928566044847N02405440EA007750081600602011325269
B0928576044845N02405406EA007800081800601910951254
B0928586044839N02405376EA007810082000602010557238
B0928596044830N02405351EA007810082100601910027225
B0929006044818N02405333EA007820082500501809416210
B0929016044805N02405323EA007810082800501910373191
B0929026044789N02405321EA007840082900602110872174
B0929036044773N02405328EA007850083000602011234160
B0929046044757N02405344EA007870083200602011409145
B0929056044744N02405367EA007880083300602011612132
B0929066044734N02405395EA007890083500602011806120
B0929076044726N02405428EA007920083700601911928109
B0929086044722N02405463EA007950083900602012067097
B0929096044721N02405500EA007970084100601812380084
B0929106044725N02405538EA007980084300601712662073
B0929116044732N02405574EA007990084400601812871061
B0929126044743N02405606EA007980084500601913045048
B0929136044757N02405633EA008000084600602113147036
B0929146044774N02405654EA007990084800602213173025
B0929156044792N02405668EA008000084900602113195014
B0929166044811N02405675EA007980084800602013221004
B0929176044831N02405674EA007980084700601913321354
F0929171008210232272314242217
B0929186044850N02405667EA008000084600602013242344
B0929196044868N02405652EA008010084600601813034333
B0929206044884N02405632EA008040084600602112775322
B0929216044898N02405606EA008070084700602112390312
B0929226044909N02405577EA008110084900601811826300
B0929236044916N02405545EA008130085300601711336288
B0929246044920N02405512EA008150085700601610842277
B0929256044920N02405479EA008190086100601610535265
B0929266044918N02405448EA008210086300601910334254
B0929276044912N02405419EA008210086500601810081242
B0929286044904N02405394EA008230086700601809862228
B0929296044893N02405375EA008220086800601909777214
B0929306044880N02405361EA008230086900602009845201
B0929316044866N02405353EA008240087000602110062187
B0929326044850N02405353EA008270087000602310377173
B0929336044835N02405361EA008290087100602410648159
B0929346044821N02405376EA008290087200602110824146
B0929356044808N02405397EA008310087400602010973134
B0929366044798N02405423EA008310087600601911165121
B0929376044791N02405454EA008330087700601811557109
B0929386044787N02405489EA008350087800602011834097
B0929396044786N02405525EA008340087800601812152084
B0929406044790N02405562EA008330087900601612525072
B0929416044797N02405598EA008320087900601712950060
B0929426044809N02405630EA008310087800601813316049
B0929436044823N02405658EA008330087700601813448038
B0929446044840N02405681EA008320087700601813523029
B0929456044858N02405699EA008300087700601913544020
B0929466044877N02405710EA008310087700602113649011
B0929476044898N02405715EA008330087600602313668002
B0929486044918N02405714EA008350087600602113499354
B0929496044937N02405706EA008370087700602113215345
B0929506044956N02405693EA008400087900601912879335
B0929516044972N02405674EA008420088100602012539325
B0929526044986N02405650EA008420088400601912217315
B0929536044998N02405622EA008460088600602011911306
B0929546045007N02405592EA008490088800601811567296
B0929556045013N02405560EA008510089000601211080286
B0929566045017N02405527EA008510089300601310642275
B0929576045016N02405496EA008500089500601810380264
B0929586045013N02405465EA008480089600601710206252
B0929596045007N02405436EA008490089500601710177241
B0930006044999N02405411EA008480089400601810153229
B0930016044988N02405390EA008470089300601810247216
B0930026044974N02405374EA008470089200601710401203
B0930036044960N02405364EA008480089200601910599191
B0930046044944N02405362EA008480089200602110766179
B0930056044928N02405366EA008520089200602110991165
B0930066044912N02405378EA008560089400602311233153
B0930076044898N02405396EA008590089700602111394141
B0930086044886N02405420EA008640090000601811467130
B0930096044876N02405449EA008650090400601911499120
B0930106044869N02405481EA008670090700601811554110
B0930116044864N02405515EA008700091000601611653100
B0930126044862N02405550EA008710091200601711764090
B0930136044864N02405586EA008710091500601911950080
B0930146044868N02405622EA008730091600601812190069
B0930156044876N02405656EA008720091700601812452059
B0930166044887N02405687EA008720091700601712655050
B0930176044900N02405714EA008720091800601712767041
B0930186044916N02405738EA008720091800601812878032
B0930196044933N02405756EA008710091800601912903023
B0930206044951N02405769EA008700091700601913051015
B0930216044970N02405777EA008700091500602013198006
B0930226044989N02405779EA008720091400601813170358
B0930236045009N02405775EA008740091400601712927349
B0930246045027N02405764EA008770091500601612583339
B0930256045043N02405748EA008790091800601712150328
B0930266045058N02405726EA008790092000601811757317
B0930276045069N02405700EA008800092200601711408307
B0930286045078N02405671EA008810092300601711161296
B0930296045085N02405640EA008810092400601710919286
B0930306045088N02405608EA008810092400501110635276
B0930316045088N02405576EA008800092500501610470264
B0930326045085N02405545EA008780092400601710394252
B0930336045079N02405515EA008760092300501610407241
B0930346045070N02405489EA008760092100501610534230
B0930356045059N02405466EA008740091900501710626220
B0930366045046N02405447EA008750091800501810690209
B0930376045031N02405434EA008760091800501710771198
LLXVBATT:21.4% (3.79V) 093038
B0930386045016N02405427EA008770091800501810820188
B0930396045000N02405425EA008780091900501911004177
B0930406044983N02405429EA008810092000501811137167
B0930416044967N02405440EA008840092100501911192157
B0930426044953N02405456EA008860092400501711294146
B0930436044939N02405478EA008890092600501611389135
B0930446044928N02405504EA008920092900501611468124
B0930456044920N02405535EA008940093300501811499113
B0930466044915N02405568EA008960093600501911562101
B0930476044913N02405603EA008950093800501811723090
B0930486044915N02405639EA008940093900501912131079
B0930496044920N02405675EA008930093800501812522067
B0930506044929N02405709EA008910093700501912942056
B0930516044941N02405740EA008900093500501913304045
B0930526044956N02405766EA008900093400502013509035
B0930536044974N02405787EA008900093300502013602024
B0930546044993N02405801EA008900093200502013639015
B0930556045013N02405809EA008890093100502013550007
B0930566045033N02405812EA008910093100502013425358
B0930576045053N02405807EA008930093100501913300348
B0930586045071N02405796EA008920093100501813031338
B0930596045089N02405779EA008900093300501812744328
B0931006045104N02405756EA008910093300501712476318
B0931016045116N02405728EA008920093300501912226308
B0931026045126N02405698EA008950093300501811913298
B0931036045133N02405665EA008960093400501911554288
B0931046045137N02405632EA008970093500501911116279
B0931056045139N02405598EA008950093700501710772268
B0931066045137N02405566EA008960093900501510556259
B0931076045133N02405535EA008950093900501610447251
B0931086045127N02405506EA008940093900501710431241
B0931096045118N02405479EA008940093800501810327231
B0931106045108N02405457EA008920093800501810434220
B0931116045095N02405438EA008900093700501910571209
B0931126045080N02405425EA008910093500502010783200
B0931136045065N02405416EA008930093400501910914191
B0931146045049N02405411EA008950093400501710940184
B0931156045032N02405410EA008980093500501810859179
B0931166045016N02405412EA008990093800501910728173
B0931176045001N02405418EA009010094000501910674166
B0931186044985N02405427EA009060094300501810636160
B0931196044971N02405439EA009070094600501710502154
B0931206044957N02405454EA009110094800501810360148
B0931216044944N02405472EA009100095100501710229141
B0931226044933N02405493EA009100095300501610165134
B0931236044923N02405516EA009110095400501610180128
B0931246044914N02405541EA009100095400501710311123
B0931256044906N02405568EA009100095400501910478118
B0931266044899N02405597EA009070095300501810698115
B0931276044892N02405627EA009040095200501711013112
B0931286044886N02405659EA009040095000501011589107
B0931296044882N02405694EA009050094900501812205102
B0931306044878N02405732EA009060094700502012640098
B0931316044876N02405770EA009090094800501912772094
B0931326044876N02405809EA009140094900501812713088
B0931336044877N02405848EA009160095300501712623082
B0931346044880N02405885EA009180095600501612544076
B0931356044885N02405922EA009200095900501212490070
B0931366044892N02405957EA009190096100501612370065
B0931376044901N02405991EA009170096200501612342058
B0931386044911N02406022EA009140096200501612276052
B0931396044924N02406050EA009110096000501612432045
B0931406044937N02406076EA009070095700501712630039
B0931416044953N02406099EA009050095300501612876033
B0931426044969N02406119EA009040095000601613073028
B0931436044987N02406137EA009020094700501713130024
B0931446045005N02406153EA009010094500501613128021
B0931456045023N02406167EA009000094400501413083019
B0931466045042N02406180EA009010094300501012982019
B0931476045060N02406193EA009010094300501212922018
B0931486045078N02406206EA009010094300501612914020
B0931496045096N02406220EA009000094300501712935021
B0931506045114N02406235EA008960094200502112986022
B0931516045132N02406250EA008930094100501913243023
B0931526045150N02406267EA008920094000501813512023
B0931536045169N02406284EA008910093800502213825024
B0931546045188N02406301EA008900093500502014113024
B0931556045207N02406319EA008910093400501914231024
B0931566045227N02406337EA008910093400501814247025
B0931576045246N02406356EA008900093400501814179026
B0931586045265N02406376EA008920093400501714094027
B0931596045283N02406396EA008900093400501614038029
B0932006045301N02406418EA008890093400501614058030
B0932016045319N02406439EA008870093300501714102030
B0932026045338N02406462EA008860093200501714253031
B0932036045356N02406484EA008820093000501714403031
B0932046045374N02406508EA008850092800502114529031
B0932056045393N02406531EA008850092700502514605032
B0932066045411N02406556EA008860092700502414593033
B0932076045429N02406581EA008860092800502314544035
B0932086045446N02406608EA008870092800502214480037
B0932096045463N02406635EA008870092900502014482038
B0932106045480N02406663EA008870093000501914483040
B0932116045496N02406692EA008870093000602014507042
B0932126045512N02406723EA008880092900602314529044
B0932136045527N02406754EA008910093000602914511045
B0932146045542N02406786EA008910093000603114402046
B0932156045557N02406819EA008920093200603014278048
B0932166045570N02406852EA008920093400602614105051
B0932176045583N02406886EA008930093500602214010054
B0932186045594N02406922EA008930093600602113950058
B0932196045605N02406959EA008940093700602413902062
B0932206045614N02406996EA008930093700602413759065
B0932216045622N02407035EA008930093700502313715068
F093221100821023227231424221703010001
B0932226045629N02407074EA008920093700502613679071
B0932236045635N02407114EA008890093700502513684073
B0932246045640N02407154EA008840093600502713710076
B0932256045645N02407195EA008800093300502913897078
B0932266045649N02407238EA008760092900502814178080
B0932276045652N02407281EA008710092400502614379082
B0932286045655N02407325EA008700092000502614469084
B0932296045657N02407369EA008680091700502614538086
B0932306045658N02407413EA008640091500502614611088
B0932316045658N02407458EA008640091200502614709089
B0932326045658N02407503EA008610091000502714766091
B0932336045657N02407548EA008590090800503014838092
B0932346045656N02407594EA008570090600502714850094
B0932356045654N02407639EA008560090400503114870095
B0932366045651N02407684EA008540090200502914908097
B0932376045648N02407729EA008520090000503114791098
B0932386045644N02407773EA008490089900503114631100
B0932396045640N02407817EA008470089700503114565102
B0932406045635N02407860EA008430089300503214581103
B0932416045630N02407904EA008410089000503214600105
B0932426045623N02407946EA008420088800502914589108
B0932436045616N02407988EA008430088700503014459110
B0932446045608N02408029EA008440088700502914395112
B0932456045599N02408069EA008440088800502714245114
B0932466045590N02408108EA008430088800502614132116
B0932476045580N02408146EA008430088800502314079118
B0932486045570N02408184EA008420088800502614027120
B0932496045559N02408221EA008410088800502514030122
B0932506045547N02408256EA008390088700502514074125
B0932516045535N02408291EA008390088500502714143128
B0932526045521N02408324EA008380088400502914130130
B0932536045507N02408357EA008370088300502814186133
B0932546045492N02408387EA008380088200502914125136
B0932556045477N02408417EA008370088200503214025138
B0932566045461N02408444EA008380088200503213900140
B0932576045445N02408471EA008380088200503013763142
B0932586045428N02408495EA008370088200502813663145
B0932596045411N02408518EA008380088200502813556148
B0933006045394N02408538EA008370088100502913584152
B0933016045375N02408557EA008380088100502813633155
B0933026045357N02408573EA008360088000502813641157
B0933036045338N02408588EA008350088000502813634159
B0933046045319N02408602EA008350087900502713721160
B0933056045299N02408617EA008320087800502813811159
B0933066045280N02408632EA008290087600502713930158
B0933076045261N02408649EA008280087400502714154154
B0933086045242N02408669EA008270087200503014326150
B0933096045224N02408693EA008290087100502814474145
B0933106045206N02408719EA008320087100502714553140
B0933116045190N02408749EA008350087300503014561134
B0933126045176N02408782EA008390087500503214513127
B0933136045164N02408819EA008440087900503514319119
B0933146045155N02408858EA008490088400503514039110
B0933156045149N02408899EA008520088900503013897101
B0933166045147N02408941EA008560089400502613769093
B0933176045147N02408982EA008580089700502513637083
B0933186045151N02409023EA008620090000502813473074
B0933196045158N02409061EA008630090200502613409062
B0933206045169N02409095EA008630090300502213249052
B0933216045182N02409125EA008630090500502013076043
B0933226045197N02409150EA008630090600502112961033
B0933236045214N02409168EA008630090600502112911023
B0933246045232N02409181EA008630090600501912820014
B0933256045251N02409188EA008640090500501912757004
B0933266045270N02409188EA008670090500501912705356
B0933276045288N02409183EA008650090500501912562347
B0933286045306N02409172EA008700090600502212316338
B0933296045323N02409156EA008700090800502012099329
B0933306045337N02409135EA008740091000501811904321
B0933316045350N02409111EA008750091200501611656313
B0933326045361N02409084EA008760091400501711449304
B0933336045370N02409054EA008770091600501811182294
B0933346045375N02409021EA008790091800501811123283
B0933356045377N02408988EA008800092000501911063271
B0933366045376N02408955EA008810092200501910954258
B0933376045371N02408923EA008830092300502110814244
B0933386045362N02408896EA008840092500502010784230
B0933396045351N02408873EA008870092700501810804216
B0933406045337N02408857EA008870092800501910793203
B0933416045322N02408847EA008860092900501810934189
B0933426045305N02408846EA008850093000502011153176
B0933436045289N02408852EA008850092900501911531163
B0933446045272N02408866EA008870092900501811959151
B0933456045258N02408887EA008880092900501912235139
B0933466045245N02408914EA008900092900502112435126
B0933476045236N02408947EA008910093000501912622113
B0933486045230N02408984EA008920093200502012761101
B0933496045228N02409022EA008940093300501812770089
B0933506045230N02409061EA008930093500501712777077
B0933516045236N02409098EA008930093600501812764066
B0933526045245N02409132EA008900093600501812805056
B0933536045257N02409163EA008890093500501712932045
B0933546045272N02409189EA008870093300501812986036
B0933556045288N02409209EA008860093100501913151026
B0933566045306N02409224EA008880092900501913107017
B0933576045325N02409233EA008900092900502013008008
B0933586045344N02409236EA008920093000502012765000
B0933596045363N02409234EA008950093100502012446352
B0934006045381N02409226EA008950093400501912176343
B0934016045398N02409213EA008980093600501811926336
B0934026045414N02409197EA008990093900501811786329
B0934036045428N02409177EA009020094100501911715323
B0934046045442N02409154EA009040094200501811668315
B0934056045453N02409127EA009060094400501811668307
B0934066045462N02409097EA009080094700501711605297
B0934076045469N02409065EA009100094900501811517288
B0934086045473N02409031EA009120095100501811468278
B0934096045474N02408996EA009150095300501811391268
B0934106045472N02408962EA009190095600501911230256
B0934116045467N02408930EA009230095800501810951244
B0934126045458N02408902EA009230096200501810621230
B0934136045447N02408880EA009260096600501710247219
B0934146045435N02408863EA009260096900501709957206
B0934156045421N02408853EA009240097000501610019191
B0934166045406N02408851EA009220097000501710409177
B0934176045390N02408856EA009190096900501810834164
B0934186045375N02408869EA009160096600501711402150
B0934196045361N02408890EA009120096300501912003138
B0934206045349N02408917EA009090095900502012609126
B0934216045339N02408951EA009080095600502013130114
B0934226045333N02408990EA009120095300501813488102
B0934236045331N02409031EA009110095200501913773090
B0934246045332N02409073EA009140095300502013818079
B0934256045338N02409113EA009150095400502113800069
B0934266045347N02409151EA009170095600502113682059
B0934276045358N02409185EA009180095800501913480050
B0934286045372N02409214EA009230096000501813162043
B0934296045387N02409240EA009240096200501712818035
B0934306045403N02409260EA009280096500501312485028
B0934316045420N02409276EA009290096800501012319021
B0934326045437N02409287EA009310097000501112135015
B0934336045455N02409295EA009320097200501712106008
B0934346045473N02409299EA009350097400501912094002
B0934356045491N02409298EA009370097500501812009355
B0934366045508N02409293EA009400097700501711845346
B0934376045525N02409282EA009400098000501511586337
B0934386045540N02409266EA009390098200501611443328
B0934396045554N02409245EA009350098300501611406318
B0934406045566N02409220EA009340098200501611579308
B0934416045575N02409190EA009320097900501511778298
B0934426045582N02409157EA009300097700501611974287
B0934436045586N02409121EA009310097500501612035277
B0934446045587N02409085EA009320097400501811982267
B0934456045584N02409049EA009320097400502011862256
B0934466045579N02409015EA009350097500502011695246
B0934476045570N02408984EA009390097600501911607233
B0934486045559N02408959EA009400097800502011430219
B0934496045544N02408940EA009450098100502111292204
B0934506045528N02408930EA009480098400502111078189
B0934516045512N02408930EA009500098800502111029171
B0934526045496N02408940EA009500099100502111123155
B0934536045482N02408958EA009490099300501911402139
B0934546045471N02408984EA009490099400502011780126
B0934556045462N02409016EA009470099300501912340111
B0934566045457N02409053EA009430099200502012938098
B0934576045457N02409093EA009410099000502113457086
B0934586045460N02409134EA009410098700502113833074
B0934596045468N02409173EA009400098600502014200061
B0935006045480N02409209EA009400098400502214571050
B0935016045495N02409241EA009460098300502214647039
B0935026045513N02409266EA009500098400502114591028
B0935036045533N02409283EA009530098800502214272017
B0935046045554N02409291EA009600099200502013815006
B0935056045574N02409291EA009630099700501813349354
B0935066045593N02409283EA009640100200501913044341
B0935076045610N02409266EA009650100500501912776329
B0935086045625N02409243EA009660100700501812538315
B0935096045637N02409214EA009640100800501912320302
B0935106045645N02409180EA009660100900502012157290
B0935116045649N02409145EA009660100900501911973278
B0935126045650N02409109EA009670100900502011823265
B0935136045647N02409073EA009670101000502111777253
B0935146045640N02409040EA009690101000502111622241
B0935156045631N02409011EA009730101100502411504231
B0935166045619N02408986EA009800101400502011280219
B0935176045605N02408968EA009820101800502311045207
B0935186045590N02408956EA009860102300502210869193
B0935196045574N02408953EA009880102600501910772177
B0935206045558N02408959EA009910103000501810770162
B0935216045544N02408973EA009900103300501710965146
B0935226045531N02408995EA009890103500501711199132
B0935236045521N02409023EA009860103600501711637119
B0935246045514N02409056EA009840103400501712260106
B0935256045511N02409094EA009820103100501812946095
B0935266045510N02409134EA009800102800502013343085
B0935276045514N02409174EA009810102600502113566074
B0935286045521N02409213EA009800102500502213800064
B0935296045532N02409249EA009790102400502314063053
B0935306045546N02409281EA009840102400502014171042
B0935316045562N02409307EA009870102500502014094032
B0935326045581N02409326EA009900102700502213815020
B0935336045601N02409337EA009940103100502113463009
B0935346045620N02409339EA009970103500502313079357
B0935356045639N02409334EA009990103900502312810345
B0935366045657N02409321EA009990104200502112564334
B0935376045673N02409301EA009980104300502012434322
B0935386045686N02409275EA009960104300501812339311
B0935396045697N02409245EA009950104200501912310299
LLXVBATT:21.5% (3.79V) 093540
B0935406045704N02409210EA009940104100502012314286
B0935416045708N02409173EA009930103900502112309275
B0935426045707N02409136EA009930103800501912387262
B0935436045703N02409099EA009930103700502112314250
B0935446045695N02409066EA009950103600502312172237
B0935456045684N02409037EA009980103700502311939224
B0935466045670N02409016EA010040103900502311699209
B0935476045654N02409003EA010070104400502111538194
B0935486045637N02408999EA010090104800502111451179
B0935496045620N02409004EA010130105200502111390163
B0935506045605N02409018EA010140105500502111486147
B0935516045591N02409041EA010140105700502111743132
B0935526045581N02409070EA010110105900502212050118
B0935536045574N02409105EA010090105800502012550106
B0935546045571N02409143EA010060105600501913097095
B0935556045571N02409184EA010070105300502013679083
B0935566045575N02409225EA010070105100502114009072
B0935576045583N02409265EA010090105000502114159061
F0935571008023227231424221703
B0935586045595N02409300EA010140105100502014171050
B0935596045610N02409330EA010150105300502114005038
B0936006045627N02409353EA010180105600502113739025
B0936016045646N02409367EA010210106000502013471013
B0936026045666N02409373EA010240106300502013296002
B0936036045686N02409370EA010260106600502113172350
B0936046045704N02409360EA010250106800502012989340
B0936056045722N02409343EA010230106900502112801327
B0936066045736N02409319EA010210106800501912727313
B0936076045748N02409288EA010190106700501912779301
B0936086045756N02409253EA010190106500502012752288
B0936096045760N02409215EA010190106300502012655276
B0936106045760N02409176EA010200106300502012534264
B0936116045757N02409139EA010210106300502212311254
B0936126045750N02409105EA010230106400502411988242
B0936136045740N02409075EA010270106600502311689230
B0936146045728N02409050EA010320106800502211472217
B0936156045714N02409033EA010350107100502011125204
B0936166045698N02409023EA010400107600502210823189
B0936176045682N02409022EA010420108000502010656173
B0936186045667N02409029EA010430108400501810587158
B0936196045653N02409045EA010420108700501710759143
B0936206045641N02409068EA010410108800501711109130
B0936216045632N02409096EA010380108700501711530116
B0936226045626N02409130EA010340108600501712017104
B0936236045623N02409167EA010310108300501812533092
B0936246045624N02409206EA010290107900501913324080
B0936256045629N02409246EA010280107600502013868070
B0936266045638N02409284EA010280107300502214135059
B0936276045651N02409320EA010310107200502214251049
B0936286045666N02409350EA010340107300502314229039
B0936296045683N02409374EA010370107500502014023027
B0936306045702N02409390EA010390107800502013920015
B0936316045723N02409397EA010430108100502013759003
B0936326045743N02409395EA010450108400502013510350
B0936336045762N02409384EA010460108600501913214338
B0936346045779N02409366EA010490108900501812925326
B0936356045794N02409342EA010500109200501912644314
B0936366045806N02409312EA010500109400502012374303
B0936376045814N02409279EA010520109500502112090291
B0936386045819N02409244EA010510109600501911806278
B0936396045820N02409209EA010500109600502011580266
B0936406045817N02409174EA010510109700501811420254
B0936416045810N02409142EA010520109600501911110242
B0936426045801N02409115EA010530109600502010896228
B0936436045789N02409092EA010560109700501910855215
B0936446045775N02409076EA010570109900501810747202
B0936456045760N02409067EA010590110000501910577189
B0936466045744N02409066EA010620110300501910566175
B0936476045729N02409072EA010630110500502010637162
B0936486045714N02409085EA010610110700502110787150
B0936496045701N02409105EA010620110800501911005138
B0936506045689N02409129EA010590110700501811189129
B0936516045680N02409157EA010560110600501611390120
B0936526045672N02409189EA010540110400501711616112
B0936536045667N02409222EA010500110200501711965104
B0936546045663N02409259EA010490109800501812445097
B0936556045661N02409298EA010480109500501913079093
B0936566045660N02409338EA010490109200502113341089
B0936576045661N02409379EA010520109200502013349086
B0936586045663N02409419EA010540109300502013160084
B0936596045665N02409459EA010570109600501912884082
B0937006045667N02409497EA010600109900501912596082
B0937016045670N02409535EA010630110200501912323083
B0937026045671N02409572EA010630110500501912028085
B0937036045672N02409608EA010610110700501911869088
B0937046045672N02409644EA010590110700501811856092
B0937056045671N02409681EA010560110500501711956095
B0937066045669N02409717EA010520110300501612174098
B0937076045666N02409754EA010500110000501612344101
B0937086045662N02409792EA010460109700501212604102
B0937096045657N02409829EA010410109300501012811104
B0937106045652N02409867EA010370108900502313055106
B0937116045646N02409906EA010330108500502413326107
B0937126045640N02409945EA010270108100502413606108
B0937136045633N02409984EA010250107700502613806110
B0937146045626N02410024EA010220107300502713846112
B0937156045617N02410063EA010170106900502813927114
B0937166045608N02410101EA010140106500502614066115
B0937176045599N02410140EA010070106100502414152117
B0937186045589N02410178EA010020105700502614313119
B0937196045578N02410217EA009990105300502514470120
B0937206045567N02410254EA009940104800502614635122
B0937216045555N02410292EA009900104400502714804124
B0937226045542N02410329EA009890104000503115007125
B0937236045529N02410366EA009880103700503315149126
B0937246045515N02410404EA009860103400503315173127
B0937256045501N02410440EA009870103300503015107127
B0937266045487N02410476EA009860103200503115046128
B0937276045473N02410512EA009870103200502914972129
B0937286045459N02410547EA009880103200503114822130
B0937296045444N02410580EA009880103200503214701131
B0937306045429N02410614EA009870103300502814613132
B0937316045415N02410646EA009870103300502914507133
B0937326045400N02410678EA009880103300502914420133
B0937336045385N02410710EA009900103300503114407134
B0937346045370N02410741EA009880103300503114345134
B0937356045355N02410773EA009880103300503014272134
B0937366045340N02410804EA009860103300502814188134
B0937376045325N02410835EA009870103300503014108134
B0937386045311N02410866EA009870103200502914060134
B0937396045296N02410896EA009870103200502813914134
B0937406045281N02410927EA009870103200502713828134
B0937416045267N02410957EA009850103200502713755134
B0937426045253N02410987EA009840103200502613735134
B0937436045238N02411017EA009830103000502613712134
B0937446045224N02411046EA009810102900502613690134
B0937456045210N02411076EA009810102800502613692134
B0937466045195N02411106EA009790102600502713692133
B0937476045181N02411137EA009770102500502513655133
B0937486045167N02411167EA009760102400502713669133
B0937496045153N02411197EA009760102200502713601133
B0937506045140N02411228EA009750102100503013569132
B0937516045126N02411258EA009730102000503113522132
B0937526045112N02411289EA009720101900502913465132
B0937536045099N02411319EA009710101800502913418132
B0937546045085N02411349EA009690101600502713400132
B0937556045072N02411379EA009680101500502613353132
B0937566045058N02411409EA009650101400502913337132
B0937576045044N02411439EA009630101200502813317132
B0937586045031N02411469EA009620101000502813356132
B0937596045017N02411498EA009590100800502713409133
B0938006045003N02411528EA009570100600502813440133
B0938016044990N02411558EA009560100300502813468133
B0938026044976N02411588EA009550100200502913451133
B0938036044962N02411618EA009540100000502913428133
B0938046044948N02411647EA009540099800502813407133
B0938056044934N02411677EA009520099700502613375133
B0938066044921N02411707EA009490099600502713339133
B0938076044907N02411736EA009490099500502613342133
B0938086044893N02411766EA009470099400502413424133
B0938096044879N02411795EA009450099300502513451134
B0938106044865N02411824EA009460099200502513459135
B0938116044851N02411853EA009460099100502313466135
B0938126044836N02411882EA009430098900502513447135
B0938136044822N02411910EA009420098800502413436136
B0938146044807N02411938EA009410098700502813442136
B0938156044792N02411966EA009410098600503213485137
B0938166044777N02411994EA009420098500502813497138
B0938176044763N02412022EA009410098500502913415138
B0938186044748N02412049EA009410098500502713293138
B0938196044733N02412075EA009440098500502513212139
B0938206044718N02412102EA009450098600502513117140
B0938216044703N02412127EA009480098800502413055140
B0938226044688N02412152EA009510099000502312952140
B0938236044673N02412177EA009550099300502212736140
B0938246044658N02412202EA009570099600502412461140
B0938256044644N02412226EA009620100000502512167139
B0938266044631N02412251EA009630100300502711968136
B0938276044619N02412277EA009650100700502411900132
B0938286044607N02412305EA009670100900502211988127
B0938296044597N02412336EA009680101000502012117120
B0938306044589N02412369EA009700101000502012174114
B0938316044582N02412403EA009730101200501712267107
B0938326044578N02412440EA009740101400501112335101
B0938336044575N02412477EA009760101600501612308094
B0938346044575N02412514EA009760101800501712396085
B0938356044578N02412552EA009760101900501812457075
B0938366044584N02412588EA009760101900501712547066
B0938376044593N02412621EA009760101900501012653056
B0938386044605N02412652EA009740101900501212940046
B0938396044619N02412679EA009720101800501713085039
B0938406044635N02412702EA009730101800501613310031
B0938416044653N02412721EA009720101600501613480023
B0938426044672N02412735EA009730101600501913588014
B0938436044692N02412742EA009730101500502013645006
B0938446044712N02412744EA009760101600501813551358
B0938456044732N02412741EA009790101700501913272351
B0938466044751N02412732EA009810101900501912903342
B0938476044769N02412718EA009840102200501912375333
B0938486044784N02412699EA009840102500501711992324
B0938496044798N02412675EA009840102800501611714315
B0938506044810N02412649EA009820102800501811565308
B0938516044819N02412620EA009800102800501711595299
B0938526044827N02412588EA009760102600501711563291
B0938536044831N02412554EA009730102400501711697282
B0938546044834N02412518EA009700102000501711862272
B0938556044833N02412482EA009690101600501712093263
B0938566044830N02412445EA009690101400501712320255
B0938576044824N02412410EA009670101300501812295248
B0938586044817N02412376EA009690101200501912195242
F093858100821023227231424221703010001
B0938596044807N02412344EA009700101200501812018237
B0939006044797N02412314EA009730101300501811817230
B0939016044785N02412288EA009740101400501611597225
B0939026044773N02412264EA009760101600501711410220
B0939036044759N02412242EA009770101800501711219215
B0939046044746N02412224EA009790102000501811011210
B0939056044731N02412209EA009800102100501810870204
B0939066044716N02412197EA009800102200501810711197
B0939076044700N02412190EA009810102300501810732188
B0939086044684N02412188EA009830102400502210756178
B0939096044668N02412193EA009820102400502410866166
B0939106044653N02412204EA009840102600502511086153
B0939116044639N02412223EA009830102700502511552139
B0939126044627N02412249EA009820102700502611935126
B0939136044619N02412281EA009840102700502712328111
B0939146044614N02412318EA009850102700502512735095
B0939156044615N02412357EA009850102700502313134080
B0939166044621N02412395EA009870102800502313485064
B0939176044632N02412430EA009890103000502213763049
B0939186044647N02412458EA009900103100502213857034
B0939196044666N02412478EA009940103300502113801020
B0939206044685N02412488EA009940103500502313665007
B0939216044705N02412488EA009950103700502213500354
B0939226044725N02412480EA009970103800502113202341
B0939236044742N02412463EA009970104000501912877328
B0939246044757N02412440EA009970104100502012642316
B0939256044769N02412411EA009950104100501812465303
B0939266044778N02412377EA009940104100502012321290
B0939276044782N02412341EA009920103900501912131277
B0939286044782N02412304EA009910103700502112021263
B0939296044778N02412269EA009890103500502011864250
B0939306044771N02412236EA009870103400502111760238
B0939316044760N02412208EA009880103200502211800225
B0939326044747N02412185EA009870103100502311815213
B0939336044731N02412168EA009860102900502311722201
B0939346044715N02412159EA009890102900502411540189
B0939356044698N02412157EA009910103000502111427178
B0939366044681N02412161EA009900103200502011438165
B0939376044665N02412174EA009910103300501911526151
B0939386044651N02412195EA009910103400501811728138
B0939396044639N02412221EA009900103400502011936126
B0939406044630N02412252EA009920103400501912180115
B0939416044623N02412287EA009940103400502112468104
B0939426044620N02412325EA009960103500502212658095
B0939436044620N02412364EA009990103600502112797084
B0939446044623N02412402EA010000103800502013000075
B0939456044630N02412440EA010000104100501913231065
B0939466044640N02412475EA010030104300501913406054
B0939476044653N02412506EA010060104400501913586042
B0939486044670N02412530EA010070104600501913627029
B0939496044688N02412546EA010100104900501813522015
B0939506044708N02412553EA010100105200501813583002
B0939516044728N02412550EA010080105300501713570350
B0939526044747N02412539EA010080105300501813478338
B0939536044765N02412520EA010060105200502013337326
B0939546044780N02412494EA010040105100501913168313
B0939556044792N02412463EA010040105000501813018300
B0939566044800N02412427EA010040104900501712749287
B0939576044804N02412390EA010050104900502012399275
B0939586044803N02412353EA010060104800502111978261
B0939596044798N02412318EA010070104900502111555247
B0940006044790N02412288EA010080105000502011276234
B0940016044779N02412262EA010080105100502211068222
B0940026044766N02412242EA010080105100502110996210
B0940036044751N02412228EA010110105200502010930200
B0940046044736N02412220EA010100105300502110852189
B0940056044720N02412217EA010100105300502110844178
B0940066044703N02412221EA010100105400502210966168
B0940076044688N02412230EA010110105400502311104159
B0940086044673N02412245EA010120105400502311252150
B0940096044659N02412264EA010120105400502111379141
B0940106044646N02412287EA010130105500501911407133
B0940116044635N02412314EA010130105600501911463124
B0940126044627N02412345EA010140105600501811573116
B0940136044620N02412377EA010130105700501811668110
B0940146044615N02412411EA010130105800501811768104
B0940156044611N02412447EA010100105700501611811097
B0940166044610N02412483EA010120105700501611975090
B0940176044611N02412520EA010110105700501012297084
B0940186044614N02412557EA010090105600501712635078
B0940196044619N02412595EA010100105500501912879071
B0940206044626N02412631EA010110105400501813108064
B0940216044635N02412666EA010130105400502013000057
B0940226044647N02412698EA010170105600501913020048
B0940236044661N02412725EA010190105800501812984039
B0940246044677N02412748EA010200106100501912964029
B0940256044695N02412764EA010240106300501812959017
B0940266044713N02412771EA010280106600501812756005
B0940276044732N02412770EA010300107000501712543352
B0940286044750N02412761EA010300107300501712285339
B0940296044766N02412744EA010290107500501712029325
B0940306044779N02412721EA010280107500502011829313
B0940316044790N02412692EA010250107400501911742300
B0940326044797N02412659EA010240107300502211768287
B0940336044801N02412624EA010190107000502211737275
B0940346044800N02412589EA010190106800502211714262
B0940356044796N02412554EA010180106500502011672249
B0940366044788N02412523EA010180106300502011599236
B0940376044777N02412496EA010220106200501911302225
B0940386044765N02412475EA010250106400501810864213
B0940396044751N02412460EA010280106600501810351201
B0940406044736N02412452EA010310107000501909931188
B0940416044722N02412451EA010300107300501709801175
LLXVBATT:21.6% (3.79V) 094042
B0940426044707N02412457EA010290107500501609863161
B0940436044694N02412470EA010280107500501710183147
B0940446044682N02412490EA010240107400501810714135
B0940456044671N02412516EA010190107100501811260125
B0940466044662N02412546EA010180106800501911887116
B0940476044655N02412580EA010170106500501812324107
B0940486044651N02412617EA010160106300501812727099
B0940496044649N02412656EA010180106100501712964091
B0940506044650N02412695EA010150106100501713084083
B0940516044653N02412735EA010170106000501713161076
B0940526044659N02412773EA010180106100501713219069
B0940536044666N02412810EA010190106100501713296064
B0940546044676N02412846EA010190106200501613319058
B0940556044687N02412879EA010210106300501613279052
B0940566044700N02412910EA010210106400501713214046
B0940576044714N02412938EA010230106500501913196041
B0940586044730N02412963EA010230106600501913243036
B0940596044746N02412986EA010250106600501813237032
B0941006044763N02413007EA010270106700501713197029
B0941016044780N02413026EA010310106900501613082024
B0941026044798N02413041EA010340107100501612864020
B0941036044816N02413053EA010360107400501812601014
B0941046044834N02413060EA010360107800501712402007
B0941056044853N02413062EA010360108100501612328358
B0941066044871N02413058EA010360108200501312383348
B0941076044889N02413048EA010340108100501612325339
B0941086044905N02413032EA010310108100501612140328
B0941096044919N02413010EA010280107900501711891318
B0941106044931N02412984EA010240107600501811720306
B0941116044940N02412953EA010210107300501911526293
B0941126044945N02412920EA010170106900501911311280
B0941136044946N02412886EA010140106500502011095266
B0941146044943N02412853EA010090106200502110894252
B0941156044936N02412823EA010070105900502010736237
B0941166044926N02412798EA010040105500502110679223
B0941176044913N02412779EA010020105200502110775208
B0941186044899N02412767EA010010104900502110940196
B0941196044883N02412760EA010030104700501910956185
B0941206044866N02412760EA010050104700501910991174
B0941216044850N02412766EA010060104800501810937164
B0941226044835N02412778EA010110105000501910981153
B0941236044821N02412796EA010130105200502011092142
B0941246044809N02412819EA010140105500501811075132
B0941256044799N02412846EA010170105700501911048123
B0941266044791N02412875EA010180105900501911243116
B0941276044784N02412907EA010170106000501711433111
B0941286044778N02412939EA010190106100501711497109
B0941296044772N02412972EA010190106200501611475111
B0941306044765N02413004EA010180106300501511248115
B0941316044757N02413034EA010190106300501411201119
B0941326044748N02413063EA010170106300501011103122
B0941336044739N02413091EA010170106200501311079126
B0941346044729N02413118EA010160106100501311148128
B0941356044718N02413145EA010160106000501311242129
B0941366044708N02413171EA010150105900501111302130
B0941376044697N02413197EA010150105900501411337130
B0941386044686N02413224EA010140105900501311392129
B0941396044675N02413251EA010120105800501511432128
B0941406044664N02413279EA010120105700501511482128
B0941416044654N02413306EA010110105600501511539128
B0941426044643N02413334EA010080105500501011617128
B0941436044632N02413362EA010090105400501411661128
B0941446044621N02413389EA010070105200501311692129
B0941456044610N02413417EA010070105100501211677130
B0941466044599N02413444EA010080105000501711614129
B0941476044588N02413471EA010070105100501611457129
B0941486044577N02413498EA010060105100501011341128
B0941496044567N02413525EA010040105100501611298128
B0941506044556N02413553EA010020105000501711327127
B0941516044546N02413580EA009980104900501711410128
B0941526044535N02413607EA009950104600501611510128
B0941536044525N02413636EA009930104300501611773127
B0941546044514N02413664EA009910104000501612041127
B0941556044503N02413694EA009890103700501612248126
B0941566044492N02413724EA009880103500501812271126
B0941576044481N02413754EA009890103300501712340126
B0941586044470N02413785EA009910103300501712356125
B0941596044459N02413815EA009930103300501712195126
F094159100821023227231424221703010000
B0942006044449N02413844EA009970103500502011906127
B0942016044437N02413872EA010000103800501811496131
B0942026044426N02413897EA010040104100501711049135
B0942036044414N02413919EA010070104500501810605141
B0942046044401N02413938EA010110104900501710310145
B0942056044388N02413954EA010130105200501710073150
B0942066044375N02413967EA010140105500502409852158
B0942076044361N02413975EA010150105700502509776169
B0942086044346N02413978EA010130105700502209794181
B0942096044332N02413974EA010120105700501909896194
B0942106044318N02413963EA010110105600502010056208
B0942116044306N02413945EA010090105400502010363220
B0942126044295N02413922EA010060105200502110573230
B0942136044286N02413895EA010040105000502110834242
B0942146044280N02413864EA010040104800602210966255
B0942156044278N02413831EA010030104600602111077267
B0942166044279N02413798EA010050104600602111132280
B0942176044283N02413765EA010050104700601911192291
B0942186044291N02413735EA010070104700601611220302
B0942196044301N02413708EA010060104700601011248312
B0942206044313N02413684EA010070104800501411428321
B0942216044328N02413664EA010060104800501511725329
B0942226044343N02413647EA010050104800501212001335
B0942236044360N02413633EA010040104700501712190340
B0942246044378N02413622EA010030104600501712475344
B0942256044396N02413612EA010020104500501612735347
B0942266044415N02413604EA010010104400501212882349
B0942276044434N02413598EA010010104300501613072350
B0942286044453N02413591EA009990104300601613150351
B0942296044473N02413586EA009990104200601613226351
B0942306044492N02413580EA009960104100501613289351
B0942316044512N02413574EA009930104000501213464351
B0942326044532N02413568EA009910103800501613658352
B0942336044552N02413563EA009890103600501713907352
B0942346044573N02413557EA009860103300501914061352
B0942356044594N02413552EA009870103200501914184352
B0942366044615N02413546EA009850103000501914268352
B0942376044636N02413541EA009840102900501914241352
B0942386044657N02413535EA009830102700502214246352
B0942396044679N02413529EA009850102700502714176352
B0942406044700N02413524EA009850102700503114068353
B0942416044720N02413519EA009860102800503113866353
B0942426044741N02413514EA009870102900502513758353
B0942436044761N02413509EA009870103000502113654353
B0942446044782N02413505EA009870103100501913672353
B0942456044802N02413500EA009850103100501913677353
B0942466044822N02413495EA009850103000501713762353
B0942476044843N02413491EA009830102900502013859353
B0942486044863N02413486EA009820102800501913946353
B0942496044884N02413481EA009780102700502014068353
B0942506044905N02413476EA009750102500502114151353
B0942516044926N02413471EA009690102200502214341353
B0942526044948N02413467EA009640101900502414577353
B0942536044970N02413462EA009590101400502314824354
B0942546044992N02413457EA009570100800502215309353
B0942556045015N02413452EA009540100400502215601353
B0942566045038N02413446EA009560100100502415749352
B0942576045062N02413439EA009560099900502515781351
B0942586045085N02413431EA009560099900502815727349
B0942596045108N02413422EA009590100000503215596348
B0943006045130N02413412EA009650100200502915488346
B0943016045153N02413400EA009700100500502715338345
B0943026045175N02413388EA009730100900502515028344
B0943036045196N02413376EA009750101400502414733343
B0943046045217N02413363EA009770101700502314447342
B0943056045237N02413350EA009790102000502214252341
B0943066045257N02413335EA009800102200502414118339
B0943076045277N02413320EA009800102300502514037337
B0943086045296N02413303EA009790102400502414097334
B0943096045315N02413284EA009790102400502414151332
B0943106045334N02413263EA009800102400502214296330
B0943116045352N02413240EA009810102400502114366328
B0943126045370N02413217EA009840102500502214337326
B0943136045388N02413192EA009820102600502314174324
B0943146045405N02413167EA009820102700502014048323
B0943156045422N02413141EA009810102800502013941321
B0943166045438N02413114EA009790102800501913953319
B0943176045453N02413085EA009780102700502014037317
B0943186045469N02413055EA009760102500501914227314
B0943196045483N02413023EA009730102300501914435311
B0943206045497N02412989EA009720102100502114569308
B0943216045510N02412954EA009690101800502114598305
B0943226045523N02412917EA009670101700502014572303
B0943236045534N02412880EA009680101500502214509302
B0943246045546N02412842EA009670101400502014549301
B0943256045557N02412804EA009690101400502114452300
B0943266045568N02412766EA009670101400502414334299
B0943276045578N02412728EA009660101400502414209298
B0943286045588N02412690EA009660101300502514167297
B0943296045598N02412651EA009650101200502614145297
B0943306045608N02412613EA009630101100503014169296
B0943316045617N02412574EA009610101000502614130296
B0943326045626N02412536EA009600100800502914174296
B0943336045636N02412497EA009590100700502814223297
B0943346045646N02412458EA009560100500502814229297
B0943356045656N02412420EA009540100400502914166298
B0943366045666N02412382EA009520100300502814230298
B0943376045676N02412343EA009480100000502814273297
B0943386045686N02412305EA009460099800502514359297
B0943396045696N02412265EA009430099500502314502297
B0943406045706N02412226EA009400099100502214581297
B0943416045716N02412187EA009380098900502514712298
B0943426045726N02412147EA009360098600502614800298
B0943436045737N02412108EA009340098400502514868299
B0943446045748N02412068EA009340098100502414887300
B0943456045760N02412029EA009340098000502614871301
B0943466045772N02411991EA009300097900502514878302
B0943476045784N02411953EA009270097800502114876303
B0943486045796N02411915EA009260097600502514943304
B0943496045809N02411877EA009230097300502615060304
B0943506045822N02411839EA009190097000502615104304
B0943516045834N02411801EA009180096800502915183303
B0943526045847N02411762EA009180096500502815245302
B0943536045859N02411722EA009160096300502815247302
B0943546045871N02411683EA009150096200503115172302
B0943556045883N02411644EA009140096100502815157301
B0943566045895N02411604EA009120096000502715182301
B0943576045907N02411565EA009110095900502615216300
B0943586045918N02411524EA009100095700502615233300
B0943596045929N02411484EA009100095600502515192299
B0944006045941N02411444EA009080095500502715190299
B0944016045952N02411403EA009060095400502915179298
B0944026045962N02411362EA009050095300502915184298
B0944036045973N02411321EA009040095100503015221298
B0944046045984N02411280EA009010095000503015278297
B0944056045994N02411239EA009000094900502715323297
B0944066046005N02411197EA009000094800502715388296
B0944076046015N02411155EA008970094600502615423296
B0944086046025N02411113EA008970094400503015485296
B0944096046036N02411070EA008970094300502715527296
B0944106046046N02411028EA008970094200502815462296
B0944116046056N02410985EA008970094200502915373295
B0944126046066N02410943EA008970094300503115308295
B0944136046076N02410901EA008970094300503115243295
B0944146046086N02410859EA008960094300503015178295
B0944156046096N02410818EA008970094300502815103295
B0944166046105N02410776EA008980094300502715108296
B0944176046115N02410735EA008940094300502715071296
B0944186046125N02410693EA008940094200502615091296
B0944196046136N02410652EA008930094000502515174296
B0944206046146N02410611EA008920093900502515218296
B0944216046156N02410569EA008890093800502715276296
B0944226046166N02410527EA008890093700503015331296
B0944236046176N02410485EA008870093600503015299296
B0944246046187N02410443EA008850093400502715289296
B0944256046197N02410402EA008820093300502815276296
B0944266046207N02410360EA008810093100502815308296
B0944276046217N02410318EA008780092900502815305296
B0944286046227N02410276EA008780092700502715340295
B0944296046237N02410233EA008810092600503015319295
B0944306046247N02410191EA008830092600502915159295
B0944316046257N02410150EA008830092700502814979295
B0944326046266N02410109EA008840092900502914849295
B0944336046276N02410068EA008830092900502914765295
B0944346046286N02410028EA008830093000502714754296
B0944356046295N02409987EA008810093000502514769296
B0944366046305N02409947EA008790092900502514742296
B0944376046315N02409906EA008780092800502714810296
B0944386046325N02409866EA008720092600502714913296
B0944396046335N02409824EA008730092400502515083295
B0944406046345N02409783EA008730092200502615219296
B0944416046355N02409741EA008710092000502715221296
B0944426046365N02409699EA008690091900502615277296
B0944436046375N02409658EA008710091800502715284296
B0944446046386N02409616EA008690091800502715306297
B0944456046396N02409575EA008700091700502715369297
B0944466046407N02409533EA008690091600502715396298
B0944476046418N02409492EA008670091600502715354298
B0944486046429N02409451EA008700091600502715351299
B0944496046440N02409410EA008690091700502615290299
B0944506046452N02409369EA008710091700503015235299
B0944516046463N02409329EA008720091700502615160299
B0944526046474N02409289EA008730091800503115045300
B0944536046486N02409250EA008740091900502914935300
B0944546046497N02409211EA008760092000502614779301
B0944556046508N02409172EA008770092200502514674301
B0944566046520N02409135EA008800092300502714577302
B0944576046532N02409097EA008820092500502514452303
B0944586046544N02409061EA008830092700502414298303
B0944596046556N02409024EA008840092800502714135303
B0945006046567N02408989EA008850092900503114040304
F0945001008210232271424221703
B0945016046580N02408953EA008840093000502914044305
B0945026046592N02408919EA008840093100502814029306
B0945036046605N02408885EA008860093100502514023307
B0945046046618N02408851EA008840093200502214026308
B0945056046631N02408818EA008840093200502214009309
B0945066046644N02408785EA008860093200501914035310
B0945076046658N02408752EA008870093200501713992310
B0945086046671N02408720EA008870093300501813955311
B0945096046685N02408688EA008880093400502013887312
B0945106046699N02408657EA008880093500502013776312
B0945116046713N02408626EA008880093500502113765312
B0945126046727N02408595EA008890093400502313741312
B0945136046741N02408563EA008870093400502513703311
B0945146046754N02408532EA008870093400502313668311
B0945156046768N02408501EA008850093400502313617311
B0945166046781N02408470EA008850093300502513674313
B0945176046796N02408440EA008820093200502713782315
B0945186046811N02408411EA008770093000502714039318
B0945196046827N02408383EA008740092700502714285320
B0945206046844N02408356EA008710092400502314505324
B0945216046862N02408331EA008670092100502414726327
B0945226046881N02408308EA008640091700502614962330
B0945236046901N02408287EA008600091400503015214334
B0945246046922N02408267EA008590091100502615386336
B0945256046943N02408250EA008560090800502715499338
B0945266046965N02408233EA008520090500502715637339
B0945276046987N02408216EA008490090200502515824339
B0945286047010N02408200EA008460089800502515999340
B0945296047032N02408183EA008440089500502716138340
B0945306047055N02408166EA008450089200502616209340
B0945316047078N02408150EA008450089100502516184340
B0945326047101N02408134EA008450089100502916159341
B0945336047123N02408118EA008460089000503116114341
B0945346047146N02408103EA008470089100503016020342
B0945356047169N02408088EA008460089100502915968342
B0945366047192N02408073EA008470089200503015898342
B0945376047214N02408059EA008460089200502815790343
B0945386047237N02408045EA008450089200502715709343
B0945396047259N02408032EA008480089200502715649344
B0945406047282N02408019EA008460089200502715563344
B0945416047304N02408007EA008460089200502815421345
B0945426047326N02407995EA008510089300502815293345
B0945436047348N02407983EA008530089400502915173346
LLXVBATT:21.7% (3.79V) 094544
B0945446047370N02407972EA008560089600502815053346
B0945456047392N02407961EA008570089800502914869346
B0945466047414N02407950EA008590090000503014696345
B0945476047435N02407939EA008620090200503014563345
B0945486047456N02407928EA008660090500503114378345
B0945496047476N02407918EA008680090800503014119346
B0945506047497N02407908EA008710091100502613845347
B0945516047517N02407899EA008760091400502813579347
B0945526047536N02407890EA008800091800502613290347
B0945536047556N02407881EA008820092200502713054347
B0945546047574N02407873EA008840092500502312847348
B0945556047593N02407866EA008860092700502012747349
B0945566047612N02407859EA008850092900501712653350
B0945576047631N02407853EA008870093000501712632350
B0945586047649N02407847EA008860093100501812636351
B0945596047668N02407841EA008860093100501912647352
B0946006047687N02407837EA008840093100502212757353
B0946016047706N02407832EA008830092900502213044354
B0946026047726N02407829EA008830092800502013210354
B0946036047745N02407825EA008840092700501813253355
B0946046047765N02407822EA008840092700501613287356
B0946056047785N02407819EA008850092800501813281356
B0946066047805N02407817EA008860092800502013230357
B0946076047824N02407815EA008860092900501913228358
B0946086047844N02407814EA008860093000501713110359
B0946096047864N02407814EA008870093000501613011000
B0946106047883N02407815EA008860093100502013018001
B0946116047903N02407816EA008820093000502313092001
B0946126047922N02407818EA008800092800502113284002
B0946136047942N02407819EA008780092600501913567002
B0946146047963N02407821EA008760092400502013763003
B0946156047983N02407824EA008770092200501913935003
B0946166048004N02407826EA008760092000502014034003
B0946176048025N02407828EA008750092000502314011003
B0946186048046N02407831EA008750091900502314027002
B0946196048067N02407833EA008750091900502413946002
B0946206048088N02407835EA008730091800502213917003
B0946216048109N02407837EA008720091800502213926003
B0946226048129N02407840EA008700091700502213962003
B0946236048150N02407843EA008680091500502014046004
B0946246048171N02407846EA008660091400501814098004
B0946256048192N02407850EA008640091100501914173004
B0946266048213N02407853EA008620090900502114258004
B0946276048235N02407857EA008590090700502114281005
B0946286048256N02407861EA008560090500502214412005
B0946296048278N02407866EA008520090200602014601006
B0946306048299N02407871EA008510089900502014782006
B0946316048321N02407876EA008490089700502114952007
B0946326048344N02407883EA008480089500502015104008
B0946336048366N02407889EA008480089400502315201008
B0946346048388N02407896EA008460089300502115165009
B0946356048411N02407904EA008460089200502015189009
B0946366048433N02407911EA008480089100501915262009
B0946376048456N02407919EA008510089200501815178009
B0946386048478N02407926EA008530089300501915027009
B0946396048500N02407934EA008590089500502214750009
B0946406048521N02407942EA008620089900502414411010
B0946416048542N02407950EA008670090300502114076010
B0946426048563N02407957EA008710090800502213714010
B0946436048583N02407965EA008730091200502113381011
B0946446048602N02407973EA008760091600501913144011
B0946456048621N02407981EA008760091900501712961011
B0946466048640N02407989EA008760092100501112891012
B0946476048659N02407998EA008770092200501612964013
B0946486048678N02408008EA008770092200501213111014
B0946496048697N02408018EA008760092200501313228014
B0946506048716N02408029EA008750092200501813298015
B0946516048735N02408040EA008750092200501913331014
B0946526048755N02408050EA008740092100501713351014
B0946536048774N02408060EA008730092000501613392013
B0946546048793N02408069EA008730091900501713464013
B0946556048813N02408079EA008720091800501613513012
B0946566048833N02408088EA008700091700501713540012
B0946576048852N02408097EA008690091600501913464012
B0946586048872N02408106EA008660091400501813393011
B0946596048892N02408114EA008610091200501913474010
B0947006048912N02408121EA008580091000501913681010
B0947016048932N02408128EA008530090500502013941009
B0947026048953N02408136EA008490090100502114263010
B0947036048974N02408145EA008450089600501914690012
B0947046048996N02408154EA008430089100501815030012
B0947056049018N02408165EA008430088800502015300013
B0947066049040N02408175EA008450088600502015339013
B0947076049062N02408186EA008460088600502115277013
B0947086049084N02408197EA008500088800502615082013
B0947096049106N02408208EA008530089000502614869013
B0947106049127N02408218EA008560089400502414575013
B0947116049148N02408228EA008600089700502114381013
B0947126049169N02408239EA008620090000502014168013
B0947136049190N02408249EA008640090300501813987014
B0947146049210N02408260EA008660090600501613786014
B0947156049230N02408270EA008710090900501613677014
B0947166049249N02408280EA008730091200501613632013
B0947176049269N02408289EA008760091500501713703012
B0947186049289N02408298EA008790091800501713639011
B0947196049309N02408306EA008800092100501613476010
B0947206049329N02408313EA008800092300501613378009
B0947216049349N02408319EA008830092500501213293007
B0947226049369N02408323EA008850092600501313178004
B0947236049388N02408325EA008870092700501513026000
B0947246049407N02408324EA008870092900501712898354
B0947256049426N02408317EA008870092900502012735346
B0947266049444N02408306EA008890093000502012579338
B0947276049461N02408290EA008900093000502212415333
B0947286049477N02408272EA008910093100501912243330
B0947296049493N02408254EA008920093200501712131329
B0947306049509N02408235EA008940093400501112123329
B0947316049524N02408216EA008940093500501412122329
B0947326049540N02408197EA008980093700501212166330
B0947336049556N02408179EA009000093900501612172330
B0947346049571N02408161EA009030094100501711963331
B0947356049587N02408144EA009090094500502111722331
B0947366049602N02408126EA009120094800502211417329
B0947376049616N02408107EA009140095200502311088322
B0947386049628N02408085EA009120095500502110803312
B0947396049637N02408058EA009120095700502010560298
B0947406049643N02408029EA009100095700501810428283
B0947416049645N02407997EA009060095600501910470269
B0947426049642N02407966EA009050095400501810612254
B0947436049636N02407936EA009020095200501810856238
B0947446049626N02407910EA009020094900501910987224
B0947456049613N02407890EA009010094700502011187209
B0947466049598N02407876EA009010094500502111170195
B0947476049581N02407871EA009000094400501911126181
B0947486049565N02407875EA009010094300501911172167
B0947496049549N02407886EA008990094300502011294153
B0947506049535N02407905EA008980094300502011596139
B0947516049523N02407931EA008980094300501911840127
B0947526049513N02407962EA008960094200501812133117
B0947536049507N02407997EA008950094100502012475106
B0947546049503N02408035EA008980094000501912832095
B0947556049503N02408074EA008970094000501913089085
B0947566049506N02408114EA009010094000502113141076
B0947576049512N02408152EA009050094200501913080067
B0947586049521N02408187EA009090094500501912864059
B0947596049531N02408220EA009120094900501812497053
B0948006049543N02408249EA009170095400501612214049
B0948016049555N02408276EA009170095800501612124044
B0948026049569N02408301EA009160096100501412187038
B0948036049583N02408323EA009170096200501612324033
B0948046049599N02408343EA009160096100501112541029
B0948056049616N02408361EA009150096100501612706025
B0948066049634N02408376EA009170096100501012802020
B0948076049652N02408389EA009190096100501612843016
B0948086049670N02408398EA009200096200501012767012
B0948096049689N02408405EA009240096300501912564007
B0948106049707N02408408EA009250096500501812226001
B0948116049725N02408406EA009270096700501711956353
B0948126049743N02408400EA009270096800501711761346
B0948136049759N02408389EA009260097000501811620339
B0948146049775N02408374EA009240097000501711582331
B0948156049790N02408356EA009230096900501711652324
B0948166049803N02408334EA009240096800501711717319
B0948176049816N02408308EA009250096700501811642310
B0948186049826N02408280EA009210096700502011500300
B0948196049833N02408248EA009200096700502311431289
B0948206049838N02408214EA009200096400502311645282
B0948216049840N02408179EA009240096300502211574275
B0948226049841N02408144EA009280096400502611170268
B0948236049840N02408111EA009320096700502410611264
B0948246049838N02408079EA009370097100502010177265
B0948256049838N02408048EA009370097500502109916270
B0948266049839N02408018EA009360097800502209920275
B0948276049841N02407988EA009340097900502010088280
B0948286049844N02407957EA009310097900501910404284
B0948296049848N02407926EA009260097600501910812288
B0948306049854N02407894EA009230097300501811260292
B0948316049861N02407862EA009210096900501811630295
B0948326049869N02407830EA009180096500501811895298
B0948336049878N02407799EA009150096200502012167301
B0948346049888N02407767EA009130095900502112348304
B0948356049899N02407736EA009110095600502012610307
B0948366049911N02407706EA009090095400501912801309
B0948376049924N02407676EA009090095200501812944312
B0948386049937N02407647EA009090095100501812996314
B0948396049951N02407619EA009120095100502012913315
B0948406049964N02407592EA009110095100501912778316
B0948416049979N02407566EA009120095300501812657318
B0948426049993N02407540EA009120095300501712546319
B0948436050007N02407515EA009110095400502012489319
B0948446050021N02407491EA009070095400502112454319
B0948456050035N02407466EA009060095400502212532319
B0948466050050N02407441EA009030095200502112637319
B0948476050064N02407416EA008980094900502212819319
B0948486050079N02407390EA008960094600502012912319
B0948496050093N02407364EA008940094300501913023319
B0948506050108N02407338EA008940094000502013123319
B0948516050123N02407312EA008930093800502313206319
B0948526050138N02407286EA008930093700502513150319
B0948536050153N02407259EA008930093700502413064318
B0948546050168N02407233EA008950093700502412982318
B0948556050182N02407207EA008950093800502212846319
B0948566050197N02407182EA008950093900502212807319
B0948576050211N02407156EA008970094000502012705319
B0948586050226N02407131EA008990094100502112700319
B0948596050240N02407106EA008970094200501912673319
B0949006050254N02407081EA009000094200502212613319
B0949016050269N02407056EA008980094300502512590319
B0949026050283N02407031EA008970094300502212572319
B0949036050298N02407006EA008970094200502212603321
B0949046050313N02406983EA008960094200502312641323
B0949056050328N02406960EA008930094100502512736324
B0949066050344N02406938EA008930094000502212929326
B0949076050360N02406917EA008910093800502113200328
B0949086050377N02406896EA008890093700501913431331
B0949096050395N02406877EA008890093500502013492332
B0949106050413N02406858EA008860093400502613560333
B0949116050431N02406840EA008850093200502513591333
B0949126050450N02406821EA008840093100502413623333
B0949136050468N02406802EA008820092900502013692332
B0949146050486N02406783EA008810092800501913721332
B0949156050504N02406764EA008800092700501713703332
B0949166050522N02406744EA008790092600501613764332
B0949176050541N02406725EA008780092400501713869333
B0949186050560N02406707EA008790092300502213961335
B0949196050579N02406689EA008780092400502114010335
B0949206050598N02406672EA008800092400502314121337
B0949216050618N02406656EA008810092400502214137338
B0949226050637N02406641EA008800092500502114036340
B0949236050657N02406628EA008800092500502113992342
B0949246050677N02406615EA008790092500502513967343
B0949256050697N02406603EA008780092500502613985344
B0949266050717N02406592EA008790092400502514083344
B0949276050738N02406581EA008790092300602414262345
F09492710082102321424221703
B0949286050759N02406570EA008790092200602414280346
B0949296050779N02406560EA008780092300602414306346
B0949306050800N02406550EA008780092300602414293347
B0949316050821N02406540EA008760092200602414287347
B0949326050842N02406531EA008720092200602514363347
B0949336050863N02406522EA008710092000602514431348
B0949346050884N02406513EA008660091800602614560347
B0949356050906N02406503EA008640091400602914742347
B0949366050927N02406494EA008600091100602714888347
B0949376050949N02406483EA008580090700602615137346
B0949386050971N02406473EA008560090400602515305346
B0949396050993N02406461EA008570090200602315393345
B0949406051016N02406449EA008570090100602315434345
B0949416051038N02406437EA008560090100602415392344
B0949426051060N02406424EA008570090100602615354344
B0949436051082N02406411EA008540090000602515374343
B0949446051104N02406397EA008530089900602815507342
B0949456051126N02406383EA008520089700602615497342
B0949466051149N02406369EA008510089600602615550341
B0949476051171N02406354EA008500089600602315542341
B0949486051193N02406338EA008520089500602515559341
B0949496051215N02406323EA008500089500602415507340
B0949506051236N02406307EA008510089500602415516340
B0949516051258N02406291EA008500089400602415469339
B0949526051280N02406274EA008490089400602515467339
B0949536051301N02406257EA008460089300602815381338
B0949546051323N02406240EA008460089200603015379337
B0949556051344N02406221EA008410089000602915420336
B0949566051365N02406202EA008380088800502815477336
B0949576051386N02406183EA008390088600502515551335
B0949586051407N02406162EA008360088300502515518333
B0949596051428N02406141EA008340088100502415544332
B0950006051448N02406118EA008310087900502215585330
B0950016051469N02406094EA008280087700502115602328
B0950026051488N02406069EA008250087400502115653327
B0950036051508N02406042EA008240087100502315685326
B0950046051527N02406016EA008230086900502715689325
B0950056051547N02405988EA008210086700502615645324
B0950066051566N02405960EA008220086500503015521324
B0950076051584N02405933EA008220086500502715417323
B0950086051603N02405905EA008210086500502715314323
B0950096051621N02405876EA008230086500502715225322
B0950106051639N02405848EA008230086600502415090322
B0950116051657N02405820EA008220086600502615036322
B0950126051675N02405792EA008220086700502614987322
B0950136051693N02405764EA008230086700502614915322
B0950146051710N02405736EA008220086700502514885321
B0950156051728N02405708EA008200086700502414828321
B0950166051745N02405679EA008180086600502314806320
B0950176051762N02405650EA008140086500502514803320
B0950186051779N02405621EA008140086300502414774320
B0950196051796N02405592EA008120086100502314710319
B0950206051813N02405563EA008100085900502414697319
B0950216051829N02405534EA008110085800502514626319
B0950226051846N02405504EA008120085700502514525318
B0950236051862N02405475EA008110085700502314366318
B0950246051878N02405447EA008100085700502314206319
B0950256051894N02405418EA008100085800502114120319
B0950266051910N02405390EA008090085700501914061318
B0950276051926N02405361EA008090085700502214006318
B0950286051941N02405333EA008060085500502114054317
B0950296051957N02405303EA008030085300502114099317
B0950306051972N02405274EA008040085200502314152316
B0950316051988N02405244EA008040085100502414132316
B0950326052003N02405215EA008030085100502614102316
B0950336052019N02405185EA008050085100502314113317
B0950346052034N02405156EA008030085100502314195317
B0950356052050N02405126EA007990084900502514350317
B0950366052065N02405096EA008000084800502614492316
B0950376052081N02405065EA008000084600502614555316
B0950386052097N02405034EA008040084600503114548316
B0950396052112N02405003EA008070084700503214456315
B0950406052128N02404973EA008130085000503014119315
B0950416052143N02404943EA008190085500502713608316
B0950426052157N02404915EA008270086100502513043316
B0950436052171N02404888EA008300086700502112554317
B0950446052185N02404862EA008320087300502212191317
B0950456052198N02404837EA008360087700502211932317
LLXVBATT:21.8% (3.79V) 095046
B0950466052211N02404813EA008340087900502011753318
B0950476052224N02404789EA008330088100502011681318
B0950486052237N02404766EA008320088100501711746318
B0950496052251N02404742EA008290088000501911858319
B0950506052264N02404719EA008240087800502312154320
B0950516052279N02404695EA008230087500502412476321
B0950526052294N02404671EA008210087100502212853323
B0950536052309N02404648EA008170086900502213105324
B0950546052326N02404624EA008180086600502413297325
B0950556052342N02404601EA008170086500502313360326
B0950566052359N02404579EA008150086300502113413327
B0950576052376N02404558EA008150086200502313422329
B0950586052393N02404537EA008130086100502213457331
B0950596052411N02404517EA008110086000502113536332
B0951006052429N02404498EA008080085800502313744333
B0951016052448N02404479EA008070085600502113962333
B0951026052467N02404460EA008050085400502514072334
B0951036052486N02404442EA008040085200502414148335
B0951046052505N02404424EA007990085000502214292336
B0951056052525N02404407EA007960084700502114514336
B0951066052545N02404389EA007940084400502114718337
B0951076052566N02404373EA007940084100502014863339
B0951086052586N02404357EA007940083900502114942339
B0951096052607N02404341EA007940083800502414957340
B0951106052628N02404325EA007930083700502314899340
B0951116052649N02404310EA007910083700502414885340
B0951126052670N02404294EA007890083600502414840340
B0951136052691N02404279EA007870083500502214816339
B0951146052712N02404262EA007840083200502214904338
B0951156052733N02404246EA007830083000502314886338
B0951166052753N02404229EA007780082700502215024338
B0951176052774N02404212EA007740082300502415127338
B0951186052795N02404194EA007720081900502315236338
B0951196052817N02404177EA007710081600502615264338
B0951206052838N02404160EA007690081300502915269338
B0951216052859N02404142EA007670081000503015192337
B0951226052880N02404125EA007670080900502915172338
B0951236052901N02404108EA007670080800502915070339
B0951246052922N02404092EA007680080800502815047339
B0951256052943N02404076EA007680080900502714945340
B0951266052964N02404061EA007680080800502514884341
B0951276052985N02404047EA007680080900502414823342
B0951286053006N02404033EA007670080800502414828342
B0951296053028N02404020EA007660080800502214826343
B0951306053049N02404007EA007660080800502414818343
B0951316053070N02403995EA007660080700502314855344
B0951326053092N02403983EA007650080700502414765345
B0951336053113N02403972EA007670080700502714790345
B0951346053134N02403961EA007680080700602814740346
B0951356053156N02403951EA007680080800603014656347
B0951366053177N02403941EA007730080900602814511347
B0951376053198N02403931EA007760081200602914268347
B0951386053219N02403921EA007780081500602814017347
B0951396053239N02403912EA007800081800602613808347
B0951406053259N02403903EA007810082000602513614347
B0951416053279N02403893EA007830082200502913449347
B0951426053298N02403885EA007860082400502513236347
B0951436053317N02403876EA007880082700502213014348
B0951446053336N02403868EA007900082900502512859348
B0951456053355N02403861EA007940083100502312625349
B0951466053373N02403854EA007990083400502212385347
B0951476053391N02403844EA008040083700502412009342
B0951486053407N02403831EA008070084100502011514334
B0951496053422N02403813EA008080084500501911049323
B0951506053434N02403791EA008090084900501710687310
B0951516053443N02403764EA008110085100501410324298
B0951526053448N02403735EA008100085200501310098284
B0951536053450N02403705EA008090085300501509980271
B0951546053449N02403675EA008090085300501610067258
B0951556053444N02403645EA008090085200501610110246
B0951566053437N02403619EA008100085100501710086233
B0951576053427N02403597EA008110085100501809962219
B0951586053414N02403581EA008130085200501709659203
B0951596053401N02403573EA008140085400502009424186
B0952006053387N02403575EA008140085600501909391168
B0952016053374N02403585EA008140085700501809627151
B0952026053362N02403603EA008130085700501810049135
B0952036053352N02403627EA008120085700501710609121
B0952046053345N02403657EA008100085600501711121109
B0952056053341N02403691EA008090085500501711622098
B0952066053340N02403727EA008110085400501611909088
B0952076053342N02403763EA008140085300501712114078
B0952086053347N02403799EA008150085400501612221070
B0952096053355N02403833EA008200085600501612166062
B0952106053364N02403865EA008210085900501712036053
B0952116053376N02403892EA008230086200501711887044
B0952126053390N02403916EA008250086500501611853035
B0952136053405N02403934EA008240086700501611801026
B0952146053421N02403948EA008220086700501111811017
B0952156053438N02403956EA008220086700501611869008
B0952166053456N02403958EA008210086600501611947000
B0952176053474N02403956EA008200086500501512066353
B0952186053491N02403950EA008220086400501612083345
B0952196053508N02403938EA008210086400501212034337
B0952206053524N02403922EA008210086400501511897329
B0952216053539N02403902EA008260086400501111715321
B0952226053552N02403878EA008270086600501511343313
B0952236053562N02403851EA008300086800501610804303
B0952246053569N02403823EA008340087100501710178291
B0952256053573N02403793EA008350087500501609669279
B0952266053574N02403764EA008340087700501709321266
B0952276053571N02403737EA008330087900501009142252
B0952286053566N02403711EA008300087900501009112239
F0952281008210232271424221703
B0952296053558N02403689EA008270087700501009143227
B0952306053548N02403670EA008270087400501609283215
B0952316053535N02403657EA008260087200501209581202
B0952326053522N02403648EA008260087000501609777190
B0952336053507N02403645EA008270087000501509861179
B0952346053493N02403649EA008290087000501809810168
B0952356053479N02403658EA008300087000501609797155
B0952366053466N02403673EA008330087200501609756143
B0952376053456N02403694EA008340087500501609917129
B0952386053447N02403719EA008350087700501510167117
B0952396053442N02403748EA008340087800501010457106
B0952406053438N02403780EA008330087800501010732096
B0952416053438N02403813EA008320087800501211204086
B0952426053440N02403848EA008340087700501311660077
B0952436053446N02403882EA008350087600501611931067
B0952446053454N02403915EA008360087700501612147057
B0952456053465N02403945EA008390087800501612210048
B0952466053478N02403970EA008410088100501612150038
B0952476053493N02403991EA008420088300501012065028
B0952486053509N02404006EA008430088500501111985020
B0952496053527N02404016EA008420088700501511991011
B0952506053544N02404021EA008410088700501011951003
B0952516053562N02404020EA008410088600501411965353
B0952526053580N02404012EA008390088600501612037344
B0952536053596N02403999EA008370088400501612134334
B0952546053612N02403981EA008380088300501612103325
B0952556053626N02403957EA008380088100501711925314
B0952566053637N02403930EA008380088100501611688304
B0952576053645N02403898EA008410088200501811491293
B0952586053651N02403865EA008420088300501711129282
B0952596053652N02403832EA008430088400501610696268
B0953006053650N02403801EA008440088600501610270253
B0953016053644N02403773EA008430088700501009974237
B0953026053634N02403750EA008410088800501709777220
B0953036053622N02403734EA008400088700501709798203
B0953046053608N02403726EA008390088600501709924186
B0953056053593N02403727EA008380088400501510243170
B0953066053578N02403737EA008400088300501610532154
B0953076053565N02403754EA008410088300501610790139
B0953086053554N02403779EA008430088400501211005126
B0953096053546N02403808EA008450088500501611281114
B0953106053540N02403841EA008460088700501611504103
B0953116053538N02403876EA008460088900501711835093
B0953126053538N02403913EA008480089000501612049083
B0953136053542N02403949EA008510089100501712188073
B0953146053548N02403984EA008520089300501612281064
B0953156053557N02404016EA008550089500501612300055
B0953166053569N02404046EA008560089800501812268046
B0953176053582N02404072EA008560090000501712203040
B0953186053597N02404094EA008580090100501312168032
B0953196053613N02404112EA008570090200501012171024
B0953206053630N02404125EA008570090200501512149016
B0953216053647N02404133EA008580090200501512068007
B0953226053665N02404135EA008590090200501512019358
B0953236053683N02404131EA008600090200501311861349
B0953246053700N02404122EA008600090300501511672340
B0953256053716N02404108EA008610090400501311509332
B0953266053730N02404089EA008610090400501311258323
B0953276053743N02404067EA008610090500501311083314
B0953286053753N02404041EA008610090500501010914305
B0953296053762N02404013EA008620090400501310790296
B0953306053768N02403983EA008620090400501510629287
B0953316053771N02403951EA008630090400501310351277
B0953326053772N02403920EA008630090500501010105267
B0953336053770N02403889EA008630090600501309901259
B0953346053767N02403860EA008630090700501009755250
B0953356053761N02403833EA008610090700501209639242
B0953366053754N02403808EA008620090700501209501235
B0953376053745N02403785EA008620090600501609332226
B0953386053735N02403766EA008620090600501009141218
B0953396053723N02403751EA008650090700501309016209
B0953406053711N02403739EA008640090800501008908201
B0953416053699N02403731EA008640090800501208916192
B0953426053686N02403727EA008660090900501608904184
B0953436053672N02403727EA008650090900501708899176
B0953446053659N02403730EA008660090900501608990167
B0953456053646N02403738EA008650090900501309108159
B0953466053634N02403751EA008660090900501109230149
B0953476053622N02403767EA008670090900501309332139
B0953486053613N02403787EA008650090900501409470129
B0953496053605N02403812EA008650090900501209756119
B0953506053599N02403839EA008620090900501410103109
B0953516053595N02403870EA008620090800501510519099
B0953526053593N02403903EA008610090600501610957091
B0953536053594N02403937EA008590090500501311328083
B0953546053597N02403971EA008600090400501111746075
B0953556053603N02404006EA008610090300501511975067
B0953566053611N02404039EA008630090300501512172058
B0953576053622N02404069EA008630090400501112215050
B0953586053634N02404096EA008640090400501012217041
B0953596053649N02404119EA008650090600501512156033
B0954006053665N02404136EA008640090700501412177023
B0954016053682N02404148EA008640090700501212206013
B0954026053700N02404154EA008620090600501012242004
B0954036053718N02404154EA008600090500501412313354
B0954046053736N02404147EA008590090400501012289345
B0954056053754N02404135EA008590090200501612230335
B0954066053769N02404116EA008610090100501612020324
B0954076053782N02404092EA008610090100501511657313
B0954086053793N02404065EA008610090200501011213300
B0954096053799N02404034EA008640090300501210851287
B0954106053802N02404002EA008620090500501210544273
B0954116053801N02403970EA008640090500501110190258
B0954126053797N02403942EA008640090600501409834242
B0954136053788N02403918EA008640090600501209447227
B0954146053778N02403900EA008640090700501609291210
B0954156053765N02403888EA008640090700501709253196
B0954166053751N02403884EA008650090700501609294183
B0954176053738N02403885EA008650090700501209442170
B0954186053724N02403893EA008670090700501609562159
B0954196053711N02403906EA008680090800501009689148
B0954206053699N02403924EA008690090900501209811138
B0954216053689N02403945EA008710091100501509915129
B0954226053681N02403971EA008700091200501210076120
B0954236053674N02403998EA008700091300601110281112
B0954246053669N02404029EA008700091400601210642102
B0954256053667N02404062EA008700091400601211029093
B0954266053667N02404096EA008710091400601411425083
B0954276053670N02404131EA008720091500601211701074
B0954286053676N02404165EA008730091500601511882066
B0954296053684N02404197EA008740091600601111906058
B0954306053694N02404227EA008760091700601011940050
B0954316053707N02404254EA008750091700601311912041
B0954326053721N02404276EA008750091800601111927033
B0954336053736N02404294EA008750091900601011915025
B0954346053753N02404307EA008750091900601111875017
B0954356053770N02404315EA008750091800601511776007
B0954366053787N02404317EA008750091800601311666357
B0954376053804N02404313EA008750091900601411518349
B0954386053821N02404303EA008740091900601511392339
B0954396053836N02404288EA008740091900601211268330
B0954406053850N02404269EA008740091800601111088320
B0954416053861N02404245EA008720091800601110801309
B0954426053870N02404218EA008730091700601610507297
B0954436053876N02404189EA008720091700601610251286
B0954446053878N02404158EA008700091600601410024274
B0954456053878N02404128EA008700091500601009831263
B0954466053875N02404099EA008700091400601609722251
B0954476053869N02404072EA008690091300601409610238
B0954486053860N02404049EA008710091300601209493226
B0954496053850N02404030EA008720091200601609321215
B0954506053838N02404016EA008710091300601909249204
B0954516053825N02404006EA008720091400601609210193
B0954526053811N02404002EA008710091400601009300183
B0954536053797N02404003EA008700091300601009474173
B0954546053783N02404009EA008720091300601409705163
B0954556053770N02404020EA008710091300601209897155
B0954566053756N02404034EA008720091200601610072148
B0954576053744N02404052EA008730091300601410165141
B0954586053733N02404073EA008730091300601310264134
B0954596053722N02404097EA008710091400601010442128
B0955006053713N02404123EA008730091400601210576123
B0955016053705N02404151EA008730091400601010807119
B0955026053697N02404180EA008720091400601210882115
B0955036053691N02404211EA008730091400601411017110
B0955046053686N02404243EA008720091400601611134105
B0955056053682N02404277EA008720091400601311242101
B0955066053679N02404311EA008720091400601511324096
B0955076053678N02404346EA008720091300601611395093
B0955086053677N02404380EA008700091300601011361089
B0955096053678N02404415EA008710091300601111420085
B0955106053680N02404450EA008710091300601311450081
B0955116053684N02404485EA008690091300601411572076
B0955126053688N02404519EA008700091200601511692073
B0955136053694N02404553EA008690091100601011812070
B0955146053700N02404587EA008680091100601211943066
B0955156053708N02404621EA008680091000601212044063
B0955166053716N02404653EA008670090900601512110059
B0955176053726N02404685EA008650090900601212164057
B0955186053735N02404716EA008640090700601312176057
B0955196053745N02404749EA008600090600601412354059
B0955206053754N02404782EA008570090300601312576061
B0955216053763N02404816EA008550090000601612743064
B0955226053771N02404852EA008520089700601412922065
B0955236053778N02404889EA008470089500601412972067
B0955246053786N02404926EA008460089200601913035069
B0955256053792N02404963EA008420088900601913211070
B0955266053799N02405002EA008380088700601713389070
B0955276053806N02405041EA008350088400601713635070
B0955286053812N02405081EA008320088000601713825070
B0955296053819N02405121EA008270087700601713954071
F09552910082102321424221703
B0955306053826N02405162EA008280087400601814106071
B0955316053833N02405203EA008260087100601814176071
B0955326053839N02405244EA008250086900602014229072
B0955336053846N02405286EA008250086800602114277072
B0955346053852N02405328EA008240086700601914325072
B0955356053859N02405370EA008220086600602014265072
B0955366053865N02405411EA008230086600601914247072
B0955376053871N02405453EA008220086500601814222072
B0955386053878N02405495EA008210086400601714205072
B0955396053884N02405536EA008230086400601914109072
B0955406053890N02405577EA008220086400602213996073
B0955416053896N02405618EA008230086400602013953073
B0955426053902N02405659EA008210086300602113885073
B0955436053908N02405700EA008190086300601913786073
B0955446053914N02405740EA008190086200601913753073
B0955456053920N02405781EA008190086100601913693073
B0955466053926N02405821EA008180086100601713624073
B0955476053932N02405860EA008180086100601713539073
LLXVBATT:21.8% (3.79V) 095548
B0955486053938N02405900EA008190086000601813411073
B0955496053943N02405939EA008190086000601713298073
B0955506053948N02405979EA008190086100601613186074
B0955516053954N02406017EA008210086100601713070074
B0955526053959N02406056EA008190086200601713031074
B0955536053964N02406095EA008180086100601713002075
B0955546053969N02406133EA008170086000601613039075
B0955556053973N02406172EA008140085900601713085076
B0955566053978N02406211EA008120085800601813039076
B0955576053982N02406250EA008130085600602113141077
B0955586053987N02406289EA008120085500601913077077
B0955596053991N02406328EA008130085500601713021078
B0956006053995N02406368EA008120085400602012964078
B0956016053998N02406406EA008110085400601912891079
B0956026054002N02406445EA008110085400601912872079
B0956036054005N02406484EA008110085300601912798080
B0956046054008N02406523EA008090085300601912748080
B0956056054012N02406561EA008080085200601812656080
B0956066054015N02406600EA008060085100601912678080
B0956076054018N02406638EA008050085000601812724079
B0956086054022N02406676EA008000084800602012785079
B0956096054025N02406715EA007970084600602112929079
B0956106054029N02406754EA007930084300602213127079
B0956116054033N02406794EA007890083900602113383079
B0956126054036N02406835EA007860083500602013658079
B0956136054040N02406877EA007820083200602113861080
B0956146054043N02406919EA007810082800602214017080
B0956156054047N02406962EA007790082500602414160081
B0956166054050N02407005EA007760082300602414213081
B0956176054053N02407048EA007750082100602314315082
B0956186054056N02407092EA007710081900602214463082
B0956196054059N02407136EA007710081700602414524082
B0956206054061N02407180EA007700081500602214554082
B0956216054064N02407224EA007690081400602314497083
B0956226054066N02407269EA007680081300602414537083
B0956236054069N02407313EA007660081100602414561084
B0956246054071N02407357EA007630081000602214624084
B0956256054073N02407402EA007620080800602814690084
B0956266054075N02407447EA007600080500602414747085
B0956276054077N02407492EA007570080300602214843084
B0956286054079N02407538EA007540080000602214922084
B0956296054081N02407584EA007500079800602215030084
B0956306054083N02407630EA007470079500602215202084
B0956316054086N02407677EA007450079200602115314083
B0956326054088N02407723EA007470079000602615408083
B0956336054091N02407770EA007460078800602715430084
B0956346054093N02407818EA007470078800602815473084
B0956356054095N02407865EA007480078800602515362084
B0956366054097N02407911EA007480078900602315194084
B0956376054100N02407958EA007490078900602415111084
B0956386054102N02408004EA007510078900602615066083
B0956396054105N02408049EA007530079000602515054082
B0956406054108N02408095EA007570079200602514881082
B0956416054111N02408140EA007570079500602814692081
B0956426054114N02408184EA007610079800602414583080
B0956436054118N02408228EA007660080100602214328079
B0956446054123N02408271EA007730080500602414004076
B0956456054128N02408311EA007820080900602313488071
B0956466054136N02408348EA007890081600602012993062
B0956476054146N02408382EA007930082400601712614053
B0956486054159N02408410EA008020083100601912165042
B0956496054173N02408431EA008050083600601811644029
B0956506054188N02408445EA008070084200601811177017
B0956516054204N02408451EA008080084600601810766004
B0956526054220N02408451EA008100084900601610470351
B0956536054235N02408443EA008090085000601010406339
B0956546054249N02408428EA008070085000601310394326
B0956556054261N02408408EA008070084800601610438312
B0956566054270N02408382EA008050084700601710335299
B0956576054276N02408353EA008050084600601310052284
B0956586054277N02408324EA008060084600601709759268
B0956596054275N02408295EA008050084600601309484251
B0957006054269N02408269EA008060084800601109379234
B0957016054259N02408249EA008050084800601409367217
B0957026054247N02408235EA008040084800601409404201
B0957036054233N02408228EA008030084700601609682184
B0957046054219N02408230EA008020084600601709931170
B0957056054204N02408238EA008030084500601610314157
B0957066054190N02408253EA008020084500601210630146
B0957076054178N02408273EA008020084400601510945137
B0957086054166N02408298EA008020084300601711246129
B0957096054156N02408326EA008040084300601711447122
B0957106054148N02408357EA008090084400601711612114
B0957116054142N02408391EA008110084700601711687105
B0957126054139N02408426EA008150085000601811627095
B0957136054139N02408461EA008170085400601811578082
B0957146054144N02408495EA008180085700601811584067
B0957156054152N02408526EA008190085900601811708053
B0957166054164N02408552EA008170086000601811806039
B0957176054179N02408572EA008160086000601811942025
B0957186054196N02408583EA008140086000601912010012
B0957196054214N02408587EA008120085900601812148358
B0957206054231N02408581EA008110085700601812194344
B0957216054248N02408567EA008110085400601812192330
B0957226054263N02408545EA008120085300601711920317
B0957236054274N02408518EA008150085300601811475302
B0957246054281N02408487EA008180085400601911011287
B0957256054284N02408455EA008190085600601910543272
B0957266054282N02408423EA008210085900601810170255
B0957276054276N02408396EA008220086100601809984236
B0957286054266N02408373EA008200086300601809950219
B0957296054253N02408358EA008210086400601610095201
B0957306054238N02408351EA008220086400601710296184
B0957316054223N02408353EA008230086500601710575168
B0957326054208N02408363EA008260086500601710817155
B0957336054194N02408381EA008300086700601611061142
B0957346054182N02408404EA008330086900601611013129
B0957356054174N02408433EA008400087300601611082113
B0957366054169N02408465EA008390087800601411160099
B0957376054169N02408500EA008390088100601411411084
B0957386054172N02408534EA008390088300601611656071
B0957396054180N02408567EA008390088300601211937056
B0957406054192N02408594EA008380088300601712125041
B0957416054207N02408615EA008380088300601112225026
B0957426054224N02408628EA008370088200601012184012
B0957436054241N02408632EA008370088200601412031359
B0957446054259N02408627EA008370088100601511816346
B0957456054275N02408615EA008380088000601611551333
B0957466054289N02408596EA008380088000601011201319
B0957476054301N02408572EA008420088100601610736305
B0957486054308N02408544EA008440088300601610257292
B0957496054312N02408514EA008470088500601509810277
B0957506054312N02408485EA008480088700601309456261
B0957516054308N02408458EA008480088900601209284244
B0957526054300N02408434EA008470089100601209148228
B0957536054290N02408416EA008480089200601309200211
B0957546054277N02408405EA008480089200601109448194
B0957556054263N02408402EA008480089200601109752180
B0957566054249N02408405EA008500089100601410062166
B0957576054234N02408416EA008530089200601510379152
B0957586054222N02408435EA008540089300601810659137
B0957596054211N02408460EA008580089500601610831121
B0958006054205N02408491EA008600089800601811050105
B0958016054203N02408524EA008610090000601811333090
B0958026054204N02408559EA008630090200601611524077
B0958036054210N02408592EA008630090300601711653064
B0958046054219N02408623EA008630090400601911803052
B0958056054231N02408649EA008640090500601711902040
B0958066054246N02408669EA008650090500601711947028
B0958076054262N02408684EA008640090500601611864017
B0958086054280N02408691EA008620090500601411781005
B0958096054297N02408691EA008620090500601611642353
B0958106054314N02408684EA008610090500601611542343
B0958116054330N02408670EA008610090300601111398332
B0958126054344N02408652EA008630090300601611094321
B0958136054355N02408628EA008650090300601310640310
B0958146054364N02408602EA008680090500601410181298
B0958156054370N02408574EA008710090700601109656286
B0958166054372N02408546EA008720091000601509262273
B0958176054372N02408518EA008740091300601408873260
B0958186054368N02408493EA008750091500601408594247
B0958196054362N02408470EA008740091600601208486233
B0958206054353N02408451EA008720091700601108559219
B0958216054343N02408436EA008710091600601208840207
B0958226054330N02408426EA008700091500601409206195
B0958236054316N02408421EA008710091300601409566185
B0958246054302N02408421EA008720091300601309840175
B0958256054287N02408426EA008770091300601709939166
B0958266054273N02408436EA008800091500601709929155
B0958276054261N02408451EA008830091900601709943142
B0958286054250N02408472EA008830092300601610110130
B0958296054241N02408498EA008820092500601110464117
B0958306054236N02408529EA008800092500601610949104
B0958316054234N02408563EA008790092400601111543090
B0958326054236N02408598EA008780092200601612045078
B0958336054241N02408634EA008760092000601112451066
B0958346054251N02408667EA008770091900601812881053
B0958356054263N02408697EA008790091800601712940042
B0958366054279N02408720EA008790091800601812879031
B0958376054296N02408737EA008820091900601712667021
B0958386054314N02408748EA008840092000601712391010
B0958396054332N02408751EA008870092300601611988359
F095839100821023214242203
B0958406054349N02408747EA008890092500601611488347
B0958416054365N02408736EA008900092800601610966334
B0958426054379N02408719EA008900093000601610509321
B0958436054389N02408697EA008920093200601110096308
B0958446054397N02408671EA008910093200601309800293
B0958456054401N02408642EA008920093300601309587277
B0958466054401N02408613EA008910093300601309453262
B0958476054397N02408586EA008900093300601709398246
B0958486054390N02408561EA008900093300601709443231
B0958496054380N02408541EA008910093300601009574216
B0958506054367N02408527EA008920093300601609673201
B0958516054353N02408519EA008950093300601609800187
B0958526054339N02408519EA008970093400601109879173
B0958536054325N02408526EA008990093600601709925159
B0958546054311N02408540EA008980093800601110006145
B0958556054300N02408560EA009000094000601210118132
B0958566054291N02408586EA008990094100601010418119
B0958576054285N02408615EA008970094200601510736107
B0958586054282N02408648EA008960094100701611256096
B0958596054282N02408683EA008940093900701311764086
B0959006054284N02408719EA008950093700701012114077
B0959016054289N02408755EA008960093600701312245069
B0959026054297N02408789EA008970093700601512261062
B0959036054306N02408822EA008970093700601212257055
B0959046054318N02408851EA008960093800601512304048
B0959056054331N02408878EA008960093800601012357041
B0959066054345N02408901EA008960093800601012389034
B0959076054361N02408921EA008970093800601612275027
B0959086054377N02408936EA008980093800601212045021
B0959096054394N02408947EA008980093800601511777014
B0959106054411N02408954EA008980093900601211495008
B0959116054428N02408957EA008970093900601211228001
B0959126054445N02408956EA008960093900601210992353
B0959136054461N02408950EA008930093800601310869346
B0959146054476N02408941EA008910093600601610803340
B0959156054491N02408929EA008890093300601810918337
B0959166054507N02408916EA008910093100601711025338
B0959176054522N02408905EA008910093000601711272342
B0959186054539N02408896EA008930093000601811497348
B0959196054556N02408890EA008950093100601611533352
B0959206054573N02408887EA008970093200601711407357
B0959216054590N02408886EA008990093400601611234001
B0959226054606N02408888EA009020093700601010981005
B0959236054622N02408892EA009040094000601410781008
B0959246054638N02408898EA009050094300601510615011
B0959256054654N02408905EA009070094500601110621013
B0959266054669N02408913EA009060094700601110644014
B0959276054684N02408922EA009060094700601510824016
B0959286054700N02408932EA009040094700601010998018
B0959296054716N02408943EA009020094600601011200019
B0959306054732N02408954EA009000094500601511433019
B0959316054748N02408966EA008980094300601411607018
B0959326054764N02408978EA008960094200601211760018
B0959336054781N02408989EA008940094000601111899018
B0959346054798N02409001EA008930093800601411993018
B0959356054815N02409013EA008910093700601412005019
B0959366054832N02409025EA008900093500601512083019
B0959376054849N02409038EA008900093300601112124020
B0959386054866N02409051EA008890093200601112305021
B0959396054883N02409065EA008910093200601112403022
B0959406054900N02409080EA008900093200601112461022
B0959416054918N02409094EA008910093200601412412022
B0959426054935N02409109EA008900093200601112295022
B0959436054952N02409123EA008880093200601512197022
B0959446054968N02409138EA008860093100601512220023
B0959456054985N02409153EA008830093000601112348024
B0959466055002N02409169EA008820092800601112519025
B0959476055019N02409186EA008790092500601012688027
B0959486055036N02409204EA008770092300601012882028
B0959496055053N02409223EA008760092100601313019029
B0959506055070N02409243EA008740092000601013101030
B0959516055087N02409264EA008740091800601113193030
B0959526055104N02409284EA008760091700601413175030
B0959536055121N02409304EA008760091800601113062030
B0959546055137N02409325EA008760091800601413036031
B0959556055154N02409346EA008790091900601713023031
B0959566055171N02409367EA008800092000602212974032
B0959576055187N02409388EA008810092100601812840033
B0959586055203N02409410EA008820092300601612729033
B0959596055219N02409431EA008840092400601112569033
B1000006055234N02409453EA008830092500601112468034
B1000016055249N02409475EA008840092600601612523035
B1000026055265N02409498EA008860092600601612655034
B1000036055280N02409520EA008920092700601812614034
B1000046055295N02409542EA008980093000601912250036
B1000056055310N02409564EA009040093500601911643037
B1000066055323N02409584EA009070094100601811127034
B1000076055337N02409601EA009070094600601710817026
B1000086055352N02409613EA009030094900601410684015
B1000096055368N02409619EA009020094900601310648003
B1000106055384N02409617EA008980094700601710695351
B1000116055399N02409609EA008940094400601710852340
B1000126055414N02409597EA008920094000601911044335
B1000136055429N02409581EA008900093700601711137332
B1000146055444N02409565EA008880093400601611143331
B1000156055459N02409549EA008850093200601411200332
B1000166055474N02409534EA008820093000601311248333
B1000176055489N02409518EA008810092700601411428333
B1000186055504N02409502EA008800092500601511793332
B1000196055520N02409485EA008790092200601412141331
B1000206055536N02409466EA008830092100601612313330
B1000216055552N02409448EA008850092100601812295331
B1000226055568N02409430EA008920092400601711908330
B1000236055583N02409412EA008990092900601711334331
B1000246055598N02409396EA009030093500601610690331
B1000256055611N02409381EA009090094100601110076330
B1000266055624N02409366EA009130094700601609775330
B1000276055637N02409352EA009150095100601609736332
B1000286055650N02409338EA009160095500601709965334
B1000296055664N02409327EA009160095700601810239341
B1000306055679N02409320EA009150095800602010524351
B1000316055695N02409318EA009120095700602010955002
B1000326055711N02409323EA009100095600602011279014
B1000336055727N02409335EA009080095400601911572026
B1000346055742N02409354EA009120095200601711549039
B1000356055753N02409380EA009130095200601911367054
B1000366055761N02409410EA009120095300602211112069
B1000376055765N02409443EA009120095400602411100083
B1000386055764N02409477EA009120095400602110994098
B1000396055760N02409509EA009120095400601810712112
B1000406055752N02409536EA009110095400601710399127
B1000416055742N02409559EA009130095400601810195141
B1000426055729N02409575EA009110095300601810082156
B1000436055715N02409583EA009140095300601910007170
B1000446055700N02409585EA009160095300601709844183
B1000456055685N02409580EA009170095300601709695194
B1000466055672N02409570EA009200095500601809500205
B1000476055660N02409556EA009240095700601809284216
B1000486055650N02409537EA009280096000601809095226
B1000496055641N02409515EA009320096300601908883236
LLXVBATT:21.9% (3.79V) 100050
B1000506055635N02409492EA009340096800601708666246
B1000516055631N02409466EA009350097200701708769258
B1000526055630N02409439EA009390097500701809173270
B1000536055631N02409410EA009360097700702009661281
B1000546055636N02409382EA009350097800702310091292
B1000556055643N02409354EA009350097700602710544302
B1000566055653N02409328EA009330097600602411157314
B1000576055666N02409306EA009320097500602311582326
B1000586055681N02409289EA009340097400602011947338
B1000596055698N02409280EA009350097400602112113351
B1001006055716N02409279EA009370097500601912073004
B1001016055734N02409286EA009390097600602212042017
B1001026055750N02409300EA009390097700602111910031
B1001036055764N02409322EA009400097900601911555044
B1001046055775N02409349EA009430098100601911181057
B1001056055782N02409379EA009430098300601710800071
B1001066055784N02409411EA009440098500601710433087
B1001076055783N02409442EA009440098600601110178102
B1001086055778N02409472EA009410098600601610162116
B1001096055770N02409497EA009410098500601710092132
B1001106055758N02409517EA009410098400601610184147
B1001116055745N02409531EA009420098300601710299159
B1001126055730N02409539EA009440098200601910295168
B1001136055715N02409543EA009500098300602310112177
B1001146055700N02409543EA009530098500602409814184
B1001156055686N02409538EA009590098900602009202194
B1001166055673N02409528EA009650099400601808733207
B1001176055663N02409513EA009660100000601808569222
B1001186055655N02409493EA009680100400602008688240
B1001196055650N02409468EA009680100700601908980256
B1001206055649N02409440EA009660100900601809412273
B1001216055652N02409411EA009650101000601909860288
B1001226055658N02409383EA009640100900601810370303
B1001236055669N02409359EA009640100800601810968319
B1001246055683N02409340EA009620100700701911619333
B1001256055699N02409328EA009620100600701912088346
B1001266055717N02409324EA009620100500701712480358
B1001276055736N02409327EA009620100500601712632009
B1001286055754N02409337EA009630100400601712652020
B1001296055771N02409353EA009680100400601912516030
B1001306055786N02409376EA009700100600602312284041
B1001316055798N02409403EA009720100800602211782051
B1001326055807N02409432EA009770101000602011270062
B1001336055814N02409463EA009780101400602110700074
B1001346055816N02409495EA009810101800601910343086
B1001356055816N02409526EA009810102000601710136097
B1001366055812N02409556EA009800102100601710012108
B1001376055806N02409584EA009810102200601909917119
B1001386055798N02409608EA009790102200601709821131
B1001396055787N02409629EA009780102100601709872142
F10013910082102321424221703
B1001406055775N02409645EA009810102000601709852153
B1001416055761N02409656EA009830102000601709718164
B1001426055747N02409661EA009860102100601709477174
B1001436055733N02409661EA009900102300601809093186
B1001446055720N02409655EA009960102700601708688200
B1001456055709N02409643EA009990103200602008460215
B1001466055700N02409625EA009990103600602108496229
B1001476055693N02409604EA009970103800602008534241
B1001486055688N02409579EA009960103800602008749255
B1001496055686N02409552EA009960103800701909066267
B1001506055687N02409524EA009960103800701909436280
B1001516055691N02409496EA009950103800601709830292
B1001526055698N02409469EA009950103700601010140303
B1001536055708N02409444EA009930103600601510459314
B1001546055720N02409424EA009910103600601510765326
B1001556055734N02409408EA009880103400601511141337
B1001566055750N02409398EA009860103200601111535348
B1001576055768N02409394EA009850103000601711998358
B1001586055786N02409396EA009840102700601812415009
B1001596055804N02409405EA009830102500601612705018
B1002006055821N02409421EA009840102400601612716027
B1002016055837N02409442EA009860102400601812490038
B1002026055850N02409468EA009880102500601812136048
B1002036055861N02409497EA009880102700602111685058
B1002046055868N02409529EA009910102900602011246069
B1002056055873N02409561EA009910103000601910845079
B1002066055874N02409594EA009920103200601710536088
B1002076055873N02409626EA009940103400601610356098
B1002086055870N02409656EA009930103500601510231107
B1002096055864N02409685EA009920103500601310213117
B1002106055856N02409712EA009950103400601710107126
B1002116055846N02409735EA009950103500601610039134
B1002126055835N02409755EA009960103600601609892142
B1002136055823N02409772EA009980103600601109689151
B1002146055810N02409784EA010000103800601709468161
B1002156055796N02409790EA010020103900602009253172
B1002166055783N02409791EA010050104100602209018185
B1002176055770N02409786EA010090104300601908644197
B1002186055758N02409775EA010100104700601708376209
B1002196055748N02409760EA010080105000601908214222
B1002206055740N02409741EA010040105100601708272235
B1002216055734N02409719EA010000104900601608419248
B1002226055731N02409694EA009920104600601608846261
B1002236055731N02409666EA009880104100701609468275
B1002246055734N02409637EA009820103600701610165289
B1002256055741N02409608EA009790103000601610988303
B1002266055752N02409581EA009780102500601811834316
B1002276055766N02409558EA009760102100601712335327
B1002286055782N02409540EA009750101900701712443335
B1002296055800N02409526EA009740101900601612618341
B1002306055818N02409516EA009720101800601612891349
B1002316055837N02409511EA009720101600601813064356
B1002326055857N02409511EA009710101500602413240002
B1002336055877N02409515EA009690101300602913491007
B1002346055897N02409522EA009660101200602613621012
B1002356055916N02409532EA009680101100602313714016
B1002366055936N02409545EA009680101000602313669020
B1002376055955N02409561EA009680101000602013600024
B1002386055973N02409579EA009710101000601813455029
B1002396055990N02409601EA009710101100601613378033
B1002406056006N02409624EA009730101300601613345037
B1002416056022N02409650EA009740101400602013295041
B1002426056036N02409678EA009770101600602013184045
B1002436056049N02409707EA009800101700602513001049
B1002446056061N02409738EA009850102000602612869053
B1002456056072N02409771EA009900102300602612610058
B1002466056081N02409804EA009960102700602312118066
B1002476056086N02409838EA009980103200602211553076
B1002486056089N02409873EA010000103600602111054089
B1002496056087N02409905EA010000103900602010549102
B1002506056082N02409935EA010010104100602110180116
B1002516056074N02409961EA009990104200602109935131
B1002526056063N02409981EA009970104200602009703145
B1002536056050N02409994EA009980104100601809577160
B1002546056036N02410001EA009960104000601709325173
B1002556056023N02410001EA009980103900601909229185
B1002566056009N02409995EA009970103800601809240198
B1002576055997N02409983EA009980103800601909272210
B1002586055986N02409966EA009980103800601809459222
B1002596055976N02409945EA009980103800601809461234
B1003006055969N02409919EA010010103900601709548246
B1003016055965N02409892EA010020104000701209613256
B1003026055963N02409862EA010050104200701609771266
B1003036055963N02409832EA010080104400701709968278
B1003046055967N02409802EA010100104700601710239289
B1003056055974N02409774EA010130104900601710433301
B1003066055983N02409748EA010150105200701610703313
B1003076055995N02409727EA010140105500701410967326
B1003086056010N02409711EA010150105600701611288339
B1003096056026N02409703EA010140105600601711640352
B1003106056044N02409702EA010140105500601811958005
B1003116056061N02409710EA010140105500602012253018
B1003126056078N02409726EA010140105400602012419031
B1003136056093N02409750EA010140105300602012497044
B1003146056104N02409779EA010160105300602212533057
B1003156056112N02409813EA010170105300602312442072
B1003166056116N02409850EA010200105500602212087085
B1003176056115N02409886EA010230105700602211617100
B1003186056110N02409919EA010240106000602211028114
B1003196056101N02409946EA010260106300602110223131
B1003206056090N02409966EA010260106500601809703149
B1003216056077N02409976EA010250106600601609462167
B1003226056063N02409978EA010240106600601709285186
B1003236056050N02409970EA010230106500601709361202
B1003246056038N02409955EA010230106400601609577218
B1003256056028N02409934EA010240106300601709844233
B1003266056020N02409907EA010260106300701710106247
B1003276056016N02409877EA010280106400701710286262
B1003286056016N02409846EA010300106600701810523276
B1003296056019N02409814EA010340106900701810678288
B1003306056026N02409784EA010360107200701610784297
B1003316056034N02409755EA010360107400701410855305
B1003326056045N02409730EA010370107700701510946313
B1003336056056N02409707EA010350107800601311118321
B1003346056070N02409687EA010320107800601411336328
B1003356056085N02409670EA010310107700601011594334
B1003366056101N02409655EA010270107500601611992338
B1003376056118N02409642EA010260107200601612294340
B1003386056136N02409630EA010250107000601612641341
B1003396056154N02409617EA010260106800601712826340
B1003406056172N02409604EA010270106700602012833341
B1003416056190N02409592EA010300106800601712644342
B1003426056208N02409581EA010330107000601612433343
B1003436056226N02409571EA010350107300602212172345
B1003446056244N02409562EA010360107500602412004345
B1003456056261N02409553EA010360107700602211792346
B1003466056278N02409544EA010360107900602211681345
B1003476056295N02409535EA010370107900602511623345
B1003486056311N02409526EA010360107900602911609345
B1003496056328N02409517EA010350107900602611599344
B1003506056345N02409507EA010330107800602411653343
B1003516056362N02409496EA010320107700602011712341
B1003526056378N02409484EA010290107600601811751339
B1003536056395N02409471EA010280107500601511797337
B1003546056411N02409457EA010240107300601111901336
B1003556056427N02409442EA010220107000601112035335
B1003566056444N02409426EA010190106800601512215333
B1003576056460N02409409EA010160106500601112395332
B1003586056476N02409390EA010110106200601612531330
B1003596056492N02409370EA010100105900601612728328
B1004006056509N02409349EA010080105600601712955325
B1004016056524N02409326EA010070105300601613131323
B1004026056540N02409301EA010070105200601713153322
B1004036056556N02409276EA010040105000601913178320
B1004046056571N02409250EA010020104900601913152319
B1004056056586N02409224EA009990104700601913175318
B1004066056600N02409197EA009950104500601913238317
B1004076056615N02409169EA009920104200602113376317
B1004086056630N02409141EA009890103800602313540317
B1004096056644N02409112EA009870103500602313659316
B1004106056659N02409083EA009840103300602313710314
B1004116056673N02409052EA009830103000602313772313
B1004126056687N02409021EA009830102900602413733312
B1004136056701N02408990EA009820102700602913631311
B1004146056715N02408959EA009810102600602713547311
B1004156056728N02408928EA009810102500602713474311
B1004166056741N02408897EA009800102500602513442311
B1004176056755N02408866EA009820102500602413291311
B1004186056768N02408836EA009820102500602413189310
B1004196056780N02408805EA009820102500602213132310
B1004206056793N02408775EA009830102600602513071310
B1004216056806N02408744EA009820102600602412934310
B1004226056818N02408714EA009810102700602212860310
B1004236056831N02408684EA009820102700602512838310
B1004246056843N02408654EA009810102700602412850310
B1004256056856N02408624EA009790102600602312869311
B1004266056868N02408594EA009770102500602512968312
B1004276056882N02408565EA009750102300602413197313
B1004286056895N02408535EA009750102100602113344314
B1004296056910N02408506EA009760102000602413469316
B1004306056924N02408478EA009750102000602313539317
B1004316056939N02408450EA009750102000602213585318
B1004326056955N02408423EA009740102000602213639319
B1004336056970N02408395EA009750102000602313685320
B1004346056986N02408369EA009750102000602013685321
B1004356057002N02408344EA009760102000602213591323
B1004366057019N02408319EA009770102100602413581324
B1004376057035N02408295EA009760102100602413590325
B1004386057052N02408271EA009740102100602213578325
B1004396057069N02408248EA009730102000602213634326
B1004406057086N02408225EA009680101800602213717326
B1004416057103N02408202EA009660101600602313814327
B1004426057121N02408179EA009630101300602613993328
B1004436057139N02408157EA009610101000602314173329
B1004446057157N02408135EA009570100700602414348330
B1004456057176N02408113EA009530100300602314548331
B1004466057195N02408092EA009500100000602414693331
B1004476057215N02408071EA009480099700602414749332
B1004486057234N02408050EA009470099400602514815332
B1004496057254N02408029EA009470099200602414825332
B1004506057274N02408008EA009470099100602414793333
B1004516057293N02407987EA009470099100602414711333
B1004526057313N02407967EA009440099000602414671333
B1004536057333N02407947EA009440098900602714606334
B1004546057352N02407928EA009420098800602314620334
B1004556057372N02407909EA009420098700602114670334
B1004566057392N02407889EA009420098600602314671334
B1004576057412N02407870EA009400098500602114675334
B1004586057432N02407851EA009380098400602114753334
B1004596057452N02407831EA009360098200602314827334
B1005006057472N02407812EA009350098100602314834334
B1005016057492N02407792EA009330098000602514671334
B1005026057511N02407773EA009310097900602314635334
B1005036057531N02407753EA009290097700602314629333
B1005046057551N02407733EA009250097500602514682333
B1005056057570N02407712EA009230097200602214723332
B1005066057590N02407691EA009200096900602314742331
B1005076057609N02407670EA009180096600602014857331
B1005086057629N02407648EA009140096200602314941330
B1005096057648N02407625EA009100095900602415054330
B1005106057668N02407602EA009070095600602115108330
B1005116057687N02407579EA009070095300602115234329
B1005126057707N02407555EA009060095100602015217329
B1005136057727N02407531EA009060095000602315125329
B1005146057746N02407507EA009060095000602315017328
B1005156057765N02407483EA009060094900602214928328
B1005166057784N02407459EA009060094900602214805327
B1005176057802N02407435EA009050094900602114611327
B1005186057821N02407411EA009070094900602214455327
B1005196057839N02407387EA009070094900602314266326
B1005206057856N02407363EA009070095000602214082326
B1005216057874N02407339EA009070095000602213935326
B1005226057891N02407315EA009060095000602213862326
B1005236057908N02407291EA009040095000602113812325
B1005246057925N02407268EA009020094900602313870325
B1005256057943N02407243EA008980094700602113957325
B1005266057960N02407219EA008950094500602314060325
B1005276057977N02407195EA008920094100602214255325
B1005286057995N02407170EA008890093800602314309326
B1005296058013N02407146EA008890093600602414421327
B1005306058032N02407123EA008870093400602314485328
B1005316058050N02407099EA008870093200602114546328
B1005326058069N02407077EA008850093000602314593329
B1005336058088N02407054EA008830092900602214653330
B1005346058107N02407032EA008830092700602414655331
B1005356058126N02407011EA008840092600602514720331
B1005366058145N02406989EA008850092600602514567331
B1005376058165N02406968EA008870092700602414479331
B1005386058183N02406947EA008900092900602314306331
B1005396058202N02406926EA008920093100601914175330
B1005406058220N02406905EA008960093400602313919330
B1005416058238N02406884EA008990093700602513633329
B1005426058256N02406862EA009030094100602113329329
B1005436058273N02406842EA009060094400602213067329
B1005446058289N02406821EA009080094800602312850328
B1005456058305N02406801EA009100095000602212646328
B1005466058322N02406781EA009100095300602312551329
B1005476058338N02406761EA009120095500602112440329
B1005486058353N02406741EA009110095600602012421329
B1005496058370N02406722EA009130095600602012518329
B1005506058386N02406703EA009140095500601812571331
B1005516058402N02406685EA009170095600602012452332
LLXVBATT:22.0% (3.80V) 100552
B1005526058419N02406668EA009190095800601712175333
B1005536058435N02406652EA009230096000601711866335
B1005546058451N02406637EA009240096400601711604337
B1005556058467N02406625EA009250096700601411452340
B1005566058483N02406614EA009240096800601611404345
B1005576058500N02406607EA009220096800601211484349
F100557100821023224221703
B1005586058517N02406601EA009190096800601111637353
B1005596058535N02406598EA009180096600601311897357
B1006006058553N02406598EA009160096400601412250002
B1006016058571N02406601EA009140096200601012524006
B1006026058590N02406606EA009150096000601112756009
B1006036058609N02406614EA009150095900601112906011
B1006046058628N02406622EA009130095800601212996013
B1006056058646N02406633EA009150095800601213041016
B1006066058665N02406645EA009150095800601913107018
B1006076058684N02406658EA009160095800602213115019
B1006086058702N02406672EA009170095800602013096021
B1006096058720N02406687EA009170095900601713076022
B1006106058738N02406702EA009160096000601613092022
B1006116058756N02406718EA009170096100601313063023
B1006126058774N02406734EA009150096100601013047024
B1006136058792N02406751EA009130096000601113019025
B1006146058809N02406769EA009120095900601313017026
B1006156058827N02406787EA009090095700601113121026
B1006166058844N02406805EA009060095500601213241026
B1006176058862N02406823EA009040095200601413448026
B1006186058880N02406842EA009030095000601213563026
B1006196058898N02406859EA009010094800601413592024
B1006206058917N02406876EA009000094600601513532022
B1006216058936N02406892EA009000094500601413510020
B1006226058955N02406906EA008990094300601413469018
B1006236058974N02406918EA008980094300601413464016
B1006246058993N02406929EA008980094200601013365013
B1006256059013N02406938EA008980094200601613312011
B1006266059032N02406946EA008980094100601213162010
B1006276059052N02406952EA008960094100601413134007
B1006286059071N02406956EA008940094000601312921005
B1006296059090N02406959EA008890093900601412843002
B1006306059109N02406960EA008850093700601312973000
B1006316059129N02406959EA008800093300601113150356
B1006326059148N02406954EA008770092800601913273351
B1006336059168N02406947EA008730092400601713415347
B1006346059187N02406936EA008670092000601413503343
B1006356059207N02406924EA008660091600601713624341
B1006366059226N02406910EA008640091300601713686339
B1006376059245N02406894EA008640091000601713729338
B1006386059264N02406878EA008620090800601613739337
B1006396059283N02406862EA008610090700601113765335
B1006406059302N02406844EA008590090600601613738335
B1006416059320N02406826EA008580090400601713700334
B1006426059339N02406808EA008570090300601613656333
B1006436059357N02406788EA008570090100601613616332
B1006446059375N02406769EA008570090000601913529331
B1006456059392N02406749EA008570090000602013445331
B1006466059410N02406729EA008550089900602313363330
B1006476059427N02406708EA008550089900602113385328
B1006486059444N02406685EA008550089900602013360326
B1006496059460N02406663EA008550089800601613333325
B1006506059477N02406639EA008560089800601713295325
B1006516059493N02406616EA008560089800601113230325
B1006526059509N02406593EA008560089800601913129325
B1006536059525N02406570EA008560089800601813087325
B1006546059541N02406547EA008560089900601913023325
B1006556059557N02406524EA008550089900601913025324
B1006566059573N02406501EA008550089900601712988325
B1006576059589N02406478EA008540089800601912955325
B1006586059605N02406455EA008540089700602113018324
B1006596059621N02406432EA008530089700602212892324
B1007006059636N02406409EA008540089700602112786323
B1007016059651N02406386EA008550089700602612672323
B1007026059667N02406362EA008560089700602412601322
B1007036059682N02406339EA008580089800602012495322
B1007046059696N02406316EA008590090000602112335323
B1007056059711N02406294EA008630090300601812115323
B1007066059726N02406272EA008650090500601011923323
B1007076059740N02406251EA008670090700601811703323
B1007086059754N02406229EA008660090900601611618322
B1007096059768N02406208EA008640091000601211545323
B1007106059782N02406187EA008620091000601311640324
B1007116059796N02406166EA008610090800601511849324
B1007126059810N02406145EA008610090700601611972324
B1007136059825N02406123EA008630090600601311966324
B1007146059840N02406102EA008660090600602411775325
B1007156059854N02406083EA008680090800602511604327
B1007166059869N02406064EA008710091100602311359329
B1007176059883N02406047EA008760091500602411135330
B1007186059898N02406030EA008800091800602110945331
B1007196059912N02406015EA008860092100602710707334
B1007206059927N02406002EA008880092500602410469339
B1007216059941N02405993EA008870092800602510343346
B1007226059957N02405988EA008870093000602310422353
B1007236059972N02405985EA008840093000602110695356
B1007246059989N02405983EA008820092900601710976356
B1007256100005N02405981EA008800092800601711371355
B1007266100022N02405977EA008780092500601311701354
B1007276100040N02405974EA008750092300601212096353
B1007286100058N02405970EA008720092100601312430353
B1007296100077N02405966EA008710091800601012652354
B1007306100096N02405962EA008690091600601412762355
B1007316100115N02405959EA008680091400601212841356
B1007326100134N02405957EA008660091200601312981356
B1007336100154N02405955EA008630091000601513107357
B1007346100173N02405953EA008620090900601113276357
B1007356100193N02405951EA008600090700601413429357
B1007366100213N02405949EA008570090500601113506357
B1007376100234N02405947EA008560090300601613589356
B1007386100254N02405945EA008540090100601113734356
B1007396100275N02405942EA008530089800601613802355
B1007406100295N02405939EA008510089700601713815355
B1007416100316N02405936EA008490089600602113788356
B1007426100336N02405933EA008470089500602213807356
B1007436100357N02405930EA008460089300602513895356
B1007446100378N02405928EA008440089200602714008356
B1007456100399N02405925EA008440089000602414051357
B1007466100420N02405924EA008410088800602414153357
B1007476100441N02405922EA008400088700602414161357
B1007486100462N02405920EA008380088500602214175358
B1007496100483N02405919EA008380088300601914097358
B1007506100504N02405919EA008370088200602014027359
B1007516100525N02405919EA008350088100602213902359
B1007526100546N02405919EA008330088000602213846000
B1007536100566N02405919EA008330087900602013788000
B1007546100587N02405920EA008320087700601913831001
B1007556100608N02405921EA008290087500602013824001
B1007566100628N02405923EA008270087400602413841002
B1007576100649N02405924EA008250087200602213903002
B1007586100670N02405926EA008210087000602113994001
B1007596100691N02405926EA008200086700602114103000
B1008006100712N02405926EA008190086500602014196359
B1008016100733N02405926EA008200086300602014135359
B1008026100754N02405926EA008190086200602114096000
B1008036100775N02405926EA008190086200602213979000
B1008046100796N02405927EA008180086200602013869001
B1008056100817N02405928EA008200086200602213764001
B1008066100837N02405929EA008180086300602113680001
B1008076100857N02405931EA008180086300602013622002
B1008086100878N02405932EA008170086200601913602002
B1008096100898N02405935EA008170086100601913599003
B1008106100918N02405937EA008170086000602413655003
B1008116100939N02405940EA008160085900602413647004
B1008126100959N02405944EA008170085900602313706004
B1008136100979N02405948EA008160085900602413674005
B1008146101000N02405952EA008180086000602813572006
B1008156101020N02405957EA008200086100602613488007
B1008166101040N02405962EA008190086100602713431007
B1008176101060N02405967EA008200086200602413347007
B1008186101079N02405972EA008190086200602413306006
B1008196101099N02405977EA008180086200602213299006
B1008206101119N02405982EA008160086200601913259007
B1008216101138N02405987EA008150086100601813358007
B1008226101158N02405993EA008130085900602213367007
B1008236101178N02405998EA008120085700602013472007
B1008246101198N02406003EA008110085600601913607006
B1008256101219N02406008EA008110085400601913830005
B1008266101239N02406013EA008140085400602013912006
B1008276101260N02406018EA008170085400601813762006
B1008286101280N02406023EA008230085700601613382006
B1008296101299N02406028EA008270086100601712932007
B1008306101318N02406033EA008290086600601012557007
B1008316101336N02406038EA008310087000601812255008
B1008326101354N02406044EA008310087200601612117008
B1008336101372N02406049EA008300087300601512111008
B1008346101390N02406055EA008280087300601112283009
B1008356101409N02406061EA008250087100601412417009
B1008366101427N02406068EA008230086900601512685009
B1008376101446N02406074EA008190086600601312934009
B1008386101465N02406081EA008170086300601013073009
B1008396101485N02406087EA008160086100601413223008
B1008406101504N02406093EA008130085800601613371007
B1008416101524N02406098EA008110085600601613335006
B1008426101544N02406103EA008090085300601713434005
B1008436101564N02406106EA008080085100601713507004
B1008446101584N02406110EA008060085000601713523004
B1008456101604N02406112EA008050084900601613568003
B1008466101625N02406115EA008020084700601513647003
B1008476101645N02406117EA008000084500601113732002
B1008486101666N02406119EA007980084300601213882002
B1008496101686N02406121EA007970084100601713994002
B1008506101707N02406123EA007940083800601614025002
B1008516101728N02406125EA007910083600601914104002
B1008526101749N02406126EA007880083400601914178002
B1008536101771N02406128EA007860083200602014319001
B1008546101792N02406129EA007850082900602014505001
B1008556101814N02406130EA007820082700602314565000
B1008566101836N02406130EA007800082500602314651000
B1008576101858N02406131EA007780082200602314758000
B1008586101880N02406131EA007760082000602714872000
F10085810082102321424221703
B1008596101902N02406132EA007760081800502614950000
B1009006101925N02406133EA007750081700502314923000
B1009016101947N02406133EA007760081600502414917000
B1009026101969N02406133EA007760081600502314859000
B1009036101991N02406133EA007760081600502314779359
B1009046102013N02406133EA007760081600502314659359
B1009056102035N02406133EA007760081600502214593359
B1009066102057N02406132EA007760081700502014493359
B1009076102078N02406132EA007760081700502114432358
B1009086102100N02406131EA007750081600502214424358
B1009096102121N02406130EA007740081600502314442358
B1009106102143N02406129EA007730081600502114403358
B1009116102165N02406128EA007730081500502114424358
B1009126102186N02406127EA007720081400502114412358
B1009136102208N02406126EA007730081300501914452359
B1009146102229N02406126EA007730081200502214464359
B1009156102251N02406125EA007720081300502414356359
B1009166102272N02406124EA007720081300502314307359
B1009176102294N02406123EA007710081300502214315358
B1009186102315N02406122EA007700081200502014287358
B1009196102336N02406121EA007680081100501914310357
B1009206102358N02406119EA007690081000502114348357
B1009216102379N02406116EA007670080900502114313356
B1009226102401N02406113EA007670080900502214259355
B1009236102422N02406109EA007650080800501914257354
B1009246102443N02406104EA007650080800502014280354
B1009256102464N02406100EA007650080700502114277354
B1009266102485N02406096EA007640080600502114208354
B1009276102507N02406091EA007620080500502014205354
B1009286102528N02406087EA007620080400502114236354
B1009296102549N02406083EA007600080300502014262354
B1009306102570N02406079EA007590080100502114274354
B1009316102591N02406075EA007580080000502214258354
B1009326102613N02406071EA007560079900502314215354
B1009336102634N02406068EA007540079800502314187355
B1009346102655N02406064EA007530079600502314220355
B1009356102676N02406061EA007520079400502514318356
B1009366102698N02406059EA007490079300502314342357
B1009376102719N02406057EA007480079100502314421358
B1009386102741N02406056EA007480078900502314474358
B1009396102762N02406055EA007470078800502314449358
B1009406102784N02406054EA007460078700502214430358
B1009416102806N02406053EA007440078600502314350358
B1009426102827N02406052EA007430078500502314354358
B1009436102848N02406052EA007440078300502514351359
B1009446102870N02406051EA007420078200502314257000
B1009456102891N02406051EA007400078200502314184000
B1009466102912N02406052EA007390078100502314154000
B1009476102933N02406052EA007370077900502014152000
B1009486102955N02406053EA007350077800502514207000
B1009496102976N02406053EA007320077600502314214000
B1009506102997N02406054EA007300077300502314287000
B1009516103019N02406055EA007280077100502414316000
B1009526103040N02406055EA007270076800502314319001
B1009536103061N02406056EA007250076600502314336000
B1009546103083N02406057EA007230076400502414353000
B1009556103104N02406057EA007220076200502414396000
B1009566103126N02406058EA007200076100502214447000
B1009576103147N02406058EA007190075900502014510000
B1009586103169N02406059EA007190075800502114509000
B1009596103191N02406059EA007180075700502414474000
B1010006103212N02406059EA007160075600502314449000
B1010016103234N02406060EA007150075400502114413000
B1010026103256N02406060EA007150075300502314396000
B1010036103277N02406061EA007160075300502414305001
B1010046103298N02406062EA007150075300502214186001
B1010056103319N02406063EA007140075300502214023000
B1010066103340N02406063EA007140075300502413914359
B1010076103361N02406062EA007140075200502413816357
B1010086103381N02406060EA007130075100502413685356
B1010096103402N02406057EA007100075000502213589355
B1010106103422N02406053EA007110075000502413496353
B1010116103442N02406048EA007110074900502213392352
B1010126103462N02406042EA007100074900502113316351
B1010136103481N02406035EA007100074900502113183348
B1010146103500N02406026EA007100074900502013050345
B1010156103519N02406015EA007100074900502412995342
B1010166103537N02406002EA007120074800502712844338
B1010176103555N02405986EA007120074800502412743332
B1010186103571N02405966EA007130074900502112512326
B1010196103586N02405943EA007140075000501912389320
B1010206103600N02405918EA007160075100502112195314
B1010216103611N02405890EA007180075200501811973307
B1010226103621N02405860EA007200075300501611569300
B1010236103629N02405829EA007230075500501711133293
B1010246103635N02405798EA007250075800501510640286
B1010256103638N02405766EA007290076100501010233279
B1010266103640N02405736EA007300076400501209867270
B1010276103638N02405706EA007310076700501109616259
B1010286103635N02405677EA007320076900501209462249
B1010296103629N02405652EA007320077100501309372238
B1010306103620N02405629EA007340077100501609374224
B1010316103609N02405611EA007360077200501609415211
B1010326103596N02405600EA007370077300501309335196
B1010336103583N02405595EA007370077400501609340181
B1010346103569N02405598EA007390077600501409435166
B1010356103556N02405609EA007410077700501309604151
B1010366103544N02405626EA007420077900501309855136
B1010376103534N02405650EA007430078000501110217123
B1010386103527N02405678EA007420078100501110641111
B1010396103523N02405711EA007420078100501211123098
B1010406103522N02405745EA007400078100501511515088
B1010416103524N02405781EA007390078000501611941077
B1010426103530N02405816EA007390077800501612353065
B1010436103539N02405850EA007400077700501212644055
B1010446103551N02405880EA007430077700501612652047
B1010456103565N02405907EA007450077900501712484038
B1010466103580N02405928EA007470078100501712240028
B1010476103597N02405943EA007490078300501612091019
B1010486103614N02405952EA007510078400501611861009
B1010496103631N02405956EA007530078600501611444359
B1010506103648N02405952EA007540078900501710947348
B1010516103663N02405942EA007540079100501810613335
B1010526103676N02405926EA007520079200501610365323
B1010536103687N02405904EA007480079200501510325309
LLXVBATT:22.0% (3.79V) 101054
B1010546103696N02405877EA007480078900501610360296
B1010556103701N02405847EA007460078600501710406282
B1010566103703N02405815EA007450078400501710432269
B1010576103700N02405784EA007470078300501710324255
B1010586103695N02405755EA007480078400501610103241
B1010596103686N02405730EA007520078500501709824227
B1011006103675N02405710EA007550078700501609645213
B1011016103663N02405697EA007560079000501109480200
B1011026103649N02405690EA007590079300501609327186
B1011036103635N02405691EA007590079500501609336170
B1011046103622N02405700EA007580079700501209637154
B1011056103610N02405717EA007590079800501310039139
B1011066103599N02405740EA007590079800501410504126
B1011076103592N02405768EA007580079800501110906113
B1011086103587N02405801EA007590079800501411331101
B1011096103585N02405836EA007590079800501611618090
B1011106103586N02405872EA007580079800501611907079
B1011116103591N02405907EA007600079700501712157068
B1011126103600N02405941EA007620079800501312325057
B1011136103611N02405971EA007630079900501612375046
B1011146103625N02405996EA007640080000501712255037
B1011156103640N02406016EA007650080100501912087027
B1011166103656N02406030EA007690080300502011767017
B1011176103673N02406037EA007690080500501811441007
B1011186103690N02406038EA007700080700501611120356
B1011196103706N02406033EA007700080900501110878345
B1011206103721N02406022EA007690081000501110782336
B1011216103736N02406007EA007680081000501310731326
B1011226103748N02405986EA007660080900501210603314
B1011236103758N02405961EA007640080700501010605303
B1011246103765N02405932EA007660080500501110470292
B1011256103770N02405902EA007670080400501510255282
B1011266103772N02405871EA007690080500501209891273
B1011276103771N02405841EA007720080700501409486262
B1011286103768N02405813EA007750080900501409081251
B1011296103763N02405788EA007780081200501208774240
B1011306103755N02405767EA007810081500501208422228
B1011316103746N02405750EA007820081800501208185214
B1011326103735N02405739EA007820082100501508063199
B1011336103724N02405734EA007820082200501108194184
B1011346103711N02405736EA007800082300501308468169
B1011356103699N02405744EA007780082200501309022155
B1011366103687N02405759EA007740082000501109718141
B1011376103677N02405781EA007710081700501110561127
B1011386103668N02405810EA007700081400501011316114
B1011396103663N02405844EA007710081100501711910102
B1011406103661N02405881EA007710080900501612293090
B1011416103662N02405919EA007730080900501712445080
B1011426103667N02405956EA007740081000501812462071
B1011436103674N02405991EA007760081200501812338063
B1011446103683N02406023EA007790081400501712202055
B1011456103695N02406053EA007800081600501712147047
B1011466103708N02406078EA007820081900501412012039
B1011476103722N02406099EA007830082100501111968030
B1011486103738N02406116EA007840082200501711907022
B1011496103755N02406127EA007830082200501711952013
B1011506103773N02406133EA007840082300501611900005
B1011516103790N02406133EA007840082300501611922356
B1011526103808N02406129EA007840082300501611814349
B1011536103825N02406120EA007850082300501611664343
B1011546103841N02406108EA007860082400501511540337
B1011556103857N02406093EA007850082400501111372332
B1011566103871N02406076EA007850082500501311228327
B1011576103885N02406056EA007840082400501311201323
B1011586103898N02406035EA007850082400501311151318
B1011596103910N02406011EA007860082400501010973314
F1011591008210232142422170328
B1012006103921N02405986EA007870082400501410773309
B1012016103931N02405961EA007890082500501310524306
B1012026103940N02405934EA007900082700501610263303
B1012036103948N02405908EA007910082800501510083301
B1012046103956N02405881EA007920083000501409881299
B1012056103963N02405855EA007930083100501509717299
B1012066103970N02405829EA007910083200501209677299
B1012076103977N02405803EA007900083300501409695299
B1012086103984N02405777EA007880083200501209834300
B1012096103992N02405750EA007860083000601210045300
B1012106104000N02405723EA007850082800601510266300
B1012116104008N02405696EA007830082700601010518300
B1012126104016N02405668EA007830082500601510680301
B1012136104024N02405640EA007830082400601210819302
B1012146104033N02405612EA007830082300601210813303
B1012156104042N02405584EA007830082300601110842303
B1012166104051N02405556EA007840082300601210802303
B1012176104059N02405528EA007850082400601410772302
B1012186104068N02405500EA007850082500601210696302
B1012196104076N02405472EA007840082600601310627302
B1012206104085N02405444EA007830082600501210632302
B1012216104093N02405417EA007820082500501210689302
B1012226104102N02405389EA007790082300501510753302
B1012236104111N02405360EA007770082100501410873302
B1012246104119N02405332EA007750081900501411019302
B1012256104128N02405303EA007730081700501111179303
B1012266104138N02405274EA007730081500501011405304
B1012276104147N02405245EA007740081300501211560304
B1012286104157N02405216EA007760081300501711464304
B1012296104167N02405187EA007760081400501711263303
B1012306104176N02405158EA007750081500501811093303
B1012316104185N02405130EA007730081600501711046303
B1012326104194N02405101EA007730081500501711202302
B1012336104203N02405071EA007730081500501611444300
B1012346104212N02405041EA007740081400501611472300
B1012356104220N02405010EA007740081500501611401300
B1012366104229N02404980EA007750081600501611329300
B1012376104238N02404950EA007730081700501511334301
B1012386104247N02404921EA007730081600501611435303
B1012396104256N02404891EA007710081500501611627304
B1012406104267N02404862EA007710081400501011757305
B1012416104277N02404832EA007690081200501111884306
B1012426104288N02404803EA007670081100501111959307
B1012436104299N02404774EA007650081000501212084307
B1012446104310N02404744EA007620080700501412243307
B1012456104321N02404714EA007600080500501412337308
B1012466104333N02404684EA007590080300501412488308
B1012476104344N02404654EA007580080100501312628308
B1012486104356N02404623EA007560079900501012713308
B1012496104368N02404592EA007550079700501512764308
B1012506104380N02404561EA007540079600501712930308
B1012516104392N02404530EA007520079400501812982308
B1012526104404N02404498EA007510079300502113014307
B1012536104415N02404466EA007500079300502312989307
B1012546104427N02404434EA007490079200502213015307
B1012556104439N02404403EA007480079100502113066307
B1012566104451N02404370EA007450079000502113182306
B1012576104463N02404337EA007420078800502213255306
B1012586104474N02404304EA007410078600502213348305
B1012596104486N02404270EA007400078300501913482305
B1013006104498N02404236EA007390078200502013549305
B1013016104509N02404202EA007400078000502213584305
B1013026104521N02404168EA007400078000502213511305
B1013036104533N02404134EA007390077900502313425305
B1013046104544N02404100EA007380077900502513417304
B1013056104556N02404066EA007350077800502313356303
B1013066104567N02404032EA007320077600502313369303
B1013076104578N02403997EA007290077400502413471303
B1013086104589N02403962EA007280077100502513532303
B1013096104600N02403928EA007270076900502413539303
B1013106104611N02403893EA007250076700502413444304
B1013116104623N02403859EA007230076600502513419304
B1013126104634N02403825EA007220076400502213366304
B1013136104645N02403791EA007200076300502213297304
B1013146104657N02403757EA007190076100502113281304
B1013156104668N02403723EA007170075900502113282305
B1013166104679N02403690EA007170075700502313306304
B1013176104691N02403656EA007150075600502113315304
B1013186104702N02403622EA007150075400502013314304
B1013196104713N02403588EA007110075300502213336304
B1013206104724N02403554EA007130075200502213341304
B1013216104736N02403520EA007140075200502113330304
B1013226104747N02403487EA007160075200502213258305
B1013236104759N02403453EA007170075300502213205305
B1013246104770N02403420EA007190075400502213149304
B1013256104781N02403387EA007220075600502113113305
B1013266104792N02403354EA007270075900502412942305
B1013276104803N02403322EA007310076300502412596305
B1013286104814N02403291EA007350076700502312059305
B1013296104824N02403261EA007430077200502311466305
B1013306104834N02403233EA007460077800502210986305
B1013316104844N02403206EA007480078300502010663306
B1013326104853N02403180EA007480078700501810519307
B1013336104863N02403154EA007480078900501610584307
B1013346104872N02403128EA007450079000501610812307
B1013356104882N02403101EA007420078800501611058307
B1013366104893N02403073EA007400078500501611434307
B1013376104903N02403045EA007400078300501611750307
B1013386104914N02403016EA007400078000501511997306
B1013396104925N02402986EA007410077900501612006306
B1013406104935N02402956EA007400077900501211985306
B1013416104946N02402926EA007420078000501311948305
B1013426104956N02402896EA007440078100501311900305
B1013436104966N02402867EA007470078200501411720305
B1013446104976N02402837EA007450078400501411488304
B1013456104986N02402809EA007430078500501411338304
B1013466104996N02402780EA007400078400501311393304
B1013476105006N02402751EA007350078200501311477304
B1013486105015N02402721EA007340077900501111751304
B1013496105025N02402691EA007320077500501311963304
B1013506105036N02402660EA007290077200501412063304
B1013516105046N02402630EA007280077000501712044304
B1013526105056N02402599EA007250076900502012040304
B1013536105066N02402569EA007220076800502112137305
B1013546105077N02402538EA007200076500502012308306
B1013556105088N02402508EA007170076300502112467307
B1013566105100N02402477EA007140075900502212627307
B1013576105111N02402446EA007120075700502412716307
B1013586105123N02402414EA007100075400502412772307
B1013596105134N02402383EA007090075200502412767307
B1014006105146N02402351EA007080075100502612732306
B1014016105157N02402320EA007070074900502412707306
B1014026105169N02402289EA007050074800502312712307
B1014036105180N02402257EA007040074700502412673307
B1014046105192N02402226EA007040074600502412651307
B1014056105203N02402195EA007020074500502412635307
B1014066105214N02402164EA007020074400502212600306
B1014076105226N02402133EA007000074400502212547307
B1014086105237N02402102EA006990074300502312537307
B1014096105248N02402071EA006970074100502312599306
B1014106105260N02402040EA006950073900502112666306
B1014116105271N02402008EA006960073800502212738306
B1014126105282N02401977EA006950073600502112781306
B1014136105294N02401945EA006960073600502212766306
B1014146105305N02401913EA006960073600502512742306
B1014156105317N02401882EA006970073600502612700306
B1014166105328N02401851EA006960073700502412592306
B1014176105339N02401819EA006970073700502512552306
B1014186105350N02401788EA006980073800502212522306
B1014196105361N02401757EA006990073800502512513306
B1014206105372N02401725EA007010073900502812556306
B1014216105383N02401694EA007060074000502412511305
B1014226105394N02401663EA007100074300502112337305
B1014236105404N02401632EA007160074700502412056305
B1014246105415N02401602EA007230075300502311687305
B1014256105425N02401573EA007270075900502411217306
B1014266105434N02401545EA007310076500502110740305
B1014276105443N02401519EA007370077000501810261304
B1014286105452N02401493EA007440077400502009798303
B1014296105460N02401468EA007500077900502309486306
B1014306105469N02401445EA007530078600502409286312
B1014316105479N02401426EA007530079100502309449322
B1014326105492N02401411EA007530079400502509890336
B1014336105506N02401402EA007520079400502410512349
B1014346105522N02401400EA007500079400502211187001
B1014356105539N02401405EA007510079400502411995013
B1014366105556N02401417EA007510079300502212222025
B1014376105572N02401436EA007520079300502012384036
B1014386105585N02401462EA007540079400501712244047
B1014396105596N02401492EA007550079500501711958058
B1014406105603N02401524EA007570079700501811559071
B1014416105607N02401559EA007590079800501811342085
B1014426105606N02401593EA007620080000502011046099
B1014436105602N02401625EA007650080300501910653111
B1014446105594N02401653EA007690080500501910027124
B1014456105585N02401675EA007700080900501709268139
B1014466105574N02401690EA007730081300501908652155
B1014476105562N02401697EA007720081600501908350172
B1014486105549N02401696EA007710081700501808184190
B1014496105538N02401688EA007700081600501708198209
B1014506105528N02401672EA007700081400501708545227
B1014516105521N02401650EA007690081301001808707242
B1014526105517N02401625EA007750081300702108932256
B1014536105515N02401598EA007750081300702609129268
B1014546105515N02401570EA007760081400702209245276
B1014556105518N02401542EA007800081600601809244285
B1014566105523N02401515EA007840081900501809185295
B1014576105530N02401491EA007870082200501909278306
B1014586105540N02401470EA007910082600502309447317
B1014596105551N02401452EA007910082900502509694328
B1015006105564N02401439EA007930083000502710101338
B1015016105579N02401430EA007930083200503010459348
B1015026105594N02401427EA007930083300502610782359
B1015036105610N02401430EA007960083300502610890012
B1015046105626N02401441EA007960083500502511032023
B1015056105640N02401457EA007970083600502311083036
B1015066105652N02401481EA007970083700502010980050
B1015076105661N02401509EA007960083800502011073063
B1015086105667N02401541EA007930083700501911285074
B1015096105670N02401575EA007920083500502011380086
B1015106105668N02401610EA007930083300502511528099
B1015116105664N02401645EA007960083100502311497111
B1015126105656N02401675EA008010083200502111025122
B1015136105647N02401701EA008080083600502210285134
B1015146105635N02401721EA008140084100502109360146
B1015156105624N02401733EA008160084700502208471160
B1015166105612N02401738EA008190085300502308047176
B1015176105600N02401736EA008190085700502307919192
B1015186105589N02401728EA008190085800602108126208
F10151810082102321424221703
B1015196105579N02401713EA008180085900602408521223
B1015206105571N02401692EA008180085800602408967238
B1015216105565N02401667EA008190085800602109375253
B1015226105563N02401638EA008210085900602009697269
B1015236105565N02401608EA008250086100601909862285
B1015246105571N02401580EA008300086400501810053301
B1015256105580N02401556EA008340086800601810257316
B1015266105592N02401537EA008390087200501710485331
B1015276105607N02401525EA008420087500502310693344
B1015286105623N02401520EA008460087900502810866356
B1015296105639N02401521EA008450088100602711071008
B1015306105655N02401530EA008470088400502611143021
B1015316105669N02401547EA008470088700502511221035
B1015326105681N02401570EA008450088700502111159050
B1015336105690N02401599EA008430088700501911313063
B1015346105696N02401632EA008420088600501811457077
B1015356105698N02401667EA008420088400501911656091
B1015366105695N02401702EA008440088200501911702106
B1015376105688N02401735EA008470088100501811247121
B1015386105678N02401761EA008540088400501910451135
B1015396105666N02401779EA008600088900501809608150
B1015406105654N02401790EA008670089500501608932165
B1015416105641N02401794EA008710090100501708398180
B1015426105629N02401790EA008710090600501708087197
B1015436105618N02401779EA008740091000601407988213
B1015446105609N02401762EA008760091200601708190230
B1015456105603N02401741EA008810091400902108587245
B1015466105598N02401715EA008780091500902108863256
B1015476105597N02401688EA008780091600902709212270
B1015486105599N02401659EA008780091700702409720284
B1015496105605N02401631EA008790091800702210178299
B1015506105614N02401605EA008830091900902310430313
B1015516105626N02401585EA008840092100502110757327
B1015526105640N02401571EA008890092300502211082343
B1015536105657N02401565EA008930092600502611383358
B1015546105674N02401569EA008940092800502511754011
B1015556105691N02401580EA008960093000502311909025
LLXVBATT:22.1% (3.80V) 101556
B1015566105705N02401599EA009010093300502211838038
B1015576105717N02401625EA009040093600502211700053
B1015586105726N02401655EA009050093900502011433066
B1015596105731N02401688EA009060094200501911100080
B1016006105732N02401722EA009070094400501910851094
B1016016105728N02401754EA009060094500501810650110
B1016026105721N02401783EA009090094600501810583124
B1016036105711N02401807EA009110094500501910266138
B1016046105698N02401825EA009140094600501809948154
B1016056105685N02401834EA009170094800502109655170
B1016066105670N02401835EA009200095100501909391186
B1016076105657N02401828EA009230095500501808807200
B1016086105646N02401815EA009240095800601808732217
B1016096105637N02401796EA009260096100601908628235
B1016106105632N02401772EA009290096300602408921254
B1016116105630N02401744EA009270096400602109261269
B1016126105631N02401715EA009270096500702509626282
B1016136105636N02401687EA009260096500702510026296
B1016146105645N02401661EA009280096500702210528310
B1016156105656N02401638EA009300096500502310903323
B1016166105671N02401622EA009350096700502011120336
B1016176105686N02401612EA009390096900502211222349
B1016186105703N02401608EA009430097200502311350000
B1016196105720N02401613EA009430097600502411376012
B1016206105736N02401624EA009470097900602611502025
B1016216105750N02401643EA009460098200602711647039
B1016226105762N02401670EA009480098300602711704054
B1016236105771N02401701EA009480098400603211752067
B1016246105775N02401736EA009500098500502911733081
B1016256105776N02401771EA009510098600502711464095
B1016266105773N02401805EA009530098700502411259108
B1016276105766N02401835EA009550098900502210696123
B1016286105755N02401859EA009590099100502010142139
B1016296105743N02401876EA009620099400602109591156
B1016306105730N02401883EA009620099700502309225173
B1016316105716N02401882EA009610099900602409025192
B1016326105704N02401871EA009630100000602409161212
B1016336105693N02401853EA009630100000602609409230
B1016346105686N02401828EA009640100000602709702247
B1016356105682N02401799EA009650100000502809913262
B1016366105682N02401768EA009660100100502410086277
B1016376105686N02401738EA009680100200702310355292
B1016386105694N02401710EA009730100400702510487306
B1016396105704N02401686EA009770100700502910681320
B1016406105718N02401668EA009780101000602810723332
B1016416105733N02401656EA009800101300602410945342
B1016426105749N02401649EA009850101500502711065354
B1016436105765N02401649EA009840101700502511238004
B1016446105782N02401655EA009840101900502111341014
B1016456105798N02401667EA009860102100502311585026
B1016466105812N02401688EA009850102200602711936040
B1016476105825N02401715EA009840102100503212271052
B1016486105834N02401747EA009840102000502612432064
B1016496105840N02401783EA009860102000502312360076
B1016506105843N02401820EA009910102100502211885089
B1016516105841N02401855EA009950102400602211269103
B1016526105835N02401886EA009970102800602310656117
B1016536105826N02401913EA009990103200603010108131
B1016546105815N02401933EA009960103400603009745146
B1016556105802N02401946EA009950103500502609566160
B1016566105788N02401951EA009940103500502509572177
B1016576105774N02401948EA009940103300502409496194
B1016586105761N02401937EA009960103200502509649210
B1016596105750N02401919EA009970103200502409643225
B1017006105741N02401896EA010000103300502109600238
B1017016105735N02401869EA010020103500502109462251
B1017026105732N02401841EA010060103700502109375263
B1017036105732N02401812EA010100104100501809317275
B1017046105734N02401784EA010110104500702109361287
B1017056105740N02401757EA010110104800501909623299
B1017066105748N02401733EA010130105000701809816310
B1017076105759N02401712EA010150105100601710116321
B1017086105772N02401694EA010170105200601810422332
B1017096105786N02401682EA010190105400501910655341
B1017106105802N02401674EA010210105600501810829350
B1017116105818N02401670EA010220105800501611001359
B1017126105834N02401673EA010230106000501211058009
B1017136105850N02401682EA010260106200501411218019
B1017146105866N02401696EA010280106400501611362029
B1017156105880N02401716EA010280106600601811592040
B1017166105892N02401742EA010290106600601711849050
B1017176105902N02401772EA010320106700601911779061
B1017186105908N02401805EA010360106900602011588074
B1017196105911N02401840EA010400107200602411324088
B1017206105909N02401874EA010410107500602411066101
B1017216105904N02401905EA010430107800602310652115
B1017226105896N02401932EA010440108000602710249128
B1017236105885N02401953EA010440108100502809861145
B1017246105873N02401967EA010460108300502709443159
B1017256105859N02401972EA010490108400602709007179
B1017266105847N02401968EA010520108600602508690198
B1017276105835N02401956EA010510108800502508653214
B1017286105825N02401939EA010520108900502508679229
B1017296105818N02401916EA010530109000502308839243
B1017306105814N02401890EA010540109200502109054257
B1017316105813N02401863EA010560109300502109099272
B1017326105815N02401835EA010590109500501909247288
B1017336105821N02401810EA010590109700501809510304
B1017346105831N02401787EA010610110000501909871318
B1017356105843N02401770EA010620110100501910123331
B1017366105857N02401758EA010630110200601810593344
B1017376105873N02401753EA010640110300601911106356
B1017386105890N02401754EA010640110300501811519007
B1017396105907N02401762EA010660110400502011823018
B1017406105923N02401777EA010700110500501911932029
B1017416105937N02401798EA010720110700601911898041
B1017426105949N02401825EA010770110900601911745053
B1017436105958N02401856EA010810111300601611527065
B1017446105963N02401889EA010870111800601811144079
B1017456105964N02401922EA010870112200602010794095
B1017466105961N02401954EA010890112600602110252110
B1017476105954N02401981EA010870112800601809844124
B1017486105944N02402003EA010850112900601909579141
B1017496105932N02402018EA010830112800601909415158
B1017506105918N02402023EA010820112600602009492179
B1017516105904N02402018EA010800112300602109930198
B1017526105891N02402004EA010810112000602110270216
B1017536105880N02401982EA010840111900602310388232
B1017546105872N02401955EA010860112000602010350248
B1017556105869N02401925EA010920112300601809943263
B1017566105869N02401895EA011000112800601609509280
B1017576105874N02401868EA011050113500501709254297
B1017586105882N02401845EA011080114100501109330313
B1017596105893N02401827EA011070114600501709690328
B1018006105906N02401814EA011050114800501710228341
B1018016105922N02401806EA011040114800601711187350
B1018026105939N02401804EA011020114700501811626004
B1018036105956N02401810EA011020114500501912243014
B1018046105973N02401823EA011060114300501912572025
B1018056105990N02401843EA011110114500502012658035
B1018066106004N02401868EA011190114700602012384047
B1018076106014N02401898EA011240115200602311789060
B1018086106021N02401931EA011260115900602611414076
B1018096106022N02401966EA011290116500602311104092
B1018106106019N02401998EA011300116900602110804109
B1018116106012N02402027EA011300117100602110435126
B1018126106001N02402050EA011300117200602010088143
B1018136105988N02402064EA011290117200601809715160
B1018146105974N02402068EA011280117100601709581181
B1018156105960N02402063EA011270117000601809599200
B1018166105948N02402048EA011270116800602009686220
B1018176105939N02402026EA011270116800602009965239
B1018186105934N02401997EA011300116800602110237258
B1018196105933N02401966EA011320116900502010402275
F1018191008210232142422170328
B1018206105937N02401935EA011350117100501810649293
B1018216105945N02401906EA011400117400901810798308
B1018226105957N02401883EA011440117800901811004321
B1018236105970N02401865EA011470118200701811129334
B1018246105986N02401853EA011520118600701911180345
B1018256106003N02401847EA011530118900701911353355
B1018266106019N02401848EA011540119300702011482005
B1018276106037N02401854EA011560119600701911796014
B1018286106053N02401866EA011580119700701911917024
B1018296106069N02401884EA011600119800701912015033
B1018306106082N02401907EA011640120000702211765046
B1018316106092N02401937EA011640120300602211578062
B1018326106098N02401970EA011670120500602211434079
B1018336106098N02402005EA011670120600602611376094
B1018346106094N02402038EA011660120700602611239111
B1018356106086N02402067EA011670120700602610971129
B1018366106074N02402089EA011690120700602610751147
B1018376106060N02402103EA011700120800602610448164
B1018386106045N02402106EA011720121000602409945182
B1018396106031N02402100EA011740121200502409669202
B1018406106019N02402084EA011730121400502209620221
B1018416106010N02402062EA011730121500502309847241
B1018426106005N02402033EA011730121400502510150259
B1018436106004N02402001EA011740121400502210447275
B1018446106008N02401970EA011760121400501910715292
B1018456106016N02401942EA011800121600901710891308
B1018466106028N02401918EA011830121900601811001321
B1018476106042N02401900EA011860122200601711182333
B1018486106057N02401887EA011880122500601711424344
B1018496106074N02401881EA011890122800601411546355
B1018506106092N02401882EA011910123100601511692007
B1018516106109N02401890EA011910123300601611942018
B1018526106125N02401906EA011920123300601812277030
B1018536106140N02401928EA011930123400601712301041
B1018546106152N02401955EA011980123500601712075054
B1018556106161N02401988EA011970123700602011789068
B1018566106165N02402022EA011980123900602011560082
B1018576106165N02402057EA011980123900502111488096
B1018586106161N02402092EA011990123900502111480108
B1018596106154N02402123EA012010124000502011240121
B1019006106144N02402150EA012040124200501910954136
B1019016106131N02402169EA012070124400502010766152
B1019026106116N02402180EA012070124500502010455167
B1019036106101N02402183EA012110124800501809893181
B1019046106087N02402179EA012140125000501809452197
B1019056106075N02402166EA012160125300502009207215
B1019066106065N02402147EA012150125600502009339230
B1019076106057N02402123EA012160125700501909439242
B1019086106051N02402096EA012160125700501909530251
B1019096106047N02402068EA012160125800502009565254
B1019106106043N02402039EA012170125900502309627255
B1019116106040N02402010EA012180126000502109714254
B1019126106036N02401981EA012180126100501909805254
B1019136106032N02401952EA012170126200501709857254
B1019146106028N02401922EA012160126300501609921253
B1019156106024N02401893EA012150126200501310071253
B1019166106019N02401863EA012130126000501110163253
B1019176106015N02401833EA012130125900501610260253
B1019186106011N02401802EA012130125800501310345253
B1019196106006N02401771EA012130125700501510390254
B1019206106002N02401740EA012130125700501610384254
B1019216105998N02401710EA012130125700501710326254
B1019226105994N02401679EA012130125800501610278252
B1019236105989N02401649EA012120125800501710289251
B1019246105984N02401619EA012100125800501610393249
B1019256105978N02401589EA012080125700501210518248
B1019266105972N02401558EA012060125500501610678246
B1019276105966N02401528EA012030125200501110930245
B1019286105959N02401497EA011980125000501011139243
B1019296105951N02401467EA011960124700501011403240
B1019306105942N02401436EA011940124400501411748238
B1019316105932N02401405EA011910124100501612010236
B1019326105922N02401374EA011930123800501812210234
B1019336105911N02401344EA011910123700502012235232
B1019346105899N02401315EA011900123600502212317230
B1019356105888N02401286EA011910123600502412341229
B1019366105875N02401257EA011910123500502412352229
B1019376105863N02401228EA011900123500502312347228
B1019386105851N02401200EA011890123500502412345226
B1019396105838N02401173EA011880123500502212385223
B1019406105824N02401147EA011860123400502312494221
B1019416105810N02401122EA011860123200502412518219
B1019426105795N02401097EA011840123100502512594217
B1019436105780N02401074EA011850123000502612524216
B1019446105765N02401052EA011840123000502512429214
B1019456105750N02401031EA011820123000502312374213
B1019466105734N02401010EA011810122900502412338211
B1019476105718N02400991EA011800122700502512398209
B1019486105702N02400972EA011790122600502812409208
B1019496105686N02400953EA011780122500502812402208
B1019506105670N02400935EA011780122400502812399209
B1019516105654N02400916EA011770122300502712310210
B1019526105638N02400896EA011780122300502612216211
B1019536105623N02400876EA011770122300502512113212
B1019546105607N02400856EA011780122300502412038212
B1019556105592N02400837EA011760122300502312035211
B1019566105577N02400817EA011760122300502612048211
B1019576105562N02400797EA011730122200502312110212
B1019586105546N02400777EA011700122100502412169212
B1019596105531N02400756EA011700121900502612352213
B1020006105516N02400735EA011680121600502512409213
B1020016105500N02400714EA011670121400502612385213
B1020026105485N02400693EA011650121300502612358213
B1020036105469N02400672EA011640121300502312349213
B1020046105454N02400651EA011620121100502212375213
B1020056105439N02400630EA011600121000502512415213
B1020066105423N02400608EA011570120800502412517213
B1020076105408N02400586EA011560120500502412508214
B1020086105392N02400565EA011520120300502312549214
B1020096105377N02400542EA011520120100502812602215
B1020106105361N02400520EA011530119900502712662215
B1020116105346N02400497EA011530119800502312614215
B1020126105331N02400475EA011530119800502512582214
B1020136105315N02400453EA011530119800502612553214
B1020146105300N02400431EA011550119800502512447213
B1020156105284N02400410EA011560119900502412319214
B1020166105269N02400389EA011560120000502312198214
B1020176105254N02400368EA011570120200502012070214
B1020186105239N02400347EA011580120300501911944214
B1020196105225N02400326EA011580120400502011867214
B1020206105210N02400305EA011580120400502111830215
B1020216105196N02400284EA011560120400502111838215
B1020226105181N02400262EA011560120300502011948216
B1020236105167N02400240EA011550120200502012062217
B1020246105153N02400217EA011530120100502012143218
B1020256105139N02400194EA011520120000502212249218
B1020266105124N02400170EA011520119900502312240219
B1020276105110N02400146EA011520119900502312172219
B1020286105096N02400123EA011550119900502312108219
B1020296105082N02400099EA011540119900502312058218
B1020306105068N02400076EA011530119900502212006217
B1020316105054N02400054EA011520120000502411956217
B1020326105039N02400031EA011520119900502511970217
B1020336105025N02400009EA011510119900502411969218
B1020346105011N02359986EA011470119800502012083218
B1020356104997N02359962EA011450119600502112264218
B1020366104982N02359939EA011410119300502112517218
B1020376104967N02359915EA011390119000502412738218
B1020386104952N02359890EA011340118700502312936218
B1020396104937N02359865EA011330118400502713126218
B1020406104922N02359840EA011320118100502613261218
B1020416104906N02359815EA011300117800502513269217
B1020426104890N02359790EA011280117600502713225217
B1020436104875N02359765EA011270117400502713322217
B1020446104859N02359740EA011270117300502613312217
B1020456104843N02359715EA011280117300502513265217
B1020466104827N02359690EA011280117300502313234217
B1020476104812N02359665EA011290117300502313078218
B1020486104796N02359640EA011320117300502312962218
B1020496104781N02359615EA011290117400502112874218
B1020506104766N02359591EA011290117400502312799218
B1020516104752N02359566EA011290117400502412790219
B1020526104737N02359541EA011300117400502612798219
B1020536104722N02359515EA011290117400502512830219
B1020546104707N02359490EA011310117400502312713219
B1020556104693N02359465EA011330117500502312545219
B1020566104678N02359441EA011340117700502512422219
B1020576104664N02359416EA011370117900502512290220
LLXVBATT:22.2% (3.80V) 102058
B1020586104650N02359392EA011390118100502412113220
B1020596104636N02359368EA011420118300502111897219
B1021006104623N02359345EA011450118500502311675218
B1021016104609N02359323EA011470118800502311462218
B1021026104596N02359301EA011500119000502311277218
B1021036104583N02359280EA011510119300502211099218
B1021046104570N02359259EA011530119500502010967218
B1021056104557N02359238EA011540119700501810827219
B1021066104545N02359217EA011560119900501710714219
B1021076104532N02359196EA011560120000502210626219
B1021086104520N02359175EA011550120100502010641219
B1021096104508N02359154EA011530120100502110740219
B1021106104495N02359133EA011510120000501710960219
B1021116104482N02359111EA011500119800501611028219
B1021126104470N02359089EA011500119700501611157219
B1021136104457N02359067EA011480119600501811206220
B1021146104444N02359045EA011470119500501911232221
B1021156104432N02359021EA011470119400502211301222
B1021166104419N02358997EA011450119300502311323224
B1021176104407N02358973EA011420119200502111435224
B1021186104395N02358948EA011400119100502311496225
B1021196104383N02358922EA011380118800502511598226
B1021206104372N02358895EA011360118600502311749228
B1021216104360N02358868EA011360118400501911920228
B1021226104348N02358840EA011350118300501812045229
B1021236104337N02358811EA011360118200502012129230
B1021246104325N02358783EA011360118200501912084230
B1021256104314N02358753EA011360118200602012089232
B1021266104303N02358724EA011380118200602112036232
B1021276104292N02358694EA011390118300601911979233
B1021286104282N02358664EA011390118400601911933234
B1021296104271N02358634EA011390118400601911932236
B1021306104262N02358603EA011410118500601811826237
B1021316104252N02358573EA011410118500601811892237
B1021326104243N02358542EA011430118600601811848237
B1021336104233N02358511EA011460118700601811718238
B1021346104224N02358480EA011470118900601711582237
B1021356104215N02358450EA011510119100602011343237
B1021366104206N02358421EA011520119400601911075236
B1021376104197N02358393EA011520119700601810886236
B1021386104188N02358365EA011540119800601910826236
B1021396104179N02358337EA011530119900501910794238
B1021406104171N02358309EA011530119900602010869238
B1021416104162N02358280EA011510119800602210968238
B1021426104154N02358251EA011500119700602511089239
B1021436104145N02358221EA011490119600602411167239
B1021446104137N02358191EA011490119600602411211239
B1021456104129N02358161EA011480119500602211243240
B1021466104120N02358131EA011480119500602311243240
B1021476104112N02358101EA011480119400602211213241
B1021486104104N02358070EA011470119400502411208242
B1021496104097N02358039EA011460119400502111205244
B1021506104090N02358008EA011460119300502011243246
B1021516104084N02357976EA011460119200502111250248
B1021526104078N02357943EA011430119200502111259249
B1021536104072N02357910EA011400119000502111350251
B1021546104067N02357877EA011390118800502011495253
B1021556104063N02357842EA011360118600502411668256
B1021566104059N02357807EA011330118300502311831258
B1021576104055N02357771EA011300118000502412002260
B1021586104052N02357734EA011270117700502412121261
B1021596104050N02357697EA011250117500502112253262
B1022006104047N02357659EA011230117200501912416263
B1022016104045N02357621EA011220117000502112493263
B1022026104044N02357582EA011200116800502312607264
B1022036104042N02357544EA011200116600502412606265
B1022046104041N02357505EA011190116500502312611266
B1022056104040N02357466EA011180116400502612594266
B1022066104039N02357427EA011180116300502612588266
B1022076104038N02357389EA011180116300502412547266
B1022086104037N02357350EA011170116200502312481266
B1022096104035N02357312EA011170116200502312470266
B1022106104034N02357273EA011160116100502312493266
B1022116104033N02357235EA011140116100502312468266
B1022126104032N02357197EA011140116000502312460266
B1022136104030N02357158EA011130116000502312455266
B1022146104029N02357120EA011110115800502312483267
B1022156104029N02357081EA011110115700502412568266
B1022166104027N02357042EA011090115600502212637266
B1022176104026N02357003EA011080115500502112678265
B1022186104025N02356965EA011080115400502212665265
B1022196104023N02356926EA011070115300502212647265
B1022206104022N02356887EA011060115200502312624265
B1022216104021N02356848EA011080115200502312614266
B1022226104019N02356809EA011080115200502312519266
B1022236104018N02356771EA011100115300502512430266
B1022246104017N02356733EA011100115300502212313266
B1022256104016N02356695EA011100115400502012248267
B1022266104016N02356657EA011090115500502012218268
B1022276104015N02356620EA011090115400502012263268
B1022286104015N02356582EA011080115400502212297269
B1022296104015N02356544EA011040115300502312340269
B1022306104014N02356506EA011040115100502612407269
B1022316104014N02356467EA011040115000502612427269
B1022326104014N02356429EA011040114900502412428269
B1022336104014N02356391EA011030114800502312387270
B1022346104014N02356352EA011030114800502412399270
B1022356104014N02356314EA011000114700502612392270
B1022366104014N02356276EA011000114600502612405270
B1022376104014N02356238EA010990114500502612387270
B1022386104015N02356199EA010980114400502512346271
B1022396104015N02356161EA010970114300502512353271
B1022406104016N02356123EA010950114200502312433271
B1022416104016N02356084EA010940114100502412521272
B1022426104017N02356046EA010930114000502312564272
B1022436104018N02356007EA010930113900502512552272
B1022446104019N02355968EA010920113800502712488272
B1022456104019N02355930EA010910113700502412445272
B1022466104020N02355892EA010910113700502512446271
B1022476104020N02355853EA010900113600502512420271
B1022486104021N02355815EA010890113500502512415270
B1022496104021N02355777EA010890113500502512429270
B1022506104021N02355738EA010880113400502412423270
B1022516104021N02355700EA010880113300502412401270
B1022526104021N02355662EA010880113300502312341270
B1022536104021N02355624EA010880113300502212334269
B1022546104021N02355586EA010880113300502212318269
B1022556104021N02355548EA010870113300502112321269
B1022566104021N02355510EA010870113300502512304269
B1022576104021N02355472EA010870113300502612284269
B1022586104021N02355434EA010870113200502412262269
B1022596104021N02355396EA010870113200502312251270
B1023006104021N02355358EA010870113200502412230269
B1023016104021N02355321EA010870113100502312225269
B1023026104021N02355283EA010870113100502412172269
B1023036104021N02355245EA010880113200502412148269
B1023046104021N02355208EA010870113200502312102269
B1023056104020N02355171EA010870113200502212083268
B1023066104020N02355133EA010880113200502112048268
B1023076104019N02355096EA010880113200501911983268
B1023086104019N02355060EA010890113200502011872268
B1023096104018N02355023EA010900113300502311827268
B1023106104018N02354987EA010890113300502411759268
B1023116104017N02354950EA010880113300602111733268
B1023126104017N02354914EA010880113300602011747268
B1023136104016N02354878EA010880113200602111756268
B1023146104016N02354842EA010880113200602311777268
B1023156104015N02354805EA010870113200602111796268
B1023166104015N02354769EA010870113100601911764268
B1023176104014N02354733EA010870113100602211758268
B1023186104014N02354696EA010880113100602311715268
B1023196104013N02354661EA010890113100602111627268
B1023206104013N02354625EA010890113200602011548268
B1023216104012N02354589EA010890113300602211473268
B1023226104012N02354554EA010890113300602111475268
B1023236104011N02354518EA010880113300602011498268
B1023246104011N02354483EA010870113200602111540268
B1023256104010N02354447EA010850113200602111633268
B1023266104010N02354411EA010840113100602011702268
B1023276104009N02354375EA010840113000602211758268
B1023286104009N02354339EA010830112900602311784268
B1023296104008N02354302EA010820112800602311773268
B1023306104008N02354266EA010820112800602011719268
B1023316104007N02354230EA010810112800602311698268
B1023326104007N02354194EA010810112700602211710268
B1023336104006N02354158EA010800112700602311725268
B1023346104006N02354122EA010800112600602011816268
B1023356104006N02354085EA010790112500602111831268
B1023366104005N02354049EA010790112500602211872268
B1023376104005N02354012EA010790112500602211859268
B1023386104004N02353975EA010780112400601911871268
B1023396104004N02353939EA010760112400601811843268
B1023406104003N02353902EA010750112300602011886268
B1023416104003N02353866EA010740112200602111936269
B1023426104003N02353829EA010720112000602512002269
B1023436104003N02353791EA010710111900602212079269
B1023446104003N02353754EA010690111800602212172269
B1023456104003N02353716EA010680111600602212324269
B1023466104003N02353678EA010660111500602212399269
B1023476104002N02353640EA010660111300602312456269
B1023486104003N02353601EA010660111300602312474270
B1023496104003N02353563EA010660111200602412466271
B1023506104003N02353525EA010660111200602212420272
B1023516104004N02353486EA010660111200602312398273
B1023526104005N02353448EA010650111200602112395274
B1023536104007N02353410EA010650111200602212447274
B1023546104009N02353372EA010650111200602212470275
B1023556104011N02353333EA010640111100602312531276
B1023566104013N02353295EA010640111000602312616277
B1023576104015N02353256EA010650111000602212633278
B1023586104018N02353218EA010650111000602212646279
B1023596104022N02353179EA010640111000602312631280
B1024006104025N02353141EA010650111000602312642281
B1024016104029N02353103EA010630111000602112661282
B1024026104033N02353065EA010620110900602012732282
B1024036104038N02353026EA010620110900601812818283
B1024046104043N02352988EA010610110800602012909284
B1024056104048N02352949EA010610110800601912980286
B1024066104053N02352911EA010600110700602013007286
B1024076104059N02352872EA010580110600602213053287
B1024086104065N02352834EA010570110500602313161288
B1024096104071N02352795EA010550110400602413289288
B1024106104078N02352756EA010540110200602413376288
B1024116104084N02352717EA010550110100602613455289
B1024126104091N02352678EA010540110000602513446290
B1024136104099N02352640EA010550110000602413348291
B1024146104106N02352601EA010550110100602313255292
B1024156104113N02352564EA010560110100602113128292
B1024166104121N02352527EA010550110100602213000293
B1024176104129N02352490EA010530110200602212969293
B1024186104137N02352453EA010520110100602112964293
B1024196104145N02352417EA010500109900601913021293
B1024206104152N02352380EA010480109800602013084293
B1024216104160N02352343EA010470109600602113157293
B1024226104168N02352306EA010460109400602113200294
B1024236104176N02352268EA010450109300602113222293
B1024246104184N02352231EA010430109200602113235293
B1024256104192N02352194EA010430109000602113241293
B1024266104200N02352156EA010440109000602113240293
B1024276104208N02352119EA010440109000602313177293
B1024286104216N02352082EA010440109000602213164294
B1024296104224N02352045EA010440109000602113104294
B1024306104232N02352008EA010450109100602213032293
B1024316104240N02351971EA010440109100602412975293
B1024326104248N02351935EA010430109100602212997293
B1024336104256N02351898EA010430109100602113010292
B1024346104263N02351861EA010410109000602313092292
B1024356104270N02351823EA010400108900602613109292
B1024366104278N02351786EA010410108800602613145292
B1024376104285N02351748EA010380108700602613118291
B1024386104292N02351711EA010380108600602713035290
B1024396104299N02351673EA010360108500602713069290
B1024406104306N02351635EA010340108300602613096290
B1024416104313N02351597EA010340108200602413160290
B1024426104320N02351559EA010350108100602313158290
B1024436104326N02351521EA010350108100602413140290
B1024446104333N02351483EA010360108200602313064289
B1024456104340N02351445EA010380108200602312969289
B1024466104346N02351407EA010380108300602212887289
B1024476104352N02351370EA010380108400602112823288
B1024486104358N02351333EA010390108500602112748288
B1024496104364N02351295EA010400108600602212719287
B1024506104370N02351258EA010400108600602212645287
B1024516104376N02351221EA010400108600602212604286
B1024526104381N02351183EA010390108600602112569286
B1024536104386N02351146EA010390108600602112579285
B1024546104391N02351109EA010400108600601912557284
B1024556104395N02351071EA010410108600601912497283
B1024566104400N02351034EA010410108700602112445282
B1024576104404N02350996EA010410108700602112374281
B1024586104407N02350959EA010410108800602212392280
B1024596104411N02350921EA010420108700602112385279
B1025006104414N02350883EA010430108800602212298279
B1025016104416N02350846EA010440108800602312176279
B1025026104419N02350809EA010450108900602212113279
B1025036104422N02350772EA010460109000602212008279
B1025046104425N02350736EA010460109100602011952278
B1025056104428N02350699EA010460109200602011914277
B1025066104430N02350663EA010480109300601911873277
B1025076104432N02350627EA010470109300601811825276
B1025086104434N02350591EA010470109400601711749276
B1025096104436N02350555EA010480109400601611707274
B1025106104437N02350519EA010470109400601811690273
B1025116104438N02350483EA010470109400601811612273
B1025126104439N02350447EA010470109300601711574272
B1025136104439N02350411EA010460109300601811523270
B1025146104440N02350375EA010460109300601811581269
B1025156104439N02350340EA010450109200601711620269
B1025166104439N02350304EA010460109100601511579269
B1025176104439N02350268EA010460109100601211455269
B1025186104439N02350233EA010460109100601711286269
B1025196104438N02350199EA010460109100601711131269
B1025206104438N02350164EA010460109100601711017269
B1025216104438N02350131EA010470109200601110926270
B1025226104438N02350097EA010460109200601610872270
B1025236104438N02350063EA010430109200601110858270
B1025246104438N02350030EA010420109000601410900269
B1025256104438N02349996EA010400108900601210967269
B1025266104438N02349962EA010390108700601211066268
B1025276104437N02349928EA010370108600601811136269
B1025286104437N02349893EA010350108400501811214268
F102528100821023219142422170328010001
B1025296104437N02349859EA010330108200501711303268
B1025306104436N02349823EA010320108000501911423267
B1025316104435N02349788EA010290107800501911498267
B1025326104435N02349753EA010260107600501911633267
B1025336104434N02349717EA010250107400501811742267
B1025346104433N02349680EA010230107200501711809267
B1025356104433N02349644EA010210107000501911896267
B1025366104432N02349607EA010200106800502111944267
B1025376104431N02349570EA010190106600502111973266
B1025386104429N02349533EA010170106400502012022265
B1025396104428N02349496EA010160106300502111978264
B1025406104426N02349460EA010150106200502011962263
B1025416104424N02349423EA010140106100502011972262
B1025426104422N02349387EA010130106000502011953262
B1025436104419N02349350EA010130105900502011942261
B1025446104416N02349314EA010120105800502011894260
B1025456104413N02349278EA010120105800502211865260
B1025466104410N02349242EA010110105700502411844259
B1025476104407N02349206EA010090105600502211820259
B1025486104404N02349170EA010090105500502211806259
B1025496104401N02349134EA010070105400502011826259
B1025506104397N02349098EA010060105300501911813259
B1025516104394N02349063EA010060105200502011852259
B1025526104391N02349027EA010040105100502111855259
B1025536104388N02348991EA010040105000502111889259
B1025546104384N02348954EA010030104900502011911259
B1025556104381N02348918EA010020104800502011925259
B1025566104378N02348882EA010020104800502211913259
B1025576104375N02348846EA010020104700502011886259
B1025586104371N02348810EA010010104600502111827258
B1025596104368N02348775EA010000104600502111757258
LLXVBATT:22.3% (3.80V) 102600
B1026006104364N02348739EA010010104600501911706258
B1026016104361N02348704EA009990104500502111626258
B1026026104357N02348669EA009990104500502111643257
B1026036104354N02348634EA009970104400502111597258
B1026046104350N02348599EA009970104300502111598257
B1026056104346N02348564EA009960104200502311590257
B1026066104342N02348529EA009940104100502411639257
B1026076104339N02348494EA009920103900502311667257
B1026086104335N02348459EA009900103800502111709257
B1026096104331N02348423EA009890103600502211785256
B1026106104327N02348388EA009880103500502311780256
B1026116104323N02348353EA009860103300502111794256
B1026126104319N02348317EA009850103200502311810256
B1026136104315N02348282EA009830103000502311815256
B1026146104310N02348246EA009820102900502411798255
B1026156104306N02348211EA009820102800502411797255
B1026166104302N02348176EA009810102700502311788255
B1026176104297N02348141EA009810102600502311772255
B1026186104293N02348106EA009810102500502511723255
B1026196104289N02348071EA009810102500502311703255
B1026206104284N02348036EA009800102500502411659255
B1026216104280N02348001EA009800102500502411614255
B1026226104275N02347967EA009780102400502211543255
B1026236104271N02347932EA009790102400502011474255
B1026246104267N02347898EA009780102300502011478255
B1026256104263N02347864EA009760102200502111395256
B1026266104258N02347830EA009750102100502111401255
B1026276104254N02347796EA009740102000502211390255
B1026286104250N02347762EA009740101900502211328255
B1026296104246N02347728EA009730101800502111301255
B1026306104241N02347694EA009710101700502011255254
B1026316104237N02347661EA009710101600501911193254
B1026326104232N02347628EA009700101500502111119254
B1026336104228N02347595EA009690101500501911089253
B1026346104223N02347562EA009690101400502011027254
B1026356104219N02347529EA009680101300502010994254
B1026366104214N02347497EA009680101300502110963254
B1026376104210N02347464EA009670101200502110894254
B1026386104205N02347432EA009680101200502010928254
B1026396104201N02347399EA009670101200502110890255
B1026406104197N02347367EA009670101200502010874255
B1026416104193N02347334EA009670101200501910834255
B1026426104188N02347302EA009680101200501710841254
B1026436104184N02347270EA009670101200501710827253
B1026446104179N02347238EA009660101100501610916253
B1026456104175N02347206EA009650101100501711018252
B1026466104170N02347173EA009650101000501911096252
B1026476104165N02347140EA009650101000502111073252
B1026486104160N02347108EA009670100900501911024252
B1026496104155N02347075EA009670101000501910929252
B1026506104150N02347043EA009680101100501910881252
B1026516104145N02347011EA009670101100501810869252
B1026526104140N02346980EA009670101100502010840251
B1026536104135N02346948EA009650101100502010915251
B1026546104130N02346916EA009640101000502010996251
B1026556104125N02346883EA009620100900502111097251
B1026566104119N02346851EA009610100700502411212251
B1026576104114N02346818EA009600100600502311279251
B1026586104109N02346785EA009590100400502411326251
B1026596104103N02346752EA009580100300502411284251
B1027006104098N02346719EA009570100200502411273251
B1027016104092N02346686EA009560100100502611284251
B1027026104087N02346653EA009550100000502811280251
B1027036104082N02346620EA009530099900502611315251
B1027046104076N02346587EA009520099800502511346250
B1027056104071N02346554EA009510099600502511374251
B1027066104065N02346521EA009500099500502311418251
B1027076104060N02346487EA009480099400502411455251
B1027086104054N02346454EA009480099200502411474251
B1027096104049N02346420EA009470099200502511458251
B1027106104043N02346387EA009470099100502511448251
B1027116104038N02346353EA009460099000502211441252
B1027126104033N02346319EA009460099000502211449252
B1027136104028N02346286EA009450098900502411481254
B1027146104024N02346251EA009440098800502411510255
B1027156104020N02346217EA009420098800502311546257
B1027166104016N02346182EA009410098600502311634259
B1027176104013N02346146EA009400098500502311689261
B1027186104011N02346111EA009400098500502511722264
B1027196104009N02346075EA009380098400502511752265
B1027206104008N02346038EA009380098300502611774267
B1027216104008N02346002EA009380098200502511802268
B1027226104007N02345965EA009360098100502611787269
B1027236104007N02345929EA009350098000502611812268
B1027246104007N02345893EA009350098000502511859268
B1027256104006N02345856EA009330097900502411930268
B1027266104005N02345819EA009330097800502411913267
B1027276104005N02345782EA009320097800502311888268
B1027286104005N02345746EA009290097600502311915268
B1027296104004N02345709EA009270097500502412011269
B1027306104004N02345672EA009250097300502512160270
B1027316104004N02345634EA009230097100502512298271
B1027326104005N02345596EA009210096800502612419271
B1027336104005N02345557EA009200096700502612503271
B1027346104006N02345519EA009190096500502412508271
B1027356104006N02345480EA009190096400502412478271
B1027366104007N02345442EA009180096300502212458270
B1027376104007N02345403EA009160096200502212420270
B1027386104007N02345365EA009150096200502112366270
B1027396104007N02345327EA009140096100502112341270
B1027406104007N02345289EA009130096000502012313270
B1027416104007N02345251EA009120095900502212304270
B1027426104008N02345213EA009110095800502512286270
B1027436104008N02345175EA009100095700502512274270
B1027446104008N02345137EA009090095600502612250270
B1027456104008N02345100EA009080095500503012215269
B1027466104008N02345062EA009080095400502712179269
B1027476104008N02345025EA009060095300502912157269
B1027486104008N02344987EA009050095200502812127269
B1027496104008N02344950EA009030095100502712124269
B1027506104007N02344913EA009020095000502612105269
B1027516104007N02344875EA009000094800502612096269
B1027526104007N02344838EA008980094700502512097269
B1027536104007N02344801EA008970094500502612139268
B1027546104007N02344763EA008950094300502612204268
B1027556104006N02344726EA008940094200502712233268
B1027566104005N02344688EA008920094100502612294267
B1027576104005N02344650EA008910093900502512330267
B1027586104004N02344612EA008890093700502412359267
B1027596104003N02344573EA008870093500502612504270
B1028006104004N02344535EA008860093400502512701275
B1028016104007N02344495EA008850093200502612909279
B1028026104011N02344456EA008830093100502613013283
B1028036104016N02344417EA008820093000502313186287
B1028046104023N02344379EA008810092800502513301292
B1028056104031N02344342EA008830092700502713417298
B1028066104042N02344306EA008820092700502913520305
B1028076104054N02344274EA008820092700502713596311
B1028086104068N02344244EA008810092800502613715318
B1028096104085N02344218EA008810092900502313863325
B1028106104102N02344196EA008800092800502013983333
B1028116104122N02344179EA008790092800502014117340
B1028126104142N02344167EA008780092700502214329348
B1028136104163N02344160EA008760092600502414445355
B1028146104185N02344159EA008740092400502114573002
B1028156104207N02344164EA008730092300602114712009
B1028166104228N02344175EA008720092100602114810016
B1028176104249N02344190EA008700091900502414804023
B1028186104269N02344210EA008690091800602314778029
B1028196104287N02344235EA008660091600602514818035
B1028206104305N02344263EA008650091400602214745041
B1028216104321N02344294EA008630091400502314711045
B1028226104336N02344327EA008620091200502314639048
B1028236104349N02344362EA008610091100502514572051
B1028246104362N02344398EA008600091000502614519054
B1028256104375N02344435EA008570090800502614461057
B1028266104386N02344473EA008560090600502314426059
B1028276104396N02344512EA008550090400502414414061
B1028286104406N02344551EA008540090200502414351063
B1028296104416N02344591EA008540090100502314305065
B1028306104424N02344631EA008560090100502214182065
B1028316104433N02344671EA008570090200502414052065
B1028326104442N02344710EA008590090300502413923065
B1028336104450N02344750EA008610090400502413856066
B1028346104459N02344789EA008600090500502413722066
B1028356104467N02344828EA008620090700502413706067
B1028366104474N02344867EA008610090800502513685067
B1028376104482N02344906EA008610090800502313631068
B1028386104490N02344945EA008600090800502413596068
B1028396104497N02344984EA008590090800502413597069
B1028406104504N02345024EA008570090700502513657069
B1028416104511N02345063EA008550090500502613708070
B1028426104518N02345104EA008520090300502213764071
B1028436104524N02345144EA008500090100502213850072
B1028446104530N02345185EA008490089800502313941073
B1028456104536N02345227EA008490089600502314033074
B1028466104542N02345269EA008480089400502414161074
B1028476104547N02345311EA008490089300502314245075
B1028486104553N02345353EA008520089300502214184075
B1028496104558N02345395EA008560089500502413984075
B1028506104563N02345437EA008590089700502413677074
B1028516104569N02345477EA008620090100502313402072
B1028526104575N02345516EA008640090400502213093072
B1028536104581N02345554EA008630090700502312867072
B1028546104587N02345592EA008620090800502212755072
B1028556104592N02345629EA008600090900502212750073
B1028566104597N02345667EA008570090800502212809074
B1028576104602N02345706EA008530090500502413011074
B1028586104608N02345745EA008500090200502313248074
B1028596104613N02345785EA008460089800502313547074
B1029006104618N02345825EA008430089500502113749074
B1029016104624N02345867EA008410089100502013956075
B1029026104629N02345909EA008390088900502214101075
B1029036104634N02345951EA008370088600502214159076
B1029046104639N02345993EA008350088400502214220076
B1029056104644N02346036EA008330088200502514290076
B1029066104649N02346079EA008310088000502414337077
B1029076104653N02346122EA008310087900502714286077
B1029086104658N02346165EA008300087700502614270077
B1029096104662N02346208EA008300087600502514199078
B1029106104667N02346251EA008300087600502414113078
B1029116104671N02346294EA008300087600502314031078
B1029126104675N02346336EA008310087600502413946079
B1029136104679N02346378EA008300087600502113856079
B1029146104682N02346420EA008280087500502313806079
B1029156104686N02346462EA008260087500502213810079
B1029166104690N02346504EA008230087400502113924079
B1029176104694N02346547EA008200087100502214047079
B1029186104698N02346589EA008180086900502314205079
B1029196104701N02346633EA008150086600502314339079
B1029206104705N02346677EA008120086300602414462079
F1029201008210232192422170328
B1029216104709N02346721EA008110086000502514529079
B1029226104713N02346765EA008080085800502514530079
B1029236104717N02346809EA008070085600502414540080
B1029246104720N02346853EA008060085400502314462080
B1029256104724N02346897EA008060085300502614428080
B1029266104727N02346941EA008060085200502514408081
B1029276104731N02346985EA008060085100502514329080
B1029286104734N02347028EA008040085100502314217080
B1029296104737N02347072EA008030085000502114148080
B1029306104741N02347115EA008010084900502614105080
B1029316104744N02347157EA008000084800502514047080
B1029326104748N02347200EA007990084600502513990080
B1029336104751N02347243EA008000084600502713937081
B1029346104754N02347285EA008000084500502813899081
B1029356104757N02347327EA007990084500502713840081
B1029366104760N02347370EA007990084500502613822081
B1029376104763N02347412EA007990084400502513826081
B1029386104766N02347454EA008000084400502313791081
B1029396104769N02347496EA008010084400502613692082
B1029406104772N02347538EA008010084500502513599082
B1029416104775N02347579EA008030084500502413556082
B1029426104777N02347621EA008030084600502313455082
B1029436104780N02347662EA008030084700502213392082
B1029446104783N02347703EA008030084700502213355082
B1029456104785N02347743EA008030084700502313313082
B1029466104788N02347784EA008020084700502313290082
B1029476104791N02347825EA007980084600502113270082
B1029486104793N02347865EA007970084500502213331082
B1029496104796N02347906EA007950084300502313394083
B1029506104798N02347947EA007940084100502413491082
B1029516104801N02347989EA007910083900502313551082
B1029526104803N02348030EA007890083800502413650082
B1029536104806N02348072EA007870083500502613735081
B1029546104809N02348114EA007840083300502513790081
B1029556104812N02348156EA007820083100502313824080
B1029566104816N02348198EA007790082800502413859080
B1029576104820N02348240EA007780082600502413888079
B1029586104823N02348283EA007770082400502213965079
B1029596104827N02348325EA007750082200502013993079
B1030006104831N02348368EA007740082000502014021078
B1030016104835N02348410EA007730081900501914001078
B1030026104839N02348452EA007720081800502113969078
B1030036104843N02348494EA007710081700502213908078
B1030046104847N02348537EA007700081600502113884078
B1030056104851N02348579EA007690081500502313845078
B1030066104855N02348620EA007680081300502313838079
B1030076104859N02348662EA007670081200502413743079
B1030086104863N02348704EA007660081100502413698079
B1030096104867N02348745EA007640081000502313671079
B1030106104870N02348787EA007640080900502213644079
B1030116104874N02348828EA007620080800502313656079
B1030126104878N02348870EA007600080600502113660079
B1030136104882N02348911EA007590080500502213622079
B1030146104885N02348952EA007580080400502213624079
B1030156104889N02348994EA007570080200502113550080
B1030166104892N02349035EA007560080100501913520080
B1030176104896N02349076EA007560080100502013475080
B1030186104899N02349117EA007550080000502213462080
B1030196104903N02349157EA007540079900502213395080
B1030206104906N02349198EA007530079800501913309080
B1030216104909N02349239EA007530079700501813293080
B1030226104913N02349279EA007510079600501913209080
B1030236104916N02349319EA007500079500501813229080
B1030246104919N02349359EA007490079400502113248080
B1030256104922N02349400EA007470079200502213263080
B1030266104925N02349440EA007450079100502113321081
B1030276104928N02349481EA007450079000501913304081
B1030286104931N02349521EA007440078800501913323081
B1030296104934N02349562EA007430078700502013291081
B1030306104937N02349603EA007420078600502213299082
B1030316104940N02349643EA007420078500502313272082
B1030326104942N02349684EA007410078500502513231082
B1030336104945N02349724EA007410078400502413205082
B1030346104947N02349765EA007410078400502113191082
B1030356104950N02349805EA007400078400502313171081
B1030366104953N02349845EA007400078300502113151082
B1030376104956N02349885EA007390078300502113151081
B1030386104958N02349926EA007380078200502313150081
B1030396104961N02349966EA007370078200502013186081
B1030406104964N02350006EA007360078100501913216082
B1030416104967N02350047EA007360078000501813238082
B1030426104969N02350087EA007350077900501713255082
B1030436104972N02350128EA007350077800501813210082
B1030446104974N02350168EA007340077700501713198082
B1030456104976N02350208EA007350077700501613137083
B1030466104979N02350248EA007340077700501613089083
B1030476104981N02350289EA007330077600501813104084
B1030486104983N02350329EA007320077600502013114084
B1030496104984N02350369EA007310077500502113157085
B1030506104986N02350410EA007300077500502013192085
B1030516104987N02350451EA007290077300502213192086
B1030526104988N02350491EA007280077200502413218087
B1030536104989N02350532EA007270077100502313192087
B1030546104990N02350573EA007270077000502213158088
B1030556104990N02350613EA007270077000502213091088
B1030566104991N02350653EA007260076900502213031088
B1030576104991N02350693EA007260076900502212940088
B1030586104992N02350733EA007260076900502212868089
B1030596104992N02350773EA007250076900502112800089
B1031006104992N02350812EA007250076800502012753090
B1031016104992N02350852EA007230076800502012758090
LLXVBATT:22.4% (3.80V) 103102
B1031026104991N02350891EA007210076700502012739091
B1031036104991N02350930EA007200076500502012730092
B1031046104990N02350970EA007180076400502112720092
B1031056104989N02351009EA007160076200502112737093
B1031066104988N02351048EA007150076100502212700094
B1031076104986N02351087EA007140075900502112704094
B1031086104985N02351126EA007120075700502212783095
B1031096104983N02351165EA007110075500502012763095
B1031106104981N02351205EA007100075400502212782096
B1031116104979N02351244EA007090075300502212787096
B1031126104977N02351283EA007080075200502312775096
B1031136104975N02351322EA007060075000502112817096
B1031146104973N02351362EA007050074900502112844097
B1031156104970N02351401EA007040074800501812917097
B1031166104968N02351441EA007030074600501812991098
B1031176104965N02351480EA007050074500501713019099
B1031186104961N02351520EA007080074500501612972100
B1031196104958N02351559EA007110074600501612723099
B1031206104955N02351597EA007150074900501912415099
B1031216104952N02351634EA007200075300501812035098
B1031226104950N02351670EA007250075800501811644097
B1031236104948N02351705EA007300076300501711317096
B1031246104946N02351739EA007340076800501910892098
B1031256104943N02351772EA007350077200502110591101
B1031266104939N02351804EA007370077600502210351104
B1031276104935N02351834EA007370077800501910231107
B1031286104930N02351864EA007360077900501610206109
B1031296104925N02351893EA007340077900501110238110
B1031306104919N02351923EA007330077800501710415111
B1031316104913N02351953EA007300077600501910705111
B1031326104907N02351984EA007300077400501711071111
B1031336104901N02352016EA007320077300502011160113
B1031346104894N02352047EA007320077300502110991115
B1031356104887N02352077EA007340077400502010685118
B1031366104879N02352105EA007350077600501810313122
B1031376104870N02352131EA007340077700501610092125
B1031386104862N02352156EA007330077700501309997126
B1031396104853N02352180EA007310077700501410038127
B1031406104843N02352205EA007280077500501110210128
B1031416104834N02352230EA007250077200501410472129
B1031426104824N02352255EA007220076900501510724129
B1031436104813N02352281EA007190076600501510986129
B1031446104803N02352308EA007180076300601211190129
B1031456104792N02352334EA007160076000601011285130
B1031466104781N02352361EA007150075900601011338130
B1031476104771N02352388EA007150075700601511294129
B1031486104760N02352415EA007150075600601211295128
B1031496104750N02352443EA007140075600601411271126
B1031506104740N02352471EA007130075500601511261125
B1031516104730N02352499EA007120075500601211296125
B1031526104720N02352528EA007100075400601311254124
B1031536104711N02352556EA007090075300601011230123
B1031546104702N02352585EA007080075100601311284122
B1031556104693N02352615EA007060075000601311314121
B1031566104684N02352645EA007050074800601011400120
B1031576104675N02352675EA007040074700601311512119
B1031586104667N02352706EA007020074500601411589118
B1031596104659N02352738EA007010074400601011686117
B1032006104651N02352770EA007000074200601111705115
B1032016104643N02352803EA006990074100601311775114
B1032026104636N02352836EA006970074000601011809114
B1032036104629N02352870EA006950073800601111826113
B1032046104622N02352903EA006940073700601611836114
B1032056104615N02352936EA006930073500601311821114
B1032066104607N02352970EA006920073400601711837114
B1032076104600N02353003EA006910073300601611801114
B1032086104592N02353036EA006890073100601611811114
B1032096104585N02353069EA006890073000601311791114
B1032106104578N02353102EA006870072800601611755114
B1032116104570N02353135EA006870072700601711698114
B1032126104563N02353168EA006860072600601611672114
B1032136104556N02353200EA006860072500601411587114
B1032146104549N02353232EA006860072500601211490115
B1032156104541N02353264EA006860072500601611346115
B1032166104534N02353296EA006850072500601511248116
B1032176104527N02353326EA006830072400601211133117
B1032186104519N02353357EA006820072400601311061117
B1032196104511N02353387EA006790072200601311071118
B1032206104503N02353417EA006750072000601611122118
B1032216104495N02353447EA006730071700601511278118
F1032211008210232191422170328
B1032226104487N02353478EA006690071400601711465119
B1032236104479N02353509EA006670071100601711625119
B1032246104470N02353541EA006650070800601611744119
B1032256104462N02353572EA006630070600601711821119
B1032266104453N02353604EA006620070400601711818120
B1032276104444N02353635EA006610070200601711880120
B1032286104435N02353667EA006610070100601811928121
B1032296104425N02353698EA006620070000601711910121
B1032306104416N02353729EA006620070000601711888121
B1032316104407N02353760EA006630070100601811825122
B1032326104397N02353791EA006630070200601611749123
B1032336104388N02353821EA006640070300601811668123
B1032346104378N02353851EA006610070300601911693125
B1032356104367N02353880EA006600070200602011753125
B1032366104357N02353910EA006580070100601711929126
B1032376104346N02353940EA006560069900601712197127
B1032386104335N02353970EA006550069700601712421128
B1032396104324N02354000EA006570069400602112556128
B1032406104312N02354030EA006570069400602212518128
B1032416104300N02354061EA006600069400602712400128
B1032426104289N02354090EA006660069600602312151127
B1032436104278N02354119EA006730070000602211612126
B1032446104268N02354147EA006830070600602410842128
B1032456104258N02354171EA006920071300602709931132
B1032466104248N02354191EA006980072100602609012138
B1032476104238N02354207EA006980072800602708345148
B1032486104227N02354218EA006970073300602607929160
B1032496104215N02354223EA006940073500602407871174
B1032506104203N02354223EA006900073400602107998187
B1032516104192N02354217EA006880073100601908309201
B1032526104181N02354205EA006850072700601908622215
B1032536104171N02354186EA006840072400601908953229
B1032546104164N02354163EA006830072200602009267243
B1032556104159N02354136EA006840072100602009552257
B1032566104158N02354107EA006880072000601909690271
B1032576104160N02354077EA006910072200601809798284
B1032586104165N02354049EA006940072500601609860296
B1032596104173N02354023EA006980072800601509953307
B1033006104183N02354001EA006970073100601209981316
B1033016104194N02353981EA006980073400601010093325
B1033026104208N02353966EA006980073500601410345335
B1033036104222N02353954EA006980073500601210562343
B1033046104238N02353948EA006970073500601610895352
B1033056104254N02353946EA006960073400601211219000
B1033066104271N02353948EA006950073300601411644008
B1033076104288N02353956EA006950073200601211763016
B1033086104305N02353968EA006970073100601611781023
B1033096104320N02353984EA006980073200601411631029
B1033106104335N02354004EA006980073300601011604036
B1033116104348N02354026EA006980073400601111483041
B1033126104360N02354051EA006980073400601511493047
B1033136104371N02354078EA007000073500601011409054
B1033146104380N02354108EA007010073600601511266061
B1033156104387N02354139EA007020073600601911206069
B1033166104392N02354172EA007020073700601711155076
B1033176104395N02354206EA007020073800601611099082
B1033186104396N02354240EA007020073800601711110088
B1033196104396N02354274EA007010073700601711117095
B1033206104393N02354308EA007010073700601711082101
B1033216104389N02354340EA007020073700601010786109
B1033226104383N02354370EA007030073700601310469117
B1033236104375N02354397EA007030073800601010203126
B1033246104365N02354421EA007030073900601610000135
B1033256104353N02354440EA007040073900601609812145
B1033266104341N02354455EA007060074000601609607153
B1033276104328N02354466EA007070074100601009239162
B1033286104315N02354473EA007080074200601108844171
B1033296104302N02354475EA007090074400601108444180
B1033306104290N02354472EA007090074500601308166190
B1033316104278N02354466EA007080074600601108046201
B1033326104267N02354455EA007070074600601007968212
B1033336104258N02354440EA007060074600601407927224
B1033346104250N02354421EA007050074500601308037235
B1033356104244N02354399EA007040074400601208248246
B1033366104241N02354374EA007050074300601608634257
B1033376104239N02354347EA007030074200601608901266
B1033386104239N02354320EA007040074100601609120275
B1033396104241N02354292EA007050074100601609224283
B1033406104245N02354264EA007050074200601509374291
B1033416104251N02354238EA007090074300601609567298
B1033426104259N02354213EA007110074400601009722306
B1033436104269N02354190EA007120074600601409955313
B1033446104279N02354169EA007140074800601409949320
B1033456104292N02354152EA007170075100601109948329
B1033466104305N02354138EA007170075300601010072338
B1033476104320N02354129EA007160075400601710282346
B1033486104335N02354123EA007130075400601710669353
B1033496104351N02354121EA007120075300601510857000
B1033506104367N02354123EA007120075100601011283006
B1033516104384N02354129EA007100074900601011761014
B1033526104401N02354141EA007100074800801511927022
B1033536104417N02354157EA007100074700601011975029
B1033546104432N02354177EA007100074500601212005036
B1033556104446N02354201EA007110074500601011880043
B1033566104458N02354227EA007120074600601011761050
B1033576104468N02354256EA007130074800601411766058
B1033586104476N02354288EA007130074900601611710065
B1033596104483N02354321EA007130074900601511682070
B1034006104488N02354356EA007120074900601311707075
B1034016104492N02354391EA007130074900601611724079
B1034026104494N02354427EA007130074900601211734083
B1034036104496N02354463EA007140074900601211620086
B1034046104496N02354498EA007140075000601411442091
B1034056104495N02354533EA007160075100601311263094
B1034066104494N02354568EA007150075200601511165095
B1034076104492N02354602EA007160075300601411178096
B1034086104491N02354637EA007170075400601611211096
B1034096104489N02354671EA007180075400601311199096
B1034106104487N02354705EA007180075500601211255094
B1034116104486N02354740EA007190075500601111190094
B1034126104485N02354774EA007210075600601011040094
B1034136104483N02354808EA007210075800601410864095
B1034146104481N02354841EA007220075900601510708097
B1034156104479N02354873EA007210076000601410617098
B1034166104477N02354906EA007190076000601410647099
B1034176104474N02354939EA007170075900601110819100
B1034186104471N02354972EA007170075800601211050101
B1034196104467N02355005EA007150075600601011165101
B1034206104464N02355039EA007140075400601311292101
B1034216104461N02355073EA007140075300601111356101
B1034226104457N02355108EA007110075200601011359101
B1034236104454N02355142EA007100075100601511390101
B1034246104450N02355177EA007070074900601411522101
B1034256104447N02355212EA007050074800601511719100
B1034266104444N02355248EA007030074600601311959100
B1034276104441N02355284EA007030074500601412128099
B1034286104437N02355321EA007030074300601512273099
B1034296104434N02355359EA007020074200601212327099
B1034306104432N02355396EA007030074200601312253098
B1034316104429N02355433EA007030074200601012150098
B1034326104426N02355470EA007020074200601412110098
B1034336104423N02355507EA007010074200601512097097
B1034346104421N02355544EA006990074100601012177097
B1034356104419N02355582EA006970074000601512201096
B1034366104417N02355619EA006950073800601112276095
B1034376104415N02355657EA006920073600601212451093
B1034386104414N02355696EA006900073400601412632092
B1034396104414N02355735EA006910073100601712744091
B1034406104414N02355774EA006880073000601812784090
B1034416104414N02355814EA006880072900601212862088
B1034426104414N02355853EA006870072800601012926087
B1034436104415N02355893EA006850072700601812895087
B1034446104416N02355933EA006820072600601812975086
B1034456104418N02355973EA006800072400601813048086
B1034466104419N02356013EA006780072200602013175085
B1034476104421N02356054EA006750072000602313328085
B1034486104422N02356095EA006730071800602113427084
B1034496104424N02356137EA006710071500601913573084
B1034506104426N02356179EA006700071300601913649084
B1034516104428N02356221EA006690071100601813750084
B1034526104430N02356263EA006680071000601713780084
B1034536104432N02356305EA006670070900601613813083
B1034546104435N02356348EA006660070800601313853082
B1034556104437N02356390EA006650070700601013915081
B1034566104441N02356432EA006640070600601613906080
B1034576104444N02356475EA006630070500601513920079
B1034586104448N02356517EA006620070400601413896078
B1034596104452N02356559EA006620070400601513869078
B1035006104456N02356601EA006630070400601713823078
B1035016104461N02356642EA006630070400601913788077
B1035026104465N02356684EA006620070400601913766076
B1035036104470N02356725EA006610070300601613706076
B1035046104475N02356766EA006610070300601613692075
B1035056104480N02356807EA006590070200601113683076
B1035066104485N02356848EA006580070100601313723075
B1035076104490N02356889EA006570070000601013776075
B1035086104495N02356931EA006540069800601413876075
B1035096104500N02356972EA006530069700601613908076
B1035106104505N02357014EA006520069500601713979076
B1035116104510N02357056EA006500069300601814045076
B1035126104515N02357098EA006490069200601914038076
B1035136104520N02357140EA006480069100602014038076
B1035146104524N02357183EA006480069000601913981077
B1035156104529N02357225EA006480068900601913932077
B1035166104533N02357266EA006480069000601813846077
B1035176104537N02357308EA006480069000602013778078
B1035186104542N02357350EA006470069000601713679078
B1035196104546N02357391EA006460068900601613664078
B1035206104549N02357432EA006460068800601713638079
B1035216104553N02357474EA006450068800601813675079
B1035226104557N02357515EA006440068700601913689080
F10352210082132191422170328
B1035236104560N02357557EA006430068700601813727081
B1035246104563N02357599EA006430068600602013674081
B1035256104566N02357641EA006420068500602313697082
B1035266104568N02357683EA006410068400602513683082
B1035276104571N02357725EA006390068300602613656082
B1035286104574N02357766EA006380068200602613628082
B1035296104576N02357808EA006370068100602513622082
B1035306104579N02357850EA006360068000602213568082
B1035316104581N02357891EA006340067800602313588082
B1035326104584N02357933EA006340067700602413619082
B1035336104587N02357974EA006340067600602413638082
B1035346104590N02358016EA006330067400603013672082
B1035356104592N02358058EA006340067400602513684082
B1035366104595N02358100EA006340067400602213565082
B1035376104598N02358141EA006350067500602113389082
B1035386104601N02358181EA006370067500602113161082
B1035396104603N02358221EA006380067600602113005082
B1035406104605N02358261EA006410067700601812799084
B1035416104607N02358300EA006430067900602012603084
B1035426104609N02358339EA006450068100601712430085
B1035436104610N02358376EA006460068300601612197085
B1035446104612N02358414EA006490068500601611957085
B1035456104613N02358450EA006500068700601011763085
B1035466104615N02358486EA006520068900601411596085
B1035476104616N02358521EA006530069000601111490084
B1035486104618N02358556EA006550069100601611381085
B1035496104619N02358591EA006570069300601611293085
B1035506104620N02358626EA006600069400601311122086
B1035516104621N02358660EA006630069700601210881087
B1035526104622N02358693EA006660070000601210734085
B1035536104624N02358726EA006650070200601410733082
B1035546104627N02358759EA006660070400601310800077
B1035556104631N02358791EA006670070400601510886070
B1035566104638N02358821EA006670070500601210997061
B1035576104647N02358850EA006670070600601311096052
B1035586104658N02358875EA006660070600601211179044
B1035596104670N02358898EA006650070500601011317035
B1036006104685N02358916EA006660070500601111463026
B1036016104701N02358929EA006650070500601511452016
B1036026104717N02358936EA006620070400601411250007
B1036036104734N02358937EA006640070400601411183357
LLXVBATT:22.6% (3.81V) 103604
B1036046104750N02358933EA006620070200601011086348
B1036056104766N02358923EA006610070100601510875337
B1036066104780N02358908EA006600070000601410620325
B1036076104792N02358887EA006610069900601210436314
B1036086104802N02358862EA006600069900601110264304
B1036096104809N02358835EA006620069900601010056294
B1036106104814N02358806EA006630070000601609787284
B1036116104817N02358777EA006650070000601409467274
B1036126104817N02358749EA006650070100601409148264
B1036136104814N02358721EA006640070200601308941252
B1036146104809N02358696EA006640070200601608887240
B1036156104801N02358674EA006630070200601008951229
B1036166104791N02358655EA006630070100601608959218
B1036176104780N02358640EA006650070100601309087208
B1036186104768N02358628EA006660070100601709172199
B1036196104755N02358621EA006680070200601709023190
B1036206104741N02358619EA006690070300601109013180
B1036216104728N02358621EA006700070500601009022170
B1036226104715N02358628EA006700070600601109146159
B1036236104702N02358640EA006700070700601609279148
B1036246104691N02358658EA006720070800601209678136
B1036256104682N02358681EA006740070900601009952124
B1036266104675N02358709EA006760071000601110218112
B1036276104670N02358739EA006770071200601510506101
B1036286104668N02358771EA006780071300601110793091
B1036296104669N02358805EA006770071500601511074081
B1036306104673N02358838EA006770071500601111284071
B1036316104680N02358870EA006760071500601211541061
B1036326104689N02358900EA006760071500601311665052
B1036336104701N02358926EA006760071500601011746041
B1036346104715N02358948EA006760071500601211799031
B1036356104731N02358964EA006770071400601111931020
B1036366104748N02358974EA006760071400601111926011
B1036376104766N02358978EA006770071400601511821001
B1036386104783N02358976EA006780071400601511497352
B1036396104800N02358969EA006790071500601311223342
B1036406104815N02358956EA006800071600601210852332
B1036416104828N02358939EA006780071700601210585321
B1036426104839N02358916EA006770071800601210260310
B1036436104848N02358890EA006770071700601510240298
B1036446104854N02358862EA006750071600601010068288
B1036456104858N02358832EA006750071500601509929279
B1036466104859N02358802EA006750071300601009759270
B1036476104858N02358772EA006750071300601109579261
B1036486104855N02358744EA006770071300601509448254
B1036496104850N02358716EA006770071300601409342247
B1036506104844N02358691EA006780071400601409196241
B1036516104837N02358667EA006790071500601209085234
B1036526104828N02358645EA006810071600601609028226
B1036536104819N02358626EA006810071700601308941220
B1036546104808N02358610EA006820071900601508803211
B1036556104796N02358598EA006810071900601508714201
B1036566104784N02358591EA006800071900601008749191
B1036576104771N02358588EA006800071900601108787181
B1036586104758N02358589EA006800071900601308944171
B1036596104745N02358596EA006810071900601309086162
B1037006104732N02358606EA006790071800601509281153
B1037016104720N02358621EA006770071700601309498144
B1037026104709N02358640EA006750071600601209753134
B1037036104699N02358664EA006720071500601010131126
B1037046104691N02358690EA006700071200601310540117
B1037056104685N02358721EA006670071000601010913110
B1037066104680N02358753EA006660070700601411221103
B1037076104677N02358787EA006640070500601111455096
B1037086104676N02358823EA006620070300601211639090
B1037096104677N02358859EA006620070200601111743084
B1037106104679N02358895EA006620070000601311779078
B1037116104684N02358930EA006600069900601311766073
B1037126104689N02358964EA006610069900601411699068
B1037136104696N02358997EA006610069800601011667064
B1037146104704N02359029EA006610069800601111735059
B1037156104714N02359059EA006640069800601411831054
B1037166104725N02359088EA006640069900601311800050
B1037176104737N02359115EA006650070000601011740045
B1037186104749N02359139EA006660070200601411635040
B1037196104763N02359161EA006660070300601011618035
B1037206104777N02359181EA006640070300601211547031
B1037216104792N02359199EA006630070300601011454027
B1037226104808N02359214EA006610070200601011380023
B1037236104824N02359227EA006610070100601311386019
B1037246104840N02359238EA006590070000601411423016
B1037256104856N02359248EA006580069800601511609014
B1037266104873N02359256EA006600069700601411786011
B1037276104891N02359262EA006610069600601411744008
B1037286104908N02359267EA006620069700601211445006
B1037296104925N02359270EA006630069800601511229003
B1037306104941N02359271EA006630069900601311022001
B1037316104958N02359272EA006620070000601310843359
B1037326104974N02359271EA006610070000601510788357
B1037336104990N02359269EA006610070000601110711355
B1037346105006N02359266EA006590069900601310746353
B1037356105022N02359261EA006570069800601010860350
B1037366105038N02359255EA006570069600601110977348
B1037376105054N02359247EA006570069400601311039346
B1037386105070N02359239EA006570069400601411060343
B1037396105086N02359229EA006590069400601410903342
B1037406105101N02359218EA006590069500601110725340
B1037416105116N02359207EA006580069600601210550339
B1037426105131N02359195EA006570069600601010388337
B1037436105145N02359183EA006550069600601310342335
B1037446105159N02359169EA006530069400601110425333
B1037456105173N02359154EA006520069200601510520331
B1037466105186N02359138EA006500069000601210563329
B1037476105200N02359121EA006480068800601110621328
B1037486105213N02359104EA006480068600601210663326
B1037496105227N02359085EA006470068600601110566325
B1037506105239N02359067EA006480068500601410475324
B1037516105252N02359048EA006470068400601010289322
B1037526105264N02359028EA006460068400601310061320
B1037536105275N02359008EA006460068300601409883318
B1037546105286N02358988EA006440068300601209648315
B1037556105296N02358966EA006420068200601609489311
B1037566105305N02358944EA006400068100601109319307
B1037576105312N02358920EA006370067900601209184302
B1037586105319N02358896EA006340067600601509138297
B1037596105325N02358870EA006320067400601309008292
B1038006105329N02358845EA006310067100601408828287
B1038016105333N02358819EA006290066900601208663282
B1038026105335N02358793EA006280066700601108362276
B1038036105336N02358768EA006270066600601408089270
B1038046105335N02358743EA006250066500601207798263
B1038056105333N02358720EA006250066400601107565256
B1038066105330N02358698EA006210066200601507461249
B1038076105326N02358677EA006200066000601007389242
B1038086105320N02358657EA006170065800601107371235
B1038096105313N02358639EA006180065600601407409228
B1038106105305N02358623EA006170065500601307430223
B1038116105297N02358607EA006170065400601607529217
B1038126105288N02358594EA006180065400601007426213
B1038136105278N02358582EA006180065400601507333208
B1038146105269N02358572EA006200065500601507250202
B1038156105258N02358565EA006190065600601507307196
B1038166105247N02358560EA006180065700601507374188
B1038176105236N02358558EA006170065700601507570180
B1038186105225N02358559EA006160065700601407761172
B1038196105213N02358564EA006130065600601208000163
B1038206105202N02358573EA006090065400601508482155
B1038216105190N02358586EA006080065100601209015147
B1038226105179N02358603EA006040064800601309499139
B1038236105169N02358623EA006010064600601009751133
F1038231008210232191422170328
B1038246105159N02358646EA005980064300601310065129
B1038256105150N02358672EA005950064000601410452124
B1038266105142N02358699EA005940063700601310740120
B1038276105134N02358729EA005930063400601010977116
B1038286105127N02358760EA005950063300601611105112
B1038296105121N02358792EA005960063300601411089109
B1038306105116N02358824EA005990063400601010930105
B1038316105112N02358857EA006020063600601510666103
B1038326105109N02358889EA006040063900601510480101
B1038336105106N02358920EA006060064200601510357099
B1038346105104N02358952EA006060064400601510284097
B1038356105102N02358983EA006070064500601510269096
B1038366105101N02359015EA006080064600601410286095
B1038376105099N02359046EA006080064700601110448094
B1038386105098N02359079EA006100064700601510641094
B1038396105097N02359112EA006140064800601510764092
B1038406105098N02359145EA006150065000601410784086
B1038416105100N02359178EA006130065200601210835079
B1038426105104N02359210EA006120065300601310955069
B1038436105111N02359241EA006110065200601611193059
B1038446105121N02359269EA006110065100601211314048
B1038456105133N02359293EA006110065000601011417037
B1038466105148N02359311EA006100065000601611520025
B1038476105164N02359323EA006090064900601611422013
B1038486105181N02359327EA006090064900601611312001
B1038496105197N02359325EA006080064800601411093349
B1038506105213N02359316EA006070064700601610757338
B1038516105227N02359301EA006050064500601010412327
B1038526105239N02359281EA006020064400601310036315
B1038536105248N02359258EA005990064200601509639302
B1038546105254N02359232EA005980063900601409323289
B1038556105257N02359204EA005950063700601209070276
B1038566105257N02359177EA005940063400601008941263
B1038576105254N02359150EA005920063100601208882249
B1038586105248N02359126EA005920062900601008787237
B1038596105240N02359105EA005900062800601508670225
B1039006105230N02359088EA005910062700601308518215
B1039016105220N02359074EA005910062600601308413206
B1039026105208N02359064EA005900062600601208387199
B1039036105196N02359057EA005920062600601408438192
B1039046105184N02359053EA005920062600601108495186
B1039056105171N02359051EA005910062700601508585180
B1039066105158N02359053EA005950062700601408706174
B1039076105145N02359056EA005970062800601308744169
B1039086105132N02359062EA005990063000601308698165
B1039096105120N02359070EA006020063200601008558161
B1039106105108N02359079EA006040063500601308527155
B1039116105097N02359091EA006040063700601308473150
B1039126105086N02359105EA006040063900601508517144
B1039136105076N02359122EA006030063900601108724136
B1039146105067N02359142EA006030063900601508994129
B1039156105059N02359164EA006030063800601209168123
B1039166105052N02359189EA006020063800601109252116
B1039176105047N02359216EA006020063800601509486108
B1039186105044N02359244EA006020063800601509732100
B1039196105042N02359274EA006020063800601110014091
B1039206105043N02359306EA006000063700601410356081
B1039216105047N02359337EA006000063700601410664072
B1039226105053N02359368EA005990063600601210920062
B1039236105062N02359396EA005970063500601011147052
B1039246105073N02359422EA005970063400601511319042
B1039256105087N02359443EA005950063300601111464033
B1039266105102N02359461EA005940063200601411632024
B1039276105118N02359472EA005930063100601211759014
B1039286105135N02359479EA005940062900601011675005
B1039296105152N02359480EA005950062800601611387356
B1039306105169N02359475EA005990062900601511068348
B1039316105185N02359467EA006000063100601610652341
B1039326105199N02359454EA006010063300601510296333
B1039336105212N02359439EA006020063500601310066325
B1039346105224N02359420EA006030063600601009895318
B1039356105234N02359398EA006040063700601409702312
B1039366105243N02359376EA006050063900601109468306
B1039376105251N02359351EA006050063900601109414298
B1039386105257N02359325EA006030064000601209322291
B1039396105261N02359298EA006040064000601409230283
B1039406105263N02359270EA006040064000601509105275
B1039416105264N02359242EA006030063900601509014267
B1039426105262N02359215EA006030063900601008991258
B1039436105258N02359188EA006020063800601508975249
B1039446105253N02359163EA006040063800601208868240
B1039456105245N02359141EA006060063800601108852230
B1039466105236N02359121EA006070064000601608720219
B1039476105225N02359106EA006100064200601608537208
B1039486105213N02359097EA006110064500601608280195
B1039496105201N02359093EA006090064700601408312179
B1039506105189N02359097EA006070064900601108518164
B1039516105177N02359107EA006050064800601109044148
B1039526105166N02359125EA006030064700601609621134
B1039536105157N02359149EA006020064400601610137121
B1039546105151N02359178EA006010064200601610588108
B1039556105147N02359210EA006000064100601510958096
B1039566105147N02359244EA005990064000601611156086
B1039576105149N02359278EA006010064000601311278075
B1039586105155N02359311EA006000063900601311450066
B1039596105163N02359342EA006010063900601111602057
B1040006105173N02359371EA006000063900601211677049
B1040016105186N02359397EA006010063800601511765041
B1040026105199N02359419EA006010063800601011813033
B1040036105215N02359438EA006000063800601211871026
B1040046105231N02359451EA006000063800601411946017
B1040056105249N02359460EA006020063800601511888009
B1040066105266N02359464EA006020063800601411742002
B1040076105283N02359463EA006030063800601011497355
B1040086105300N02359458EA006050063900601511174348
B1040096105316N02359450EA006080064100601210939341
B1040106105331N02359437EA006090064300601010694335
B1040116105345N02359422EA006090064500601410449327
B1040126105358N02359403EA006110064600601210289320
B1040136105369N02359382EA006090064700601110061312
B1040146105378N02359358EA006090064700601209863304
B1040156105385N02359331EA006070064700601409779295
B1040166105390N02359304EA006060064500601509597285
B1040176105393N02359275EA006050064400601109509275
B1040186105393N02359246EA006040064300601609427265
B1040196105390N02359217EA006040064100601609283254
B1040206105385N02359191EA006040064000601609079243
B1040216105378N02359168EA006080064000601208800231
B1040226105369N02359149EA006090064100601208517219
B1040236105359N02359134EA006100064300601508323209
B1040246105348N02359124EA006130064500601208162198
B1040256105336N02359118EA006140064700601408059187
B1040266105324N02359117EA006160064900601108074176
B1040276105312N02359121EA006160065000601508144165
B1040286105301N02359131EA006160065100601208451151
B1040296105290N02359146EA006180065200601308789137
B1040306105282N02359167EA006180065300601109115124
B1040316105275N02359192EA006170065300601209428112
B1040326105271N02359220EA006160065400601409720101
B1040336105270N02359250EA006170065300601409998090
B1040346105271N02359282EA006160065300601610417081
B1040356105274N02359314EA006160065200601710830073
B1040366105280N02359345EA006170065200601611099064
B1040376105288N02359375EA006190065200601411356055
B1040386105299N02359402EA006190065300601011539044
B1040396105312N02359425EA006200065400601011525035
B1040406105327N02359443EA006220065500601611568025
B1040416105343N02359456EA006230065600601611518017
B1040426105360N02359464EA006240065800601011395008
B1040436105376N02359466EA006240065800601011408358
B1040446105393N02359463EA006240065900601211278349
B1040456105409N02359454EA006260065900601311078339
B1040466105424N02359439EA006260066000601110824329
B1040476105437N02359420EA006260066100601010560319
B1040486105448N02359397EA006270066200601210306308
B1040496105456N02359371EA006270066200601209933297
B1040506105461N02359343EA006260066300601409570285
B1040516105464N02359315EA006280066300601109165273
B1040526105463N02359287EA006290066300601408790262
B1040536105460N02359262EA006310066400601408387248
B1040546105454N02359240EA006310066500601108017233
B1040556105446N02359222EA006330066600601107740217
B1040566105436N02359211EA006330066800601507717200
B1040576105425N02359205EA006330066900601207747186
B1040586105414N02359206EA006340066900601407855171
B1040596105402N02359212EA006330066900601108137158
B1041006105391N02359224EA006330067000601408487145
B1041016105381N02359242EA006340067000601008948132
B1041026105373N02359264EA006340067000601109491120
B1041036105367N02359292EA006350067000601009966110
B1041046105363N02359322EA006360067000601510421100
B1041056105362N02359354EA006380067100601210738089
LLXVBATT:22.7% (3.81V) 104106
B1041066105363N02359387EA006410067300601410899079
B1041076105367N02359420EA006430067500601311132070
B1041086105374N02359452EA006440067800601011339060
B1041096105384N02359480EA006450067900601311608049
B1041106105396N02359506EA006480068100601311709039
B1041116105411N02359525EA006500068200601211608028
B1041126105427N02359539EA006510068500601111325017
B1041136105443N02359546EA006520068700601211115005
B1041146105459N02359546EA006510068900601311034354
B1041156105475N02359540EA006500068900601010941343
B1041166105490N02359527EA006500068900601410852332
B1041176105504N02359509EA006500068800601310721320
B1041186105515N02359486EA006510068700601210491308
B1041196105523N02359460EA006520068700601510047296
B1041206105528N02359432EA006540068800601209373284
B1041216105530N02359405EA006570069000601508557271
B1041226105529N02359379EA006600069300601107882257
B1041236105525N02359358EA006610069600601407332243
B1041246105519N02359339EA006600069800601107107226
B1041256105511N02359326EA006590069900601407169211
B1041266105501N02359317EA006580069900601107495196
B1041276105490N02359313EA006580069800601307852181
B1041286105478N02359315EA006570069700601308302168
B1041296105466N02359323EA006580069600601108714156
B1041306105454N02359336EA006600069600601009055143
B1041316105444N02359355EA006610069600601109298132
B1041326105436N02359378EA006620069800601309508121
B1041336105429N02359405EA006650069900601109864110
B1041346105425N02359435EA006680070100601210063101
B1041356105423N02359466EA006680070300601110270092
B1041366105424N02359497EA006710070500601510486082
B1041376105427N02359529EA006710070700601310746073
B1041386105433N02359560EA006730070800601310985063
F10413810082132191422170328
B1041396105442N02359589EA006740070900601011094052
B1041406105453N02359614EA006750071100601511081041
B1041416105466N02359635EA006750071300601411120030
B1041426105482N02359649EA006770071400601211263019
B1041436105498N02359658EA006760071500601411148009
B1041446105514N02359660EA006760071500601011130358
B1041456105531N02359657EA006760071500601411096348
B1041466105546N02359647EA006760071600601210982338
B1041476105561N02359632EA006750071600601110758327
B1041486105573N02359612EA006760071600601110511316
B1041496105583N02359588EA006780071600601410147304
B1041506105590N02359561EA006800071700601409619291
B1041516105594N02359533EA006820071800601009043277
B1041526105594N02359506EA006840072000601008454263
B1041536105591N02359482EA006830072200601007977248
B1041546105585N02359461EA006840072300601007645232
B1041556105577N02359445EA006850072500601707598215
B1041566105567N02359434EA006870072600601707601198
B1041576105556N02359431EA006880072700601307657181
B1041586105545N02359433EA006890072700601307946165
B1041596105533N02359443EA006890072800601208309150
B1042006105523N02359458EA006910072900601108683137
B1042016105514N02359478EA006910072900601209061125
B1042026105508N02359503EA006940073000601209445113
B1042036105504N02359531EA006940073200601309809101
B1042046105502N02359562EA006930073300601510253090
B1042056105503N02359594EA006930073300601610721079
B1042066105508N02359626EA006940073300601611153068
B1042076105516N02359657EA006960073300601111406057
B1042086105526N02359685EA006970073300601411524047
B1042096105539N02359709EA007000073500601411506036
B1042106105553N02359727EA007010073700601411317025
B1042116105569N02359739EA007020073900601211128013
B1042126105585N02359744EA007030074100601011067002
B1042136105602N02359742EA007050074200601310982351
B1042146105617N02359734EA007060074300601410770340
B1042156105632N02359720EA007050074400601510399329
B1042166105644N02359702EA007050074400601410083318
B1042176105654N02359679EA007030074500601509857306
B1042186105661N02359654EA007020074400601609611294
B1042196105666N02359626EA007040074300601009255280
B1042206105666N02359599EA007060074300601308764266
B1042216105664N02359573EA007080074300601508259251
B1042226105659N02359551EA007100074500601107857237
B1042236105651N02359533EA007110074700601007600221
B1042246105642N02359520EA007110074900601007437205
B1042256105632N02359513EA007130075100601207417190
B1042266105621N02359512EA007140075200601207591175
B1042276105609N02359516EA007130075200601607929161
B1042286105598N02359527EA007130075300601608358148
B1042296105588N02359543EA007120075300601508883136
B1042306105580N02359564EA007120075200601509343123
B1042316105573N02359591EA007140075200601209811111
B1042326105569N02359620EA007160075200601610159100
B1042336105568N02359652EA007170075300601610385089
B1042346105569N02359683EA007190075500601110472079
B1042356105573N02359715EA007200075600601210645069
B1042366105580N02359744EA007200075800601110825060
B1042376105589N02359772EA007220075900601210959052
B1042386105600N02359798EA007230076000601211026044
B1042396105613N02359819EA007240076000601411025035
B1042406105627N02359837EA007240076100601210985027
B1042416105642N02359850EA007240076300601110896018
B1042426105658N02359858EA007240076400601010865009
B1042436105674N02359861EA007260076400601110837000
B1042446105690N02359859EA007260076400601710867351
B1042456105706N02359851EA007270076400601610901342
B1042466105721N02359839EA007270076500601310733333
B1042476105734N02359821EA007270076500601310508323
B1042486105745N02359800EA007280076600601310091312
B1042496105754N02359776EA007290076700601509572301
B1042506105760N02359750EA007290076800601009084288
B1042516105763N02359724EA007290076800601308577275
B1042526105762N02359698EA007290076800601008280260
B1042536105759N02359674EA007300076800601308028246
B1042546105753N02359653EA007320076900601107819232
B1042556105745N02359636EA007340077000601007563219
B1042566105736N02359624EA007340077100601207336206
B1042576105726N02359616EA007350077300601407138193
B1042586105715N02359613EA007360077400601207188181
B1042596105704N02359615EA007360077600601107332169
B1043006105694N02359621EA007360077600601507522157
B1043016105684N02359632EA007360077700601007870147
B1043026105674N02359647EA007360077600601408275137
B1043036105665N02359667EA007360077600601408735127
B1043046105658N02359689EA007360077600601209097119
B1043056105652N02359715EA007370077600601409355111
B1043066105648N02359743EA007370077600601609575103
B1043076105646N02359772EA007380077700601209749095
B1043086105646N02359803EA007400077800601009934087
B1043096105647N02359833EA007400077900601510042079
B1043106105651N02359863EA007400078000601310147071
B1043116105657N02359892EA007400078100601410282064
B1043126105664N02359921EA007400078100601410568057
B1043136105674N02359947EA007390078000601210807050
B1043146105685N02359972EA007370078000601511112043
B1043156105698N02359994EA007390077900601011395036
B1043166105712N02400013EA007390077900601411346029
B1043176105727N02400029EA007400077900601411173022
B1043186105743N02400039EA007410078000601110944014
B1043196105758N02400046EA007420078100601410764007
B1043206105774N02400048EA007400078200601010574000
B1043216105790N02400047EA007410078200601310489354
B1043226105806N02400043EA007390078100601610447348
B1043236105821N02400034EA007380078000601610559341
B1043246105835N02400022EA007390077900601610494334
B1043256105849N02400006EA007400077900601510248327
B1043266105861N02359988EA007400077900601209893319
B1043276105871N02359967EA007440078100601609494311
B1043286105880N02359945EA007460078200601709133304
B1043296105886N02359921EA007460078400602008868296
B1043306105891N02359896EA007420078400601908671287
B1043316105894N02359870EA007410078400601708504277
B1043326105894N02359844EA007390078200601608449266
B1043336105892N02359818EA007390078100601708336254
B1043346105888N02359795EA007390077900601708275241
B1043356105881N02359775EA007410077900601607955228
B1043366105872N02359759EA007410077900601307462212
B1043376105862N02359750EA007410078000601407360195
B1043386105851N02359747EA007400078100601307526178
B1043396105840N02359751EA007380078100601107902163
B1043406105829N02359761EA007370078000601208418149
B1043416105818N02359777EA007360077800601208958137
B1043426105809N02359798EA007390077700601209487127
B1043436105802N02359823EA007400077700601309805118
B1043446105795N02359851EA007420077800601209935111
B1043456105791N02359880EA007440078000601510061104
B1043466105788N02359911EA007460078200601010135097
B1043476105787N02359942EA007470078400601510238089
B1043486105788N02359974EA007480078600601010383080
B1043496105792N02400005EA007480078700601210518071
B1043506105799N02400034EA007490078800601110634062
B1043516105807N02400062EA007490078800601210646053
B1043526105818N02400087EA007490078900601410724044
B1043536105830N02400108EA007500079000601010845036
B1043546105843N02400127EA007490079000601311014030
B1043556105858N02400143EA007480079000601111076025
B1043566105873N02400155EA007460078900601111047017
B1043576105889N02400163EA007440078800601011092009
B1043586105906N02400166EA007430078700601011248001
B1043596105923N02400164EA007420078500601411285352
B1044006105939N02400157EA007420078300601111279343
B1044016105955N02400145EA007420078200601011011335
B1044026105969N02400129EA007440078200601010539327
B1044036105981N02400110EA007470078300601209923318
B1044046105991N02400089EA007490078500601109294309
B1044056105999N02400066EA007480078700601308674301
B1044066106005N02400043EA007510078900601108154292
B1044076106008N02400020EA007490079100601307849283
B1044086106010N02359996EA007460079000601107771274
B1044096106010N02359972EA007450078900601007825264
B1044106106008N02359949EA007440078700601407857254
B1044116106004N02359926EA007430078500601407763245
B1044126105998N02359905EA007420078400601507684238
B1044136105991N02359886EA007410078400601507600230
B1044146105984N02359869EA007390078400601107575224
B1044156105975N02359853EA007370078200601107588219
B1044166105966N02359839EA007350078000601407694214
B1044176105956N02359826EA007330077900601407722210
B1044186105946N02359814EA007310077700601007793207
B1044196105936N02359804EA007290077500601407874204
B1044206105925N02359794EA007270077300601407926201
B1044216105914N02359786EA007240077100601108067198
B1044226105902N02359778EA007210076900601108187196
B1044236105890N02359771EA007190076600601308389194
B1044246105878N02359765EA007180076300601508504194
B1044256105865N02359759EA007160076100601208660193
B1044266105853N02359753EA007150075900601208708192
B1044276105840N02359747EA007140075700601008752192
B1044286105827N02359741EA007130075600601408762191
B1044296105814N02359735EA007130075500601008779191
B1044306105801N02359730EA007130075400601008770191
B1044316105789N02359724EA007120075300601108750192
B1044326105776N02359719EA007100075300601108720192
B1044336105763N02359713EA007110075300601108777192
B1044346105750N02359707EA007120075300601608716193
B1044356105738N02359700EA007120075300601608705194
B1044366105725N02359694EA007120075300601408690194
B1044376105713N02359687EA007130075300601208663194
B1044386105700N02359680EA007120075300601108583195
F1044381008210232191422170328
B1044396105688N02359673EA007120075300601208512195
B1044406105676N02359666EA007100075300601108488196
B1044416105663N02359658EA007100075200601508523196
B1044426105651N02359651EA007080075100601108549196
B1044436105639N02359643EA007060075000601408642196
B1044446105626N02359636EA007050074900601508734196
B1044456105614N02359628EA007020074700601108812196
B1044466105601N02359621EA007000074500601508926195
B1044476105588N02359613EA006980074300601409068195
B1044486105575N02359606EA006970074000601609214195
B1044496105562N02359598EA006950073800602309358195
B1044506105548N02359590EA006950073600602009441196
B1044516105535N02359582EA006960073500601909429197
B1044526105521N02359574EA006970073500601909457197
B1044536105508N02359565EA006960073600602109368197
B1044546105494N02359557EA006980073600602009287197
B1044556105481N02359548EA006990073700601209129198
B1044566105468N02359539EA006990073800601509030199
B1044576105456N02359530EA006990073900601008962199
B1044586105443N02359520EA006990073900601408980200
B1044596105431N02359510EA006990073900601308991201
B1045006105418N02359500EA007000073900601309059202
B1045016105406N02359489EA007000073900601009060203
B1045026105393N02359478EA007010073900601308969204
B1045036105381N02359467EA007030074000601308826205
B1045046105369N02359455EA007050074100601308634206
B1045056105358N02359443EA007060074300601508512208
B1045066105347N02359430EA007100074500601108454209
B1045076105336N02359417EA007120074700601308322209
B1045086105325N02359405EA007160075000601208207209
B1045096105315N02359392EA007170075300601508049209
B1045106105304N02359381EA007170075500601307854206
B1045116105294N02359371EA007170075700601207880202
B1045126105283N02359362EA007180075800601108012202
B1045136105271N02359352EA007190075800601108142202
B1045146105260N02359343EA007190075900601108128199
B1045156105249N02359335EA007220075900601408183197
B1045166105237N02359329EA007230076000601008282193
B1045176105224N02359324EA007250076100601708314185
B1045186105212N02359324EA007260076300601708414175
B1045196105200N02359329EA007290076500601208603162
B1045206105188N02359340EA007290076700601508776150
B1045216105177N02359356EA007300076800601008999136
B1045226105169N02359378EA007290077000601509489120
B1045236105163N02359406EA007280077000601310039108
B1045246105160N02359437EA007270076900601310639095
B1045256105160N02359470EA007270076800601211228083
B1045266105164N02359505EA007280076700601711687071
B1045276105171N02359537EA007290076700601611890059
B1045286105182N02359567EA007290076700601611960047
B1045296105195N02359591EA007300076800601311842036
B1045306105210N02359610EA007290076900601011704026
B1045316105226N02359624EA007280076900601411600017
B1045326105243N02359631EA007240076800601511642006
B1045336105260N02359632EA007240076600601111677356
B1045346105277N02359627EA007250076500601311669347
B1045356105294N02359617EA007250076400601011516339
B1045366105309N02359602EA007260076400601411249331
B1045376105323N02359584EA007280076500601510920323
B1045386105335N02359563EA007300076700601510607315
B1045396105346N02359538EA007310076800601110376307
B1045406105354N02359512EA007320076900601410156300
B1045416105361N02359485EA007350077100601509912292
B1045426105366N02359456EA007380077300601209574284
B1045436105368N02359428EA007400077600601509165275
B1045446105369N02359400EA007390077800601508820266
B1045456105367N02359374EA007410078000601008490256
B1045466105363N02359350EA007420078100601108141243
B1045476105356N02359330EA007420078200601107988228
B1045486105347N02359314EA007420078200601607929214
B1045496105337N02359303EA007440078300601007942199
B1045506105325N02359298EA007440078300601008097183
B1045516105313N02359299EA007440078400601308395168
B1045526105301N02359307EA007470078400601408706155
B1045536105289N02359321EA007490078600601309020142
B1045546105280N02359341EA007520078800601309335130
B1045556105272N02359365EA007530079000601209562118
B1045566105266N02359392EA007540079200601309834107
B1045576105263N02359422EA007560079300601310069097
B1045586105262N02359454EA007550079500601210372085
B1045596105265N02359485EA007560079600601110716074
B1046006105271N02359517EA007550079600601211195064
B1046016105279N02359547EA007540079500601011651053
B1046026105291N02359574EA007540079400601111948043
B1046036105305N02359597EA007550079400601112063034
B1046046105320N02359616EA007560079400601512045026
B1046056105337N02359630EA007570079500601611962018
B1046066105354N02359639EA007590079600601311925010
B1046076105372N02359643EA007610079800601011663002
LLXVBATT:22.8% (3.81V) 104608
B1046086105389N02359643EA007630079900601311574355
B1046096105406N02359637EA007640080100601011285347
B1046106105422N02359627EA007670080300601410970338
B1046116105436N02359613EA007690080600601210642329
B1046126105449N02359595EA007710080800601510326320
B1046136105460N02359573EA007720081000601209957310
B1046146105468N02359548EA007730081200601309562298
B1046156105474N02359522EA007730081400601009102287
B1046166105476N02359495EA007740081500601508678275
B1046176105476N02359469EA007720081500601308424262
B1046186105473N02359444EA007710081400601008350249
B1046196105467N02359421EA007710081300601408363236
B1046206105459N02359401EA007700081300601408436224
B1046216105450N02359385EA007730081200601508361212
B1046226105439N02359373EA007760081200601208123200
B1046236105427N02359367EA007770081400601008022187
B1046246105415N02359367EA007790081600601207938173
B1046256105404N02359372EA007810081800601208058160
B1046266105393N02359384EA007810082000601508330147
B1046276105383N02359400EA007820082200601408746133
B1046286105375N02359422EA007820082300601009238120
B1046296105369N02359448EA007830082400601309717109
B1046306105365N02359478EA007850082400601510128098
B1046316105364N02359510EA007870082500601110482087
B1046326105367N02359542EA007880082700601410792075
B1046336105372N02359573EA007910082900601010959064
B1046346105381N02359602EA007930083100601011079053
B1046356105392N02359628EA007940083400601111181042
B1046366105405N02359648EA007940083500601411284031
B1046376105420N02359664EA007950083700601311394021
B1046386105437N02359674EA007950083800601311638010
B1046396105454N02359677EA007960083800601611723000
B1046406105471N02359674EA007960083800601311605348
B1046416105488N02359663EA007980083900601911488337
B1046426105502N02359647EA008010083900601811089325
B1046436105514N02359625EA008030084100601710459311
B1046446105523N02359600EA008060084400601709666296
B1046456105527N02359573EA008080084700601808912279
B1046466105528N02359546EA008060084900601808442262
B1046476105524N02359521EA008040084900601208281246
B1046486105518N02359500EA008030084900601408313230
B1046496105508N02359483EA008030084800601608439213
B1046506105497N02359471EA008030084600601508521197
B1046516105485N02359467EA008040084600601008647182
B1046526105472N02359469EA008060084600601008774168
B1046536105459N02359478EA008090084700601108894154
B1046546105448N02359492EA008110084900601409154140
B1046556105439N02359513EA008160085100601409357128
B1046566105431N02359537EA008180085500601309533117
B1046576105426N02359565EA008190085800601109762105
B1046586105423N02359595EA008220086100601310061093
B1046596105424N02359626EA008210086300601010496081
B1047006105428N02359658EA008200086400601110987069
B1047016105435N02359689EA008210086400601211400057
B1047026105446N02359717EA008230086400601011614046
B1047036105459N02359740EA008230086400601611585036
B1047046105474N02359758EA008260086500601111458025
B1047056105489N02359770EA008270086700601111192014
B1047066105506N02359776EA008270086900601611036003
B1047076105522N02359775EA008240087000601610902353
B1047086105538N02359768EA008240086900601011026342
B1047096105553N02359755EA008220086800601411146332
B1047106105567N02359736EA008240086600601611147321
B1047116105579N02359713EA008260086500601510780311
B1047126105588N02359687EA008290086600601010098299
B1047136105594N02359659EA008320086900601309332286
B1047146105596N02359632EA008350087200601208629274
B1047156105596N02359607EA008360087500601108102261
B1047166105593N02359583EA008360087800601107796248
B1047176105587N02359562EA008350087900601407677235
B1047186105580N02359544EA008330087900601207787221
B1047196105570N02359530EA008310087700601007934208
B1047206105559N02359521EA008320087600601408190196
B1047216105547N02359516EA008330087400601308393185
B1047226105534N02359515EA008390087500601608456178
B1047236105522N02359518EA008430087700601108387170
B1047246105510N02359525EA008460088100601308325159
B1047256105498N02359536EA008480088500601308434148
B1047266105488N02359552EA008500088800601408719136
B1047276105480N02359573EA008500089100601409204123
B1047286105474N02359599EA008500089200601309687111
B1047296105470N02359628EA008510089200601210080098
B1047306105469N02359660EA008520089200601210416086
B1047316105472N02359692EA008530089300601410744073
B1047326105478N02359723EA008530089400601310977062
B1047336105487N02359751EA008550089500601411165051
B1047346105499N02359776EA008540089500601411431040
B1047356105513N02359796EA008540089600601511667029
B1047366105529N02359811EA008540089500601511772018
B1047376105546N02359819EA008550089500601511727007
B1047386105564N02359820EA008560089600601111538354
B1047396105580N02359813EA008570089600601511253342
F10473910082102321922170328
B1047406105595N02359800EA008580089800601010771330
B1047416105608N02359781EA008600089900601310316318
B1047426105618N02359758EA008600090000601009818305
B1047436105625N02359733EA008600090200601209494293
B1047446105629N02359705EA008590090200601009371280
B1047456105630N02359676EA008590090100601109235267
B1047466105628N02359649EA008600090100601009057253
B1047476105623N02359624EA008610090100601308854239
B1047486105615N02359602EA008630090200601108517226
B1047496105605N02359586EA008670090400601208278211
B1047506105594N02359576EA008690090600601408099195
B1047516105582N02359573EA008700090900601208130178
B1047526105570N02359577EA008700091100601408453162
B1047536105559N02359588EA008740091300601008804149
B1047546105548N02359605EA008750091500601309160137
B1047556105539N02359626EA008750091700601209578125
B1047566105532N02359652EA008760091800601009951114
B1047576105527N02359682EA008780091800601110256102
B1047586105525N02359713EA008780091900601610386090
B1047596105527N02359745EA008800092000601310554078
B1048006105531N02359776EA008810092100601510717067
B1048016105539N02359806EA008810092300601210911058
B1048026105549N02359833EA008800092400601411156048
B1048036105561N02359857EA008800092400601311539038
B1048046105575N02359877EA008780092300601511917028
B1048056105592N02359892EA008790092300601312121020
B1048066105609N02359902EA008800092200601812087010
B1048076105627N02359906EA008810092200601611859000
B1048086105644N02359903EA008830092300601611553351
B1048096105661N02359895EA008840092400601611151341
B1048106105676N02359882EA008850092600601510762331
B1048116105689N02359865EA008870092800601010305321
B1048126105700N02359843EA008880093000601009876311
B1048136105708N02359819EA008880093000601309549300
B1048146105714N02359793EA008880093100601009320289
B1048156105717N02359765EA008880093000601409146277
B1048166105718N02359738EA008870093000601008946265
B1048176105716N02359711EA008900093100601508689253
B1048186105711N02359687EA008910093100601308365240
B1048196105703N02359666EA008890093200601108239227
B1048206105694N02359649EA008910093200601408233215
B1048216105683N02359637EA008920093200601608238202
B1048226105672N02359630EA008920093300601608223189
B1048236105659N02359629EA008950093400601208292176
B1048246105647N02359633EA008950093600601008454164
B1048256105635N02359643EA008960093700601408755151
B1048266105625N02359659EA008960093700601009112138
B1048276105615N02359680EA008960093800601409493127
B1048286105607N02359705EA008960093800601209817117
B1048296105602N02359734EA008970093900601510109107
B1048306105598N02359764EA008970093900601110347098
B1048316105597N02359796EA008970093900601110599088
B1048326105599N02359829EA008980093900601310701080
B1048336105603N02359861EA008990094000601110806072
B1048346105608N02359892EA008990094000601310974065
B1048356105616N02359922EA008990094100601411183057
B1048366105626N02359951EA009000094200601411410050
B1048376105638N02359977EA009020094200601111460044
B1048386105651N02400000EA009030094300601511450038
B1048396105665N02400020EA009040094500901511385031
B1048406105679N02400037EA009050094600601411288025
B1048416105695N02400050EA009050094700601311173019
B1048426105711N02400060EA009020094800601111087013
B1048436105727N02400066EA009020094800601511066006
B1048446105744N02400068EA009010094700601211133359
B1048456105760N02400065EA008990094500601411058352
B1048466105776N02400058EA008970094400601311060344
B1048476105792N02400047EA008960094200601710882336
B1048486105806N02400032EA008950094000601610771328
B1048496105819N02400013EA008970094000601210630322
B1048506105831N02359992EA008990094000601310355315
B1048516105841N02359968EA009000094000601009958308
B1048526105849N02359944EA009000094100601209491300
B1048536105855N02359918EA009000094200601209148291
B1048546105860N02359892EA008980094300601508815284
B1048556105862N02359865EA008980094300601008595276
B1048566105862N02359839EA008960094200601308496267
B1048576105861N02359813EA008960094100601108402259
B1048586105858N02359789EA008950094000601408267249
B1048596105853N02359766EA008940093900601008142239
B1049006105846N02359745EA008940093800601008095231
B1049016105838N02359727EA008940093800601008012223
B1049026105828N02359711EA008960093700601507951215
B1049036105818N02359699EA008970093800601207789205
B1049046105808N02359690EA008980093900601007651196
B1049056105796N02359685EA009000094000601507466188
B1049066105785N02359684EA009010094200601407389180
B1049076105774N02359685EA009010094300601007429171
B1049086105763N02359690EA008990094400601507538164
B1049096105753N02359698EA009000094400601107809156
B1049106105742N02359709EA008980094400601008033150
B1049116105732N02359722EA008970094300601308275145
B1049126105722N02359737EA008970094200601208576140
B1049136105712N02359755EA008960094100601408933135
B1049146105703N02359776EA008970094000601309265129
B1049156105694N02359799EA008950094000601309470125
B1049166105687N02359824EA008950094000601109672120
B1049176105680N02359850EA008940094000601309774115
B1049186105674N02359878EA008940093900601309991110
B1049196105669N02359908EA008920093800601010122106
B1049206105666N02359938EA008920093700601210339101
B1049216105663N02359970EA008900093500601510638095
B1049226105663N02400003EA008890093400601210886090
B1049236105663N02400037EA008900093400601611078084
B1049246105666N02400071EA008900093300601011200079
B1049256105669N02400105EA008910093300601311194075
B1049266105674N02400138EA008920093300601411079073
B1049276105679N02400170EA008930093400601011001071
B1049286105684N02400203EA008940093600601510878071
B1049296105689N02400234EA008940093700601210767071
B1049306105694N02400265EA008960093700601210640072
B1049316105699N02400297EA008950093700601010542073
B1049326105703N02400328EA008940093700601510384073
B1049336105707N02400358EA008930093700601110270073
B1049346105712N02400389EA008920093700601510247074
B1049356105716N02400419EA008930093600601310301074
B1049366105720N02400450EA008920093500601410426074
B1049376105724N02400481EA008920093400601010482074
B1049386105728N02400512EA008930093400601310521074
B1049396105732N02400544EA008930093400601310569075
B1049406105736N02400575EA008930093400601510540075
B1049416105740N02400607EA008930093500601010448074
B1049426105744N02400638EA008920093600601310456074
B1049436105749N02400669EA008910093600601110606073
B1049446105753N02400701EA008880093400601310911073
B1049456105758N02400733EA008860093300601211294072
B1049466105763N02400767EA008860093100601011520072
B1049476105769N02400801EA008870092900601311611071
B1049486105774N02400835EA008890093000601011549070
B1049496105780N02400868EA008900093100601411301071
B1049506105785N02400901EA008900093200601811189070
B1049516105791N02400933EA008920093400601611056070
B1049526105796N02400965EA008920093400601710997070
B1049536105802N02400997EA008910093500901811038070
B1049546105807N02401030EA008900093500901611170069
B1049556105813N02401062EA008900093400901311276070
B1049566105818N02401095EA008890093300901211412072
B1049576105823N02401129EA008890093300901311557074
B1049586105827N02401164EA008890093200901011597075
B1049596105832N02401198EA008890093200901311432076
B1050006105835N02401233EA008870093200901711263079
B1050016105838N02401267EA008860093100901811185083
B1050026105838N02401301EA008840093000901611138089
B1050036105838N02401336EA008840092800901611162094
B1050046105836N02401370EA008850092700901611185099
B1050056105832N02401403EA008850092700902011152103
B1050066105828N02401437EA008870092700901711027105
B1050076105823N02401469EA008880092800901610863107
B1050086105818N02401501EA008890092900901010694109
B1050096105813N02401531EA008900093100901410465111
B1050106105807N02401561EA008890093200901010273111
B1050116105801N02401590EA008890093300901210132115
B1050126105794N02401618EA008860093300901510135117
B1050136105787N02401646EA008860093200901310292119
B1050146105779N02401673EA008840093100901110409121
B1050156105771N02401701EA008820092900901010545122
B1050166105762N02401729EA008820092800901110665123
B1050176105754N02401756EA008800092600901010790123
B1050186105744N02401784EA008790092500901410865125
B1050196105735N02401811EA008790092400901010802126
B1050206105725N02401837EA008760092300901010759127
B1050216105715N02401864EA008740092200901310791128
B1050226105705N02401890EA008700091900901310814129
B1050236105695N02401916EA008650091600901810978131
B1050246105684N02401941EA008610091300901811103133
B1050256105672N02401966EA008590090900901811274134
B1050266105660N02401991EA008560090500902011461135
B1050276105648N02402015EA008550090200902211476136
B1050286105635N02402040EA008530090000902111475137
B1050296105623N02402064EA008510089800901711438136
B1050306105610N02402088EA008500089600901811418137
B1050316105598N02402112EA008500089500902111329138
B1050326105585N02402135EA008510089500902211191138
B1050336105573N02402158EA008490089500902111171138
B1050346105560N02402180EA008470089400902211144138
B1050356105547N02402203EA008440089300902211246138
B1050366105534N02402226EA008410089000902311488139
B1050376105521N02402249EA008370088600902211558139
B1050386105508N02402273EA008340088300902011643140
B1050396105495N02402296EA008320088000901911693140
B1050406105481N02402318EA008300087700902111751141
F105040102102321922170328
B1050416105468N02402341EA008270087500902011722142
B1050426105454N02402362EA008250087200902011693144
B1050436105439N02402383EA008230087000902111661145
B1050446105425N02402403EA008210086800902211564147
B1050456105410N02402422EA008200086600902311530148
B1050466105396N02402440EA008190086400902211450148
B1050476105381N02402458EA008170086300902111468149
B1050486105366N02402476EA008130086100902011457150
B1050496105351N02402493EA008110085900902111651151
B1050506105335N02402510EA008090085600902111725151
B1050516105320N02402527EA008060085400902311746152
B1050526105304N02402544EA008060085200902311774152
B1050536105289N02402561EA008050085000902111678152
B1050546105273N02402577EA008050084900902011689153
B1050556105257N02402593EA008040084800902111536154
B1050566105242N02402608EA008040084800902211419155
B1050576105226N02402622EA008040084700901911287157
B1050586105211N02402635EA008040084700901911153158
B1050596105195N02402647EA008030084700902211034159
B1051006105180N02402659EA008010084600902011014159
B1051016105164N02402671EA008010084500902111026159
B1051026105149N02402683EA007990084400902011060159
B1051036105133N02402695EA007980084300901811134160
B1051046105117N02402707EA007960084200901911146160
B1051056105102N02402718EA007940084000901911216160
B1051066105086N02402730EA007940083900902111328160
B1051076105070N02402742EA007940083700902411368159
B1051086105054N02402754EA007940083600902311343158
B1051096105038N02402767EA007940083600902311256158
LLXVBATT:22.9% (3.81V) 105110
B1051106105023N02402779EA007930083600902111151157
B1051116105007N02402793EA007910083600902011070156
B1051126104992N02402807EA007910083600901911035154
B1051136104978N02402822EA007900083500901911018154
B1051146104963N02402837EA007870083400902011119153
B1051156104948N02402852EA007870083200901811177154
B1051166104933N02402866EA007880083100902011151155
B1051176104918N02402881EA007880083000901811067155
B1051186104903N02402895EA007900083100901711022155
B1051196104888N02402909EA007910083200901710987154
B1051206104873N02402923EA007930083300902110864154
B1051216104858N02402937EA007960083500901910687154
B1051226104844N02402951EA007980083700901810441155
B1051236104830N02402964EA008010083900901610165156
B1051246104816N02402977EA008040084200901109946156
B1051256104803N02402989EA008070084500901009757156
B1051266104789N02403000EA008090084800901209568156
B1051276104776N02403012EA008120085100901309343156
B1051286104764N02403023EA008130085400901409243156
B1051296104751N02403034EA008140085700901309091156
B1051306104739N02403045EA008140085800901609045157
B1051316104726N02403056EA008150085800901609121157
B1051326104713N02403067EA008130085800901509395157
B1051336104700N02403077EA008150085700901109538158
B1051346104687N02403088EA008170085800901209600158
B1051356104673N02403099EA008190085900901509405158
B1051366104661N02403109EA008220086100901309110158
B1051376104648N02403119EA008230086300901108873158
B1051386104636N02403129EA008230086600901208759158
B1051396104624N02403139EA008200086600901408820158
B1051406104611N02403149EA008190086600901308968158
B1051416104599N02403160EA008150086400901509285157
B1051426104586N02403171EA008110086100902209656155
B1051436104572N02403184EA008080085700901910045153
B1051446104559N02403199EA008060085300901710394152
B1051456104545N02403214EA008040085100901810656150
B1051466104531N02403231EA008040084900901610832149
B1051476104517N02403248EA008030084800901310890148
B1051486104503N02403266EA008030084700901710967148
B1051496104489N02403284EA008040084700901910952146
B1051506104476N02403303EA008020084700901711014145
B1051516104462N02403322EA008010084700901611018144
B1051526104449N02403343EA007990084600901611053143
B1051536104436N02403363EA007990084400901411181142
B1051546104423N02403385EA008000084300901611262140
B1051556104410N02403407EA007990084300902011349138
B1051566104397N02403431EA007970084300901911451137
B1051576104385N02403455EA007950084200901911544136
B1051586104372N02403480EA007930084100901811640135
B1051596104360N02403506EA007920083900901711832134
B1052006104347N02403532EA007900083700901811945133
B1052016104335N02403559EA007880083400901712100132
B1052026104323N02403587EA007860083200901912133130
B1052036104311N02403616EA007850083000901912270129
B1052046104300N02403646EA007830082900902112408127
B1052056104289N02403677EA007820082700902012498125
B1052066104278N02403708EA007800082500902112555124
B1052076104268N02403740EA007790082400902212612122
B1052086104258N02403773EA007790082300902112606122
B1052096104248N02403806EA007760082200902112652121
B1052106104238N02403840EA007750082100902012711120
B1052116104228N02403873EA007740082000902112819120
B1052126104218N02403908EA007710081800902112863120
B1052136104209N02403942EA007700081600902212890119
B1052146104199N02403977EA007680081500902212941119
B1052156104190N02404012EA007660081400902012985119
B1052166104180N02404046EA007650081300902013022119
B1052176104170N02404082EA007640081000902113116119
B1052186104161N02404117EA007630080800902113212119
B1052196104151N02404153EA007630080700902013294118
B1052206104142N02404189EA007620080600902013333118
B1052216104132N02404225EA007610080500902213387118
B1052226104123N02404262EA007610080400902213416117
B1052236104114N02404299EA007600080300902313431117
B1052246104105N02404335EA007610080200902113432116
B1052256104096N02404372EA007610080200902213378116
B1052266104087N02404409EA007600080200902213343115
B1052276104078N02404446EA007600080200902513316114
B1052286104070N02404484EA007600080200902313275114
B1052296104061N02404521EA007590080100902313214114
B1052306104053N02404558EA007590080100902113255113
B1052316104046N02404596EA007570080000902213287112
B1052326104038N02404634EA007560079900902413343112
B1052336104030N02404672EA007540079800902313387111
B1052346104023N02404711EA007540079700902313439111
B1052356104016N02404749EA007530079600902213486110
B1052366104009N02404788EA007520079500902113479110
B1052376104002N02404827EA007510079400902113451110
B1052386103995N02404866EA007500079300902113462110
B1052396103988N02404905EA007490079200902113455110
B1052406103981N02404944EA007490079100902213456109
B1052416103974N02404983EA007480079000902213366109
B1052426103967N02405022EA007460079000902013371109
B1052436103961N02405061EA007450078900902213437109
B1052446103954N02405100EA007440078700902413513108
B1052456103948N02405139EA007430078600902613520109
B1052466103941N02405179EA007430078400902413530108
B1052476103935N02405218EA007430078400902213461108
B1052486103928N02405257EA007430078400902113396108
B1052496103922N02405296EA007420078300902313350109
B1052506103915N02405335EA007410078200902313357109
B1052516103908N02405374EA007410078200902213334109
B1052526103902N02405413EA007410078200902113279109
B1052536103895N02405451EA007420078200902113122109
B1052546103888N02405489EA007410078200902213010110
B1052556103882N02405526EA007410078200902212909110
B1052566103875N02405564EA007390078100902112855110
B1052576103868N02405601EA007380078100902312904109
B1052586103862N02405639EA007370077900902212969109
B1052596103855N02405676EA007360077800902213020109
B1053006103849N02405714EA007360077700902513028109
B1053016103842N02405752EA007360077600902512983109
B1053026103836N02405790EA007360077600902212905109
B1053036103829N02405827EA007370077600902012802109
B1053046103823N02405864EA007360077600902812745109
B1053056103817N02405901EA007370077600902912618109
B1053066103810N02405938EA007370077600902512568109
B1053076103804N02405974EA007380077600902712484109
B1053086103798N02406010EA007380077700902512383109
B1053096103792N02406046EA007390077700902012230109
B1053106103786N02406081EA007410077800902112132109
B1053116103780N02406116EA007420077900902011939110
B1053126103774N02406151EA007410078100902111877109
B1053136103768N02406185EA007420078200901911739109
B1053146103762N02406219EA007410078200901511667109
B1053156103756N02406253EA007400078200901511639109
B1053166103750N02406287EA007390078200901311625110
B1053176103744N02406321EA007370078100901411655110
B1053186103738N02406355EA007350077900901611743110
B1053196103732N02406389EA007350077800902511873111
B1053206103725N02406423EA007340077600902411920112
B1053216103719N02406457EA007330077400902612006113
B1053226103711N02406491EA007320077300902312025113
B1053236103704N02406525EA007320077200902311997114
B1053246103697N02406559EA007320077200902012014114
B1053256103689N02406592EA007320077300901911954115
B1053266103681N02406625EA007320077200901911940115
B1053276103674N02406659EA007320077200902111893115
B1053286103666N02406691EA007320077200902211784116
B1053296103658N02406724EA007310077200901911763115
B1053306103651N02406757EA007300077200901811789114
B1053316103643N02406790EA007280077200902111902113
B1053326103637N02406824EA007250077000902212118112
B1053336103630N02406859EA007230076700902212377111
B1053346103623N02406896EA007210076500902012591110
B1053356103616N02406932EA007210076200902012699110
B1053366103610N02406969EA007200076100902512804108
B1053376103604N02407007EA007190076000902312815107
B1053386103598N02407044EA007190076000902112748106
B1053396103593N02407082EA007200075900902512742106
B1053406103588N02407120EA007190075900902412685106
B1053416103583N02407157EA007180075800902212584105
B1053426103578N02407194EA007170075800902012518104
B1053436103573N02407232EA007170075800901912427104
B1053446103568N02407269EA007150075700902012407104
B1053456103564N02407306EA007140075600902112419103
B1053466103559N02407343EA007130075400902012414103
B1053476103555N02407380EA007130075300902012408103
B1053486103551N02407417EA007130075200902012373102
B1053496103547N02407454EA007140075100902012255102
B1053506103543N02407491EA007140075200901912131101
B1053516103539N02407528EA007150075200902011995101
B1053526103536N02407564EA007140075300901911881101
B1053536103532N02407599EA007130075300902011814101
B1053546103528N02407635EA007130075300901911793101
B1053556103525N02407670EA007120075200902211750102
B1053566103521N02407706EA007110075200902111800101
B1053576103518N02407742EA007080075000901711948100
B1053586103514N02407778EA007070074900901712043099
B1053596103511N02407815EA007060074700902112125099
B1054006103508N02407852EA007060074600902612237098
B1054016103506N02407889EA007030074400902612257098
B1054026103503N02407927EA007020074300902612395098
B1054036103500N02407965EA007020074200902412436098
B1054046103497N02408002EA007030074100902512408098
B1054056103495N02408040EA007020074000902712382098
B1054066103492N02408078EA007030074100902412326099
B1054076103489N02408115EA007050074200902212287099
B1054086103486N02408153EA007050074300902312204099
B1054096103483N02408190EA007060074400902312119098
B1054106103480N02408226EA007070074500902312078098
B1054116103478N02408263EA007070074500902312027097
B1054126103475N02408300EA007070074600902412001097
B1054136103473N02408336EA007070074600902012016097
B1054146103471N02408373EA007080074700901911990097
B1054156103469N02408410EA007100074700901611968095
B1054166103467N02408447EA007120074800901511866091
B1054176103468N02408483EA007130075000901111859086
B1054186103470N02408519EA007160075100901311843079
B1054196103474N02408554EA007180075300901411638071
B1054206103481N02408587EA007180075600901011466062
B1054216103490N02408617EA007190075700901111500052
B1054226103501N02408643EA007180075800901311645044
B1054236103514N02408667EA007170075700901211917036
B1054246103530N02408687EA007170075600901012234030
B1054256103546N02408704EA007190075500901512250023
B1054266103563N02408718EA007200075500901012052017
B1054276103580N02408727EA007230075700901111594010
B1054286103597N02408731EA007260076000901111132002
B1054296103613N02408730EA007280076200901510885354
B1054306103629N02408725EA007280076400901410396346
B1054316103643N02408715EA007250076500901310122336
B1054326103657N02408701EA007230076500901409998326
B1054336103668N02408682EA007200076300901109885315
B1054346103678N02408659EA007180076000901509770303
B1054356103684N02408632EA007190075700901509695290
B1054366103688N02408604EA007200075600901009532279
B1054376103689N02408575EA007220075600901109221266
B1054386103686N02408548EA007230075700901508927253
B1054396103681N02408523EA007250075800901608729240
B1054406103673N02408501EA007270076000901408718226
B1054416103663N02408484EA007290076200901108548213
B1054426103652N02408472EA007300076400901408682200
B1054436103639N02408466EA007320076600901108886187
B1054446103626N02408466EA007320076700901009136173
B1054456103613N02408472EA007330076800901209553160
B1054466103600N02408485EA007350076900901209751148
B1054476103588N02408504EA007350077000901510084135
B1054486103579N02408528EA007360077100901110446123
B1054496103571N02408557EA007380077300901510825111
B1054506103567N02408589EA007380077400901211125101
B1054516103565N02408624EA007380077500901011355091
B1054526103566N02408659EA007380077500901511653081
B1054536103570N02408694EA007370077600901311831072
B1054546103577N02408728EA007380077500901412029062
B1054556103587N02408759EA007400077500901512178052
B1054566103599N02408787EA007400077500901112263042
B1054576103614N02408810EA007420077700901412185031
B1054586103630N02408826EA007430077900901411890021
B1054596103646N02408836EA007430078000901011574010
B1055006103663N02408839EA007450078100901511257359
B1055016103680N02408835EA007440078200901410937347
B1055026103695N02408825EA007440078300901710760336
B1055036103709N02408809EA007430078300901310526326
B1055046103721N02408790EA007420078200901410217315
B1055056103731N02408766EA007410078100901109903305
B1055066103738N02408740EA007410078000901609630294
B1055076103743N02408713EA007420077900901309395282
B1055086103744N02408685EA007430078000901109134272
B1055096103744N02408657EA007460078000901208848262
B1055106103741N02408631EA007480078200901508540253
B1055116103737N02408607EA007500078400901508296245
B1055126103731N02408585EA007520078600901208096236
B1055136103723N02408565EA007560078900901507954227
B1055146103715N02408548EA007560079200901107821219
B1055156103705N02408535EA007580079400901007893210
B1055166103695N02408524EA007590079700901408012202
B1055176103683N02408516EA007610079800901008033193
B1055186103671N02408513EA007620080000901408168183
B1055196103659N02408513EA007620080100901008391173
B1055206103646N02408519EA007620080200901108714162
B1055216103634N02408530EA007630080300901009103149
B1055226103623N02408547EA007630080300901509584136
B1055236103614N02408570EA007620080400901109995122
B1055246103607N02408598EA007620080400901210471110
B1055256103603N02408630EA007620080400901310822100
B1055266103602N02408663EA007610080400901311122090
B1055276103603N02408698EA007610080300901311428079
B1055286103608N02408732EA007610080300901311684069
B1055296103615N02408765EA007600080200901311882059
B1055306103625N02408795EA007620080200901011981049
B1055316103638N02408821EA007630080100901611912039
B1055326103652N02408841EA007630080100901611581028
B1055336103668N02408855EA007660080200901411186017
B1055346103684N02408862EA007680080400901410731006
B1055356103700N02408863EA007700080600901110352355
B1055366103715N02408857EA007700080900901310028344
B1055376103728N02408846EA007700080900901309699333
B1055386103740N02408831EA007700081000901409422321
B1055396103750N02408811EA007700081000901309196310
B1055406103758N02408788EA007700081000901208956298
B1055416103763N02408763EA007700080900901408642285
B1055426103765N02408737EA007700081000901008459270
F1055421021321922170328
B1055436103763N02408711EA007700080900901108449256
B1055446103759N02408687EA007710080900901308498243
B1055456103752N02408664EA007730080900901108499231
B1055466103743N02408646EA007750081000901408482219
B1055476103733N02408631EA007770081200901508380208
B1055486103721N02408622EA007790081400901408330195
B1055496103709N02408617EA007800081600901208348184
B1055506103696N02408618EA007810081800901108557172
B1055516103684N02408624EA007810082000901008797159
B1055526103672N02408637EA007830082100901109031146
B1055536103662N02408655EA007810082200901109513132
B1055546103653N02408680EA007790082200901410039119
B1055556103647N02408709EA007770082100901010587108
B1055566103644N02408741EA007750082000901611073098
B1055576103643N02408776EA007750081700901011557088
B1055586103645N02408811EA007760081600901411898078
B1055596103650N02408847EA007770081500901211967069
B1056006103657N02408880EA007810081600901411805059
B1056016103667N02408909EA007830081800901211582050
B1056026103679N02408935EA007840082100901211377042
B1056036103692N02408957EA007840082400901111132035
B1056046103706N02408974EA007840082500901111010026
B1056056103722N02408987EA007840082500901010924018
B1056066103738N02408995EA007830082500901511052009
B1056076103754N02408998EA007830082500901311147000
B1056086103771N02408996EA007830082400901311119351
B1056096103787N02408988EA007840082400901210918342
B1056106103802N02408976EA007860082500901210623333
B1056116103815N02408960EA007880082600901410194325
LLXVBATT:23.0% (3.81V) 105612
B1056126103827N02408940EA007900082700901509715315
B1056136103836N02408919EA007920083000901209152306
B1056146103843N02408895EA007930083200901108638295
B1056156103847N02408871EA007920083400901208252280
B1056166103847N02408846EA007910083400901208198263
B1056176103844N02408821EA007910083300901508184247
B1056186103838N02408800EA007910083200901108334228
B1056196103828N02408784EA007920083200901108516209
B1056206103816N02408775EA007920083300901408766191
B1056216103803N02408773EA007930083400901309199173
B1056226103789N02408781EA007950083400901109652157
B1056236103777N02408796EA007950083600901410075140
B1056246103766N02408819EA007960083600901210513126
B1056256103759N02408848EA007970083700901310857112
B1056266103754N02408880EA007970083800901311176099
B1056276103753N02408914EA007990083900901211352087
B1056286103756N02408949EA008000083900901011525075
B1056296103762N02408983EA008000084000901111579064
B1056306103770N02409013EA007990084100901311626052
B1056316103782N02409039EA007990084100901011602041
B1056326103796N02409060EA007990084100901011790029
B1056336103813N02409074EA008010084000901711896017
B1056346103830N02409082EA008030084100901311634006
B1056356103847N02409082EA008050084300901511199355
B1056366103863N02409077EA008070084500901110812344
B1056376103878N02409065EA008080084700901310310332
B1056386103890N02409048EA008090084900901109726320
B1056396103900N02409028EA008080084900901009236307
B1056406103907N02409004EA008090085000901108802293
B1056416103910N02408979EA008090085000901108496278
B1056426103910N02408953EA008080085000901608352262
B1056436103907N02408929EA008100084900901108229246
B1056446103901N02408907EA008100085000901308187230
B1056456103892N02408890EA008120085100901408244214
B1056466103881N02408879EA008150085200901308317201
B1056476103869N02408872EA008150085400901108489188
B1056486103856N02408871EA008180085600901508741174
B1056496103843N02408877EA008190085800901008964161
B1056506103831N02408889EA008190085900901509276148
B1056516103820N02408907EA008200086100901209663135
B1056526103811N02408930EA008200086200901210027123
B1056536103804N02408958EA008200086200901210437111
B1056546103800N02408990EA008200086200901510870100
B1056556103798N02409024EA008200086200901111152090
B1056566103800N02409058EA008200086100901411467080
B1056576103804N02409092EA008190086100901211523069
B1056586103811N02409124EA008190086100901411672058
B1056596103822N02409153EA008190086100901311704049
B1057006103834N02409179EA008200086100901511707040
B1057016103848N02409199EA008210086100901411710030
B1057026103864N02409215EA008230086100901411680022
B1057036103880N02409227EA008260086300901111428014
B1057046103897N02409233EA008280086500901411273005
B1057056103913N02409234EA008280086700901310924357
B1057066103929N02409230EA008290086900901010566347
B1057076103944N02409220EA008290087100901210312337
B1057086103958N02409206EA008280087100901009972327
B1057096103969N02409187EA008280087100901009655316
B1057106103978N02409165EA008270087000901109332304
B1057116103985N02409141EA008270086900901408970292
B1057126103988N02409115EA008280086900901108495279
B1057136103989N02409090EA008300086900901408106266
B1057146103987N02409066EA008290086900901207827254
B1057156103983N02409044EA008290087000901207705241
B1057166103976N02409024EA008290087000901007757229
B1057176103968N02409008EA008290087000901107987217
B1057186103958N02408994EA008310087000901408111208
B1057196103947N02408984EA008350087100901508180199
B1057206103935N02408977EA008380087300901108132193
B1057216103923N02408973EA008410087600901508002186
B1057226103911N02408972EA008430088000901107809178
B1057236103900N02408975EA008430088300901007884168
B1057246103888N02408982EA008420088400901508117158
B1057256103877N02408993EA008410088500901008530147
B1057266103867N02409010EA008390088400901509118138
B1057276103857N02409030EA008380088200901409716129
B1057286103849N02409056EA008380088100901510149119
B1057296103842N02409085EA008380088000901610615110
B1057306103838N02409116EA008380087900901110925100
B1057316103837N02409150EA008400087900901311102090
B1057326103838N02409184EA008400088000901011167080
B1057336103842N02409218EA008400088100901411225070
B1057346103849N02409249EA008390088200901311275060
B1057356103859N02409278EA008380088200901211417049
B1057366103871N02409302EA008360088100901111572039
B1057376103885N02409322EA008360088000901111577029
B1057386103901N02409337EA008360087800901211513018
B1057396103917N02409345EA008370087700901211447008
B1057406103934N02409347EA008380087700901711266358
B1057416103951N02409343EA008380087800901611098346
B1057426103966N02409332EA008390087900901210768336
B1057436103980N02409317EA008430087900901110365327
B1057446103992N02409298EA008450088100901109736318
B1057456104002N02409278EA008470088400901209096310
B1057466104010N02409256EA008490088700901208586302
B1057476104016N02409233EA008510088900901508143294
B1057486104020N02409210EA008520089100901007866284
B1057496104022N02409187EA008520089300901407711274
B1057506104022N02409163EA008520089300901007637264
B1057516104020N02409140EA008530089400901107631253
B1057526104015N02409118EA008530089300901407745241
B1057536104009N02409099EA008530089400901007745229
B1057546104000N02409082EA008540089400901507813216
B1057556103990N02409070EA008530089400901507965204
B1057566103979N02409062EA008530089500901108209192
B1057576103967N02409060EA008540089500901508580180
B1057586103954N02409062EA008550089500901108851169
B1057596103941N02409070EA008540089500901108987159
B1058006103929N02409082EA008550089500901309162148
B1058016103918N02409099EA008550089600901409296138
B1058026103908N02409120EA008540089600901009612128
B1058036103900N02409145EA008540089600901109933117
B1058046103894N02409174EA008530089500901110296107
B1058056103891N02409205EA008520089400901110795097
B1058066103890N02409239EA008520089300901311216087
B1058076103892N02409274EA008540089300901511573077
B1058086103897N02409308EA008550089300901111707068
B1058096103905N02409340EA008560089400901411754059
B1058106103915N02409370EA008580089600901511716050
B1058116103927N02409396EA008600089700901511710042
B1058126103940N02409419EA008600089900901411620035
B1058136103955N02409437EA008610090000901111511028
B1058146103970N02409453EA008610090100901211362022
B1058156103986N02409464EA008630090100901311229016
B1058166104002N02409472EA008640090200901510967008
B1058176104018N02409475EA008650090300901210678001
B1058186104034N02409473EA008650090400901410462353
B1058196104049N02409468EA008660090500901410191345
B1058206104064N02409458EA008670090600901110039338
B1058216104077N02409446EA008670090600901409875332
B1058226104090N02409430EA008670090700901209648325
B1058236104101N02409412EA008670090800901109353318
B1058246104110N02409392EA008670090800901009187310
B1058256104118N02409369EA008670090800901409080301
B1058266104124N02409344EA008670090700901208900292
B1058276104129N02409319EA008680090700901208797282
B1058286104130N02409292EA008700090700901108610273
B1058296104130N02409266EA008720090800901208276262
B1058306104127N02409242EA008740091000901207917251
B1058316104123N02409220EA008770091300901307693239
B1058326104116N02409201EA008770091500901107517228
B1058336104108N02409186EA008780091700901407601215
B1058346104098N02409175EA008780091900901107757201
B1058356104087N02409168EA008770091900901007983188
B1058366104074N02409168EA008770091900901308366175
B1058376104062N02409172EA008760091900901208682163
B1058386104050N02409183EA008750091800901509013151
B1058396104038N02409199EA008730091700901209446140
B1058406104028N02409219EA008720091600901609906130
B1058416104020N02409245EA008730091400901210254120
B1058426104013N02409274EA008730091300901610585109
B1058436104009N02409306EA008720091300901710891098
F105843102102321922170328
B1058446104008N02409340EA008740091300701711277087
B1058456104010N02409374EA008770091400701611429077
B1058466104015N02409408EA008800091500701511358067
B1058476104023N02409438EA008820091800701311226057
B1058486104033N02409465EA008820092000701211039046
B1058496104045N02409488EA008840092200701210886037
B1058506104059N02409506EA008830092300701310808027
B1058516104074N02409518EA008830092400701310707018
B1058526104089N02409526EA008830092400701010639008
B1058536104105N02409528EA008820092400701110516357
B1058546104120N02409523EA008810092300701510427346
B1058556104135N02409513EA008810092300701510309336
B1058566104148N02409498EA008790092200701010216325
B1058576104160N02409478EA008790092100701110072314
B1058586104169N02409455EA008810092000701209807304
B1058596104176N02409429EA008830092000701409475293
B1059006104181N02409402EA008850092100701309039282
B1059016104182N02409375EA008870092300701508589272
B1059026104182N02409349EA008890092600701008216260
B1059036104179N02409325EA008900092800701307916248
B1059046104173N02409304EA008900093000701507847236
B1059056104166N02409285EA008900093000701407958225
B1059066104157N02409269EA008890093000701108168216
B1059076104147N02409255EA008880093000701608321210
B1059086104136N02409243EA008880093000701508371206
B1059096104124N02409232EA008870093000701208388203
B1059106104113N02409222EA008880093000701108439201
B1059116104101N02409213EA008860092900701008451200
B1059126104089N02409204EA008830092800701408490198
B1059136104077N02409196EA008810092700701508539198
B1059146104065N02409188EA008790092400701008717196
B1059156104052N02409180EA008740092200701108789195
B1059166104039N02409174EA008720091900701109022193
B1059176104026N02409167EA008690091600701009226193
B1059186104012N02409161EA008660091300701009410192
B1059196103999N02409154EA008650091000701409553191
B1059206103985N02409148EA008650090800701209669191
B1059216103970N02409143EA008650090700701509728191
B1059226103956N02409137EA008670090600701209742191
B1059236103942N02409131EA008680090600701109696191
B1059246103928N02409125EA008700090800701109361191
B1059256103914N02409120EA008730091000701209146190
B1059266103901N02409115EA008740091200701309050190
B1059276103888N02409110EA008750091400701508857189
B1059286103875N02409106EA008760091600701208754188
B1059296103862N02409102EA008770091800701408619187
B1059306103849N02409098EA008780091900701208619188
B1059316103836N02409094EA008810092000701508631189
B1059326103824N02409090EA008830092100701408623189
B1059336103811N02409086EA008860092400701308385188
B1059346103799N02409082EA008890092700701208155189
B1059356103787N02409077EA008910092900701207994190
B1059366103775N02409073EA008930093200701507780190
B1059376103764N02409069EA008930093400701107692190
B1059386103753N02409065EA008930093600701507712191
B1059396103741N02409060EA008930093700701007803192
B1059406103730N02409054EA008940093700701107941193
B1059416103718N02409048EA008930093600701708125194
B1059426103707N02409041EA008920093600702008311195
B1059436103695N02409034EA008920093500701608396196
B1059446103683N02409027EA008930093400701508340197
B1059456103671N02409019EA008940093400701208198196
B1059466103659N02409012EA008930093500701508147193
B1059476103647N02409007EA008920093500701508260189
B1059486103635N02409004EA008910093500701108399187
B1059496103622N02409001EA008920093400701308562185
B1059506103610N02408999EA008900093400701208537183
B1059516103597N02408997EA008900093300701408560181
B1059526103584N02408997EA008900093300701108615180
B1059536103571N02408997EA008910093200701208643179
B1059546103558N02408997EA008930093300701208585178
B1059556103545N02408998EA008940093400701508489177
B1059566103533N02409000EA008960093500701508377176
B1059576103521N02409002EA008980093600701008187175
B1059586103508N02409004EA009020093900701107994176
B1059596103497N02409005EA009030094100701507679177
B1100006103485N02409006EA009070094400901407536178
B1100016103474N02409006EA009080094700901507489178
B1100026103463N02409007EA009080094900901107455178
B1100036103452N02409008EA009070095000901207443178
B1100046103441N02409008EA009060095000901507381177
B1100056103430N02409010EA009040094900901307510175
B1100066103418N02409012EA009020094800701007805173
B1100076103407N02409015EA009000094600701008135172
B1100086103395N02409019EA008980094400701408397171
B1100096103382N02409023EA008950094200701208593170
B1100106103369N02409028EA008940094000701308763168
B1100116103356N02409033EA008920093800901108921167
B1100126103343N02409040EA008910093600901509050165
B1100136103330N02409047EA008890093500901109074164
B1100146103317N02409055EA008880093400901409186163
B1100156103304N02409063EA008870093300901109329162
B1100166103291N02409072EA008860093100701509555161
B1100176103277N02409083EA008850093000701209750158
B1100186103263N02409094EA008850092900701309939156
B1100196103250N02409106EA008860092800701609974155
B1100206103236N02409120EA008870092800701409921153
B1100216103223N02409134EA008890092900701109826151
B1100226103211N02409149EA008910093000701509607149
B1100236103198N02409164EA008910093200701109522148
B1100246103186N02409180EA008900093300701209418147
B1100256103175N02409196EA008900093400701409341145
B1100266103163N02409212EA008880093300701309400144
B1100276103152N02409229EA008860093300701209487143
B1100286103141N02409247EA008840093100701409660141
B1100296103129N02409266EA008820092900701209800140
B1100306103118N02409286EA008790092700701410010138
B1100316103107N02409307EA008760092400701110271137
B1100326103095N02409328EA008740092100701310486136
B1100336103084N02409351EA008730091800701310654136
B1100346103072N02409373EA008730091700701010705136
B1100356103061N02409396EA008720091600701510726136
B1100366103049N02409419EA008700091500701010737136
B1100376103038N02409442EA008680091400701310694135
B1100386103026N02409465EA008670091300701110678134
B1100396103015N02409488EA008660091100701510797134
B1100406103004N02409512EA008630091000701310866133
B1100416102993N02409537EA008600090700701210981132
B1100426102982N02409562EA008570090500701511139132
B1100436102971N02409588EA008560090200701311210131
B1100446102960N02409614EA008530090000701011272130
B1100456102949N02409640EA008510089700701511347130
B1100466102938N02409667EA008490089500701311351129
B1100476102927N02409694EA008480089300701311320128
B1100486102917N02409721EA008470089200701411229128
B1100496102906N02409748EA008460089100701511184128
B1100506102896N02409775EA008460089000701311112128
B1100516102886N02409802EA008450088900701411070129
B1100526102875N02409828EA008450088800701310998129
B1100536102865N02409854EA008450088800701410899130
B1100546102854N02409880EA008440088700701510807129
B1100556102844N02409905EA008430088700701010784129
B1100566102834N02409931EA008430088700701510782129
B1100576102823N02409956EA008420088600701310814129
B1100586102813N02409982EA008410088600701010861129
B1100596102803N02410008EA008400088500701010888128
B1101006102793N02410035EA008370088300701010898127
B1101016102783N02410062EA008350088200701611001126
B1101026102773N02410089EA008350088000701211081126
B1101036102764N02410117EA008330087900701311148125
B1101046102754N02410145EA008320087800701511165125
B1101056102744N02410173EA008320087600701311180125
B1101066102735N02410201EA008300087500701511194125
B1101076102725N02410229EA008290087500701511145125
B1101086102715N02410257EA008290087400701211179124
B1101096102706N02410286EA008270087300701111231123
B1101106102697N02410315EA008260087200701511289123
B1101116102688N02410344EA008250087100701211362122
B1101126102678N02410374EA008230087000701511501122
B1101136102669N02410404EA008220086900701111559122
LLXVBATT:23.2% (3.81V) 110114
B1101146102660N02410434EA008230086800701211620122
B1101156102651N02410464EA008230086700701511614122
B1101166102641N02410494EA008240086700701011508123
B1101176102632N02410524EA008240086800701011489123
B1101186102622N02410553EA008240086800701011382123
B1101196102613N02410582EA008240086800701711331122
B1101206102604N02410612EA008260086900701911180122
B1101216102595N02410641EA008270087000701811133121
B1101226102586N02410670EA008280087100701711055122
B1101236102577N02410698EA008290087200701610926123
B1101246102569N02410727EA008300087300701110813123
B1101256102560N02410754EA008310087400701310706122
B1101266102551N02410782EA008340087600701110596122
B1101276102543N02410810EA008370087700701310503122
B1101286102534N02410837EA008400087900701410415123
B1101296102526N02410863EA008430088200701110271125
B1101306102517N02410888EA008440088400701410079126
B1101316102508N02410913EA008470088700701409913126
B1101326102499N02410938EA008500088900701109829125
B1101336102491N02410962EA008500089100701109719126
B1101346102482N02410986EA008510089300701209674125
B1101356102474N02411011EA008500089500701109714124
B1101366102466N02411036EA008480089500701009909123
B1101376102457N02411062EA008440089300701110140123
B1101386102449N02411088EA008450089100701310387121
B1101396102441N02411116EA008430088900701010643120
B1101406102433N02411145EA008420088700701710875118
B1101416102425N02411175EA008410088500701811007117
B1101426102418N02411205EA008390088400701811093116
B1101436102411N02411236EA008390088300701911183115
B1101446102403N02411267EA008360088200701711291114
F11014410210232192217032831
B1101456102396N02411299EA008340088100701211401113
B1101466102390N02411331EA008320087900701111534113
B1101476102383N02411364EA008300087700701011652112
B1101486102376N02411397EA008290087500701311715112
B1101496102369N02411431EA008280087300701211771113
B1101506102362N02411464EA008260087100701411774112
B1101516102355N02411497EA008250086900701211723113
B1101526102349N02411531EA008230086700701011733112
B1101536102342N02411564EA008220086600701211746112
B1101546102335N02411598EA008190086500701811742111
B1101556102329N02411631EA008170086300702011733112
B1101566102322N02411665EA008140086200701911824112
B1101576102315N02411698EA008090086000701911968112
B1101586102308N02411733EA008050085600702112208113
B1101596102300N02411767EA008030085200702212422113
B1102006102293N02411803EA008040084900702012592113
B1102016102285N02411838EA008020084600702412598114
B1102026102277N02411873EA008040084500702112625114
B1102036102270N02411909EA008030084500702212485114
B1102046102262N02411943EA008020084500702212405114
B1102056102254N02411978EA008020084500702212389114
B1102066102247N02412013EA008030084400702512314114
B1102076102239N02412047EA008040084300702312141115
B1102086102231N02412081EA008050084400702211956116
B1102096102223N02412113EA008070084600702311816118
B1102106102214N02412145EA008080084800702011599119
B1102116102206N02412175EA008100085000701911406121
B1102126102197N02412205EA008130085100702011276122
B1102136102188N02412234EA008150085300701811101124
B1102146102178N02412262EA008160085500701310967126
B1102156102168N02412288EA008160085700701410789127
B1102166102158N02412314EA008160085800701710681129
B1102176102148N02412339EA008140085900701810611130
B1102186102137N02412364EA008140085800701010574133
B1102196102126N02412387EA008120085700701510567136
B1102206102115N02412409EA008100085600702010741138
B1102216102102N02412430EA008090085400702010903140
B1102226102089N02412452EA008100085200702111000140
B1102236102077N02412473EA008110085200702011061142
B1102246102063N02412493EA008140085300701810929145
B1102256102050N02412511EA008160085500701810728148
B1102266102036N02412528EA008180085600701810544149
B1102276102022N02412543EA008190085900701810305151
B1102286102009N02412558EA008210086000701910054152
B1102296101995N02412571EA008200086300701909828154
B1102306101982N02412584EA008200086400701909765156
B1102316101969N02412596EA008170086300701909791157
B1102326101955N02412607EA008120086100702009903158
B1102336101941N02412618EA008070085800701910202159
B1102346101926N02412629EA008030085400701910617160
B1102356101911N02412640EA007990085000702110984161
B1102366101895N02412650EA007970084600702011258163
B1102376101879N02412660EA007940084200702211504164
B1102386101862N02412669EA007910083900702311775164
B1102396101845N02412679EA007900083600702411863165
B1102406101828N02412688EA007880083400702311951165
B1102416101810N02412698EA007840083200702512008164
B1102426101793N02412708EA007850083000702411977163
B1102436101776N02412718EA007840082800702511944162
B1102446101759N02412730EA007820082700702311989161
B1102456101742N02412742EA007810082500702112101160
B1102466101725N02412755EA007790082300702212145159
B1102476101708N02412768EA007770082100702412274159
B1102486101690N02412782EA007760082000702412320159
B1102496101673N02412795EA007730081800702412366158
B1102506101656N02412809EA007720081700702412441158
B1102516101639N02412823EA007710081500702312437158
B1102526101621N02412838EA007700081400702312501158
B1102536101604N02412852EA007700081200702412469158
B1102546101587N02412866EA007680081100702312494158
B1102556101569N02412880EA007680080900702312495158
B1102566101552N02412895EA007670080800702112460157
B1102576101535N02412910EA007650080700702112407156
B1102586101518N02412926EA007650080500702512383154
B1102596101502N02412942EA007630080400702412364153
B1103006101485N02412960EA007620080300702412232152
B1103016101469N02412977EA007600080200702412147152
B1103026101453N02412995EA007580080000702512031151
B1103036101437N02413012EA007550079900702512109152
B1103046101421N02413030EA007530079700702212193152
B1103056101405N02413047EA007500079400702312258152
B1103066101389N02413064EA007470079100702112347153
B1103076101372N02413081EA007440078800702112445153
B1103086101355N02413098EA007420078600702112536154
B1103096101338N02413114EA007410078300702212624155
B1103106101321N02413130EA007410078100702212628156
B1103116101304N02413145EA007410078000702212606156
B1103126101287N02413161EA007410078000702012471156
B1103136101270N02413176EA007420078000702012422155
B1103146101253N02413192EA007420078100702112296155
B1103156101236N02413208EA007430078100702312241155
B1103166101219N02413223EA007420078100702112181155
B1103176101203N02413239EA007440078100702112089155
B1103186101187N02413254EA007440078200702011924155
B1103196101171N02413269EA007470078300702411757155
B1103206101155N02413283EA007480078500702411551156
B1103216101139N02413297EA007480078600702311381156
B1103226101123N02413311EA007480078700702011337156
B1103236101108N02413325EA007490078800702111281156
B1103246101092N02413339EA007490078900702111417156
B1103256101077N02413352EA007550078900702111362157
B1103266101061N02413366EA007600079100702211044157
B1103276101046N02413379EA007640079600702010728156
B1103286101032N02413392EA007670080100702110346156
B1103296101018N02413404EA007690080600702010114156
B1103306101004N02413416EA007700080900701809981157
B1103316100990N02413427EA007700081000701609838157
B1103326100976N02413439EA007700081100701309950157
B1103336100963N02413451EA007680081100701310102156
B1103346100949N02413463EA007670081000701410407156
B1103356100934N02413476EA007680080900701110688155
B1103366100920N02413490EA007680080700701410903154
B1103376100905N02413505EA007690080700701410968153
B1103386100890N02413520EA007720080800701510908152
B1103396100876N02413536EA007740081000701110874152
B1103406100862N02413552EA007750081200701310735152
B1103416100848N02413567EA007770081400701010507152
B1103426100834N02413582EA007770081600701410388151
B1103436100821N02413598EA007770081700701010356150
B1103446100807N02413614EA007760081700701610337147
B1103456100795N02413632EA007740081700701010477145
B1103466100782N02413650EA007740081500701310480143
B1103476100769N02413670EA007720081400701310469142
B1103486100757N02413690EA007700081200701610547141
B1103496100745N02413711EA007680081100701610760139
B1103506100733N02413733EA007670081000702210881138
B1103516100721N02413755EA007660080800701811009136
B1103526100709N02413779EA007650080700701611151135
B1103536100697N02413803EA007660080600701611204133
B1103546100686N02413829EA007650080500701111298131
B1103556100675N02413855EA007660080500701211256130
B1103566100664N02413882EA007670080500701311168129
B1103576100654N02413908EA007670080500701411190128
B1103586100643N02413935EA007690080700701511134128
B1103596100633N02413962EA007710080800701311026127
B1104006100623N02413988EA007700080900701510920128
B1104016100613N02414015EA007700081000701510892127
B1104026100603N02414042EA007680081000701410924126
B1104036100594N02414069EA007670080900701011040125
B1104046100584N02414097EA007650080800701111160124
B1104056100575N02414126EA007640080600701411259123
B1104066100566N02414155EA007610080500701511401121
B1104076100557N02414186EA007590080300701311615120
B1104086100548N02414217EA007580080000701211923119
B1104096100540N02414250EA007570079800701212074117
B1104106100532N02414283EA007560079600701112183115
B1104116100524N02414317EA007540079500701512151114
B1104126100517N02414351EA007520079400701112168114
B1104136100509N02414385EA007500079300701412287114
B1104146100501N02414420EA007480079100701012504114
B1104156100494N02414456EA007470078900701612715114
B1104166100486N02414491EA007440078700701712863114
B1104176100478N02414528EA007430078600701712891113
B1104186100470N02414564EA007410078400701812920113
B1104196100463N02414601EA007400078300701912998113
B1104206100455N02414638EA007380078100702013045112
B1104216100448N02414675EA007360077800702013163112
B1104226100440N02414713EA007340077600702013189111
B1104236100433N02414751EA007330077400702213205110
B1104246100426N02414789EA007300077200702113242110
B1104256100419N02414827EA007280077000701913268110
B1104266100413N02414866EA007290076800702013224109
B1104276100406N02414904EA007280076800702013059110
B1104286100399N02414941EA007300076800701912940109
B1104296100393N02414979EA007300076800702012814109
B1104306100387N02415016EA007310076800702012708109
B1104316100381N02415053EA007320076900702012622108
B1104326100375N02415089EA007350077000702012488108
B1104336100369N02415125EA007360077200702312286108
B1104346100363N02415161EA007380077300702112152107
B1104356100357N02415197EA007400077500701912019108
B1104366100352N02415231EA007400077700701711947109
B1104376100346N02415266EA007410077900701612000109
B1104386100340N02415301EA007420078000701612063109
B1104396100333N02415336EA007440078000701012042110
B1104406100327N02415370EA007470078200701211916111
B1104416100321N02415404EA007500078400701311678110
B1104426100315N02415438EA007520078700701511516109
B1104436100309N02415471EA007540079000701111382108
B1104446100304N02415504EA007540079300701111391107
B1104456100299N02415538EA007550079400701411436106
B1104466100294N02415572EA007550079500701311516106
B1104476100289N02415606EA007550079400701111528106
B1104486100284N02415640EA007560079500701511526105
B1104496100280N02415674EA007560079500701311556105
B1104506100275N02415708EA007540079500701511446105
B1104516100271N02415742EA007530079400701311478105
B1104526100266N02415776EA007510079300701111530105
B1104536100261N02415810EA007500079200701111581106
B1104546100256N02415845EA007470079000701011740107
B1104556100251N02415879EA007440078800701411870110
B1104566100244N02415913EA007420078500701011922113
B1104576100236N02415947EA007400078300701012144115
B1104586100228N02415980EA007380078000701812210119
B1104596100219N02416012EA007370077800701612312121
B1105006100208N02416044EA007370077600701712374124
B1105016100198N02416075EA007380077500701712374126
B1105026100187N02416106EA007430077500701412205127
B1105036100176N02416135EA007470077700701511847127
B1105046100165N02416164EA007510078100701111352126
B1105056100156N02416191EA007560078700701210909125
B1105066100146N02416218EA007580079200701010538125
B1105076100137N02416244EA007610079500701410223126
B1105086100128N02416269EA007600079800701210060127
B1105096100119N02416294EA007580080000701110007128
B1105106100109N02416318EA007550080000701710185129
B1105116100099N02416342EA007520079700702510525131
B1105126100088N02416366EA007490079400702411006133
B1105136100077N02416391EA007470079100701911235134
B1105146100065N02416415EA007470078800701711248136
B1105156100053N02416438EA007450078700701611079138
B1105166100040N02416461EA007440078600701611045139
B1105176100028N02416483EA007430078500701611085139
B1105186100015N02416505EA007410078300701511086139
B1105196100002N02416528EA007390078200701411202138
B1105206059990N02416550EA007360077900701411243139
B1105216059977N02416572EA007340077700701111290140
B1105226059964N02416594EA007310077500701111349141
B1105236059951N02416616EA007300077200701611384141
B1105246059937N02416638EA007270077000701611430141
B1105256059924N02416660EA007240076700701011441141
B1105266059911N02416683EA007220076500701411515140
B1105276059897N02416705EA007200076200701611594140
B1105286059884N02416728EA007170076000701311738140
B1105296059870N02416751EA007150075700701611744139
B1105306059857N02416775EA007140075500701711838139
B1105316059843N02416798EA007130075200702011831140
B1105326059830N02416821EA007120075100702011759140
B1105336059816N02416844EA007110075000701911698140
B1105346059803N02416867EA007110074900701711612139
B1105356059790N02416890EA007090074800701811545139
B1105366059777N02416913EA007090074700701911472140
B1105376059763N02416935EA007060074600702211392140
B1105386059750N02416957EA007030074400702311442141
B1105396059737N02416979EA007010074300702311535141
B1105406059723N02417001EA007010074100702111617141
B1105416059709N02417023EA007010073900702111608142
B1105426059696N02417045EA007000073900702211557142
B1105436059682N02417066EA007010073900702211470142
B1105446059668N02417088EA007000073900702111512143
B1105456059654N02417108EA007000073800702211585144
B1105466059640N02417129EA007000073800702311648145
B1105476059626N02417150EA007020073800702011672144
B1105486059611N02417171EA007030073900701811710144
B1105496059597N02417192EA007050074000701811825143
B1105506059583N02417213EA007090074200701811664143
B1105516059569N02417234EA007110074400701811478144
B1105526059555N02417255EA007120074700701811280144
B1105536059542N02417274EA007130074900701711128146
B1105546059528N02417293EA007130075100702011090146
B1105556059514N02417312EA007100075100701911104146
B1105566059500N02417331EA007070075000702111206146
B1105576059486N02417350EA007030074800702311343145
B1105586059472N02417370EA007000074400702111611145
B1105596059457N02417391EA006990074100701911971146
B1106006059443N02417411EA006970073800701911935146
B1106016059428N02417431EA006960073600701912028146
B1106026059413N02417452EA006950073500702212035146
B1106036059397N02417472EA006930073300702112145146
B1106046059382N02417493EA006930073200701912225145
B1106056059367N02417514EA006940073100701612349145
B1106066059352N02417536EA006950073000701812254144
B1106076059337N02417558EA006980073100701912161145
B1106086059322N02417579EA006990073200702111888144
B1106096059308N02417600EA007020073400702311616143
B1106106059295N02417621EA007050073700702411189142
B1106116059282N02417642EA007080074000702110887141
B1106126059269N02417663EA007080074200702010676140
B1106136059257N02417684EA007080074500701810553138
B1106146059246N02417706EA007100074500701410525137
B1106156059234N02417728EA007100074500702010436137
LLXVBATT:23.3% (3.81V) 110616
B1106166059222N02417749EA007090074600702010291138
B1106176059211N02417770EA007090074600701810247138
B1106186059199N02417791EA007080074500701610307138
B1106196059188N02417812EA007090074500701210378138
B1106206059176N02417833EA007100074500701310313138
B1106216059165N02417854EA007110074500701510204138
B1106226059153N02417875EA007120074600701510112138
B1106236059142N02417895EA007130074700701310066138
B1106246059131N02417916EA007130074800701510107138
B1106256059120N02417937EA007130074900701110128137
B1106266059109N02417958EA007130074900701510197136
B1106276059098N02417980EA007140074900701310226135
B1106286059087N02418002EA007150074900701010174135
B1106296059076N02418024EA007150075000701010027135
B1106306059065N02418045EA007150075100701309914135
B1106316059055N02418066EA007140075100701309832135
B1106326059044N02418087EA007130075000701209787136
B1106336059033N02418108EA007110075000701409758137
B1106346059022N02418128EA007080074800701009857139
B1106356059011N02418147EA007060074500701310022142
B1106366058999N02418166EA007030074200701010198143
B1106376058986N02418184EA007010073900701610378145
B1106386058973N02418202EA006990073600701210432147
B1106396058960N02418219EA006980073400701110340149
B1106406058946N02418235EA006970073200702110434151
B1106416058933N02418250EA006970073200701910495152
B1106426058919N02418265EA006970073100702310658153
B1106436058904N02418279EA006980073100702010630154
B1106446058890N02418293EA007020073100701910536156
B1106456058875N02418305EA007060073300701910317159
B1106466058861N02418315EA007120073700701709947160
B1106476058847N02418325EA007180074300701709472161
B1106486058834N02418334EA007210074800701909019162
B1106496058822N02418342EA007240075400702308766163
B1106506058809N02418349EA007250075800702208626164
B1106516058797N02418356EA007260076000702108602166
B1106526058784N02418362EA007250076200702008723167
B1106536058771N02418368EA007230076200701909067167
B1106546058758N02418374EA007230076100701809398168
B1106556058744N02418379EA007230076000701809536170
B1106566058730N02418383EA007250076000702109390176
B1106576058716N02418383EA007240076000702309180184
B1106586058703N02418378EA007260076000702208900194
B1106596058691N02418368EA007260076100702208723209
B1107006058680N02418353EA007240076100702008615222
B1107016058672N02418333EA007220076000701708635236
B1107026058666N02418309EA007210075900701608684248
B1107036058662N02418283EA007170075700701608776259
B1107046058661N02418256EA007160075500701008923269
B1107056058662N02418229EA007130075300701408956278
B1107066058666N02418202EA007110075000701409081288
B1107076058671N02418177EA007090074800701409291298
B1107086058678N02418152EA007060074500701009559306
B1107096058688N02418130EA007050074300701509743313
B1107106058698N02418109EA007060074100701209790318
B1107116058709N02418089EA007070074000701409770322
B1107126058721N02418072EA007060074000701209674325
B1107136058733N02418055EA007050074100701509609328
B1107146058746N02418041EA007040074000701209704332
B1107156058759N02418028EA007030074000701209763336
B1107166058773N02418018EA007000073900701009974342
B1107176058787N02418010EA006970073700701510229348
B1107186058803N02418006EA006960073400701310630356
B1107196058819N02418005EA006940073200701511078003
B1107206058835N02418010EA006930073000801111254010
F110720102102321917032831
B1107216058852N02418017EA006920072800801111482016
B1107226058868N02418029EA006910072700701211498021
B1107236058884N02418043EA006890072600701511570026
B1107246058899N02418060EA006860072400701011607030
B1107256058914N02418079EA006840072200701211743033
B1107266058928N02418100EA006830072000701111839035
B1107276058943N02418121EA006800071800701011821037
B1107286058956N02418144EA006780071500701411843039
B1107296058970N02418168EA006770071300701211884043
B1107306058982N02418194EA006770071100701111780046
B1107316058994N02418221EA006760071000701411698051
B1107326059004N02418250EA006760070900701411652055
B1107336059013N02418280EA006750070800701511644059
B1107346059022N02418311EA006740070700701111693063
B1107356059029N02418344EA006740070700701411708068
B1107366059034N02418378EA006720070600701311776072
B1107376059040N02418413EA006730070500701411741076
B1107386059043N02418448EA006740070700701011633079
B1107396059046N02418483EA006740070700701411468083
B1107406059047N02418519EA006740070700701111394086
B1107416059048N02418553EA006760070800701511291088
B1107426059048N02418588EA006750070800701411190090
B1107436059048N02418622EA006790070800701011030091
B1107446059047N02418655EA006810071000701010681094
B1107456059045N02418687EA006830071300701010239096
B1107466059043N02418718EA006840071500701309990099
B1107476059040N02418748EA006880071600701409925102
B1107486059037N02418777EA006890071800701109691105
B1107496059032N02418805EA006910071900701709357110
B1107506059027N02418832EA006920072100701709155116
B1107516059020N02418856EA006910072200701609077123
B1107526059012N02418878EA006910072200601009000132
B1107536059002N02418896EA006900072200601408837144
B1107546058991N02418910EA006880072300601708525156
B1107556058979N02418917EA006860072200601808153170
B1107566058967N02418918EA006830072100601808049185
B1107576058956N02418912EA006820071900601608078202
B1107586058945N02418900EA006790071700601408290218
B1107596058937N02418882EA006770071400601608477233
B1108006058931N02418859EA006760071200601508661248
B1108016058927N02418833EA006750071000601108779262
B1108026058927N02418806EA006740070900601608901274
B1108036058929N02418779EA006740070800601609015286
B1108046058934N02418754EA006740070800601509058297
B1108056058942N02418730EA006750070700701609171309
B1108066058951N02418710EA006750070800701609384318
B1108076058963N02418692EA006750070800901209686325
B1108086058976N02418677EA006740070800601010176333
B1108096058990N02418664EA006760070800601610521340
B1108106059005N02418655EA006800070900601610701346
B1108116059021N02418649EA006820071000601810693350
B1108126059037N02418644EA006840071300601710561354
B1108136059052N02418643EA006870071500601610423359
B1108146059068N02418644EA006880071800601010265005
B1108156059083N02418649EA006900072100601310261012
B1108166059098N02418658EA006890072300601210361018
B1108176059112N02418670EA006870072400601110667024
B1108186059127N02418686EA006850072300601111043031
B1108196059140N02418705EA006820072100601211317036
B1108206059154N02418727EA006800071800601111522042
B1108216059166N02418753EA006810071600601311598048
B1108226059176N02418780EA006820071600601011504054
B1108236059186N02418810EA006830071600601011278059
B1108246059193N02418840EA006840071700601111042065
B1108256059199N02418871EA006840071800601310908071
B1108266059204N02418903EA006840071800601510740077
B1108276059207N02418936EA006850072000601010651083
B1108286059208N02418968EA006850072100601510536087
B1108296059208N02419000EA006860072300601610423093
B1108306059207N02419032EA006850072400601310371098
B1108316059204N02419063EA006860072400601010324103
B1108326059199N02419094EA006840072400601210224108
B1108336059194N02419123EA006860072400601310131112
B1108346059188N02419151EA006860072400601010014116
B1108356059181N02419178EA006860072400601009906119
B1108366059173N02419204EA006840072400601309782122
B1108376059165N02419229EA006850072400601409739123
B1108386059157N02419254EA006840072400601409716124
B1108396059149N02419278EA006840072300601009691126
B1108406059140N02419302EA006830072300601409679127
B1108416059131N02419326EA006800072200601209697128
B1108426059122N02419349EA006780072000601509709128
B1108436059113N02419373EA006760071800601309845129
B1108446059103N02419396EA006720071600601309984131
B1108456059093N02419418EA006670071300601310216133
B1108466059082N02419441EA006650070900601610582135
B1108476059070N02419464EA006630070600601910821136
B1108486059059N02419487EA006590070300601610988136
B1108496059047N02419511EA006580070000601111062135
B1108506059035N02419534EA006580069800601111118136
B1108516059023N02419558EA006570069700601211135136
B1108526059011N02419582EA006560069600601111114136
B1108536058999N02419605EA006560069500601411061137
B1108546058986N02419628EA006530069500601111030137
B1108556058975N02419652EA006510069300601111047136
B1108566058963N02419676EA006500069100601111262134
B1108576058951N02419700EA006470068900601111385134
B1108586058939N02419725EA006470068600601511485135
B1108596058926N02419750EA006460068500601511508135
B1109006058914N02419775EA006450068400601211452136
B1109016058902N02419799EA006410068300601211472136
B1109026058889N02419823EA006380068100601011513136
B1109036058877N02419847EA006360067800601611545137
B1109046058864N02419871EA006350067600602011722138
B1109056058850N02419895EA006350067400602011770138
B1109066058837N02419918EA006350067300601911724139
B1109076058824N02419942EA006350067200602011550139
B1109086058811N02419964EA006370067300601911460140
B1109096058798N02419987EA006360067300601711353140
B1109106058784N02420009EA006360067400601811287140
B1109116058771N02420031EA006350067300601711187141
B1109126058758N02420052EA006330067300601811159142
B1109136058745N02420073EA006320067200602011177143
B1109146058731N02420093EA006300067000602111233143
B1109156058718N02420114EA006290066800602111399142
B1109166058704N02420136EA006270066700602211491142
B1109176058691N02420157EA006260066500602211554142
B1109186058677N02420179EA006250066400602211549142
B1109196058663N02420201EA006250066300602211445142
B1109206058650N02420222EA006240066200602411401142
B1109216058636N02420243EA006260066200602211373143
B1109226058622N02420264EA006270066200601911252143
B1109236058609N02420284EA006280066300602011054143
B1109246058596N02420304EA006280066400602310874143
B1109256058583N02420324EA006280066400602110891144
B1109266058569N02420343EA006290066500601910935145
B1109276058556N02420362EA006310066500601610953145
B1109286058542N02420381EA006330066600601810848145
B1109296058529N02420400EA006350066800602210639144
B1109306058516N02420419EA006360067000602110409145
B1109316058503N02420436EA006340067100602310302147
B1109326058490N02420453EA006330067200602210319148
B1109336058477N02420470EA006320067100602010437149
B1109346058463N02420486EA006290066900601810681149
B1109356058449N02420503EA006270066600601010975149
B1109366058435N02420521EA006260066400601311229148
B1109376058421N02420540EA006260066300601011338147
B1109386058407N02420559EA006270066200601211334146
B1109396058393N02420578EA006280066200601011247145
B1109406058379N02420598EA006300066400601511052145
B1109416058366N02420617EA006310066500601110795144
B1109426058353N02420636EA006320066700601510712143
B1109436058340N02420656EA006340066800601110591142
B1109446058328N02420676EA006350067000601210507140
B1109456058316N02420697EA006350067100601310390138
B1109466058304N02420718EA006340067200601510328137
B1109476058293N02420740EA006330067200601210381134
B1109486058282N02420764EA006330067100601410529132
B1109496058272N02420788EA006320067000601410726129
B1109506058262N02420814EA006320066900601110780127
B1109516058252N02420841EA006320066800601510718125
B1109526058243N02420867EA006320066800601110553125
B1109536058234N02420893EA006330066800601110333126
B1109546058225N02420918EA006320066900601010167127
B1109556058215N02420943EA006300066800601210168128
B1109566058206N02420967EA006270066700601510235128
B1109576058196N02420992EA006250066500601210399129
B1109586058186N02421017EA006210066200601010556128
B1109596058176N02421043EA006190065900601010706127
B1110006058167N02421069EA006180065600601010786125
B1110016058158N02421096EA006160065400501410793124
B1110026058149N02421124EA006140065200501310782122
B1110036058140N02421152EA006130065000501010745121
B1110046058132N02421180EA006120064900501510686120
B1110056058124N02421209EA006100064700501910618118
B1110066058117N02421238EA006070064600501710639116
B1110076058110N02421268EA006050064400501310791113
B1110086058104N02421299EA006030064100501910987110
B1110096058099N02421331EA006010063900501711086108
B1110106058094N02421364EA005990063700501211211105
B1110116058090N02421398EA005960063500501411394103
B1110126058086N02421432EA005940063300501211492100
B1110136058083N02421467EA005920063000501211606097
B1110146058082N02421503EA005900062800501511701094
B1110156058081N02421539EA005880062500501111861092
B1110166058080N02421575EA005860062400501111950090
B1110176058080N02421612EA005840062100501012100089
B1110186058081N02421650EA005850061900501612170089
B1110196058081N02421687EA005860061800501212169089
B1110206058081N02421724EA005860061800601512089089
B1110216058081N02421761EA005890061900601011991089
F11102121023219120417032831
B1110226058082N02421798EA005880062000601011840089
B1110236058082N02421834EA005870062100501511792089
B1110246058082N02421870EA005880062200601511727089
B1110256058082N02421906EA005870062200601411672089
B1110266058082N02421942EA005860062100501111707089
B1110276058083N02421978EA005870062100501111675089
B1110286058083N02422014EA005850062000501511693089
B1110296058083N02422050EA005840061900601111746089
B1110306058083N02422086EA005850061800501211824090
B1110316058082N02422123EA005850061800501011813091
B1110326058082N02422159EA005860061800501211843091
B1110336058081N02422195EA005870061800601311772091
B1110346058081N02422232EA005870061900601211746091
B1110356058080N02422267EA005860062000601111601091
B1110366058079N02422303EA005880062100601511476091
B1110376058079N02422338EA005880062100601511546091
B1110386058079N02422374EA005890062100601111561090
B1110396058078N02422409EA005890062100601211562089
B1110406058079N02422445EA005890062200601011555089
B1110416058079N02422480EA005890062300601511571089
B1110426058078N02422516EA005910062300601311486090
B1110436058078N02422551EA005920062400601111431091
B1110446058078N02422586EA005940062500601411335091
B1110456058077N02422620EA005940062600601311266092
B1110466058076N02422655EA005960062700601511174091
B1110476058076N02422689EA005950062800601411107091
B1110486058075N02422723EA005980062900501211042092
B1110496058075N02422757EA005980063000501210992092
B1110506058074N02422791EA005990063100501510994093
B1110516058073N02422824EA005990063200501011024094
B1110526058071N02422858EA005980063200501511099095
B1110536058069N02422892EA005980063200601411171096
B1110546058068N02422927EA005970063100601011385096
B1110556058066N02422962EA005980063100601511498096
B1110566058064N02422997EA005990063100601311524096
B1110576058062N02423032EA006030063200601011490096
B1110586058060N02423067EA006070063300601611186096
B1110596058058N02423100EA006110063700501710669098
B1111006058055N02423132EA006160064100502010081101
B1111016058052N02423161EA006190064500502009554106
B1111026058047N02423188EA006190064900502209206114
B1111036058041N02423213EA006190065100502409002121
B1111046058033N02423236EA006170065200502009074128
B1111056058024N02423257EA006170065100501909210133
B1111066058014N02423276EA006150065000501609203139
B1111076058003N02423293EA006130064900501608934147
B1111086057992N02423306EA006130064800501708703156
B1111096057979N02423316EA006100064600501608707160
B1111106057967N02423324EA006070064500501708887160
B1111116057954N02423335EA006060064300501709248154
B1111126057942N02423350EA006040064100501609699144
B1111136057931N02423370EA006040063900501610227133
B1111146057921N02423395EA006040063800501410562123
B1111156057914N02423424EA006040063700501310789114
B1111166057908N02423455EA006040063800501110920107
B1111176057904N02423487EA006050063800501010971100
LLXVBATT:23.4% (3.81V) 111118
B1111186057902N02423521EA006040063800501111024095
B1111196057901N02423555EA006010063800501111097090
B1111206057901N02423589EA006020063800501311205086
B1111216057903N02423624EA006000063600501411355082
B1111226057905N02423658EA005990063500501511481080
B1111236057909N02423693EA005970063300501411602078
B1111246057913N02423728EA005940063100501111804075
B1111256057917N02423763EA005910062900501311966072
B1111266057923N02423798EA005910062700501212224071
B1111276057929N02423834EA005910062500501212357070
B1111286057935N02423870EA005920062300501412392070
B1111296057941N02423906EA005950062400501312251070
B1111306057947N02423941EA005980062600501311939070
B1111316057953N02423975EA006000062800601411622070
B1111326057959N02424008EA006030063100601311384071
B1111336057964N02424041EA006040063400601211092070
B1111346057970N02424072EA006060063600601110958069
B1111356057975N02424104EA006060063800501010912069
B1111366057981N02424135EA006060063900501210927068
B1111376057987N02424167EA006050063900501011040068
B1111386057993N02424198EA006060064000501311121067
B1111396058000N02424230EA006050063900501511168067
B1111406058006N02424261EA006040063900601411203066
B1111416058013N02424293EA006040063800601511300066
B1111426058020N02424325EA006030063700601211418066
B1111436058026N02424358EA006000063600501211524067
B1111446058033N02424390EA006010063500501011569067
B1111456058040N02424423EA006010063400501411691066
B1111466058047N02424456EA006010063300501311672067
B1111476058053N02424489EA006010063300501011689067
B1111486058060N02424522EA006030063300501511598068
B1111496058066N02424555EA006030063300601011471068
B1111506058073N02424588EA006030063500601311282068
B1111516058079N02424620EA006030063500601411193068
B1111526058085N02424652EA006020063600601311116068
B1111536058091N02424684EA006010063500601011140068
B1111546058097N02424716EA005980063400601111288068
B1111556058104N02424748EA005970063200501411414068
B1111566058110N02424781EA005970063100501311521068
B1111576058116N02424814EA005960063000601111587069
B1111586058122N02424848EA005950062900601511612070
B1111596058127N02424881EA005970062800601111665071
B1112006058133N02424915EA005970062800601111521072
B1112016058138N02424949EA005980062800601111419073
B1112026058142N02424983EA005980062900501111271074
B1112036058147N02425016EA005960062900501211144075
B1112046058151N02425049EA005930062900501211122075
B1112056058155N02425082EA005910062800501211227074
B1112066058160N02425115EA005890062600501311311074
B1112076058165N02425149EA005860062300501311368073
B1112086058170N02425183EA005840062100501011509072
B1112096058175N02425216EA005820061800501211714071
B1112106058181N02425251EA005780061600501311814070
B1112116058187N02425285EA005770061300501512011070
B1112126058193N02425320EA005760061000501312013069
B1112136058199N02425354EA005750060900501311945069
B1112146058205N02425388EA005760060800501011877069
B1112156058211N02425422EA005760060700501011745070
B1112166058217N02425456EA005750060700501311652070
B1112176058223N02425490EA005760060700501011585070
B1112186058229N02425523EA005750060700501211579069
B1112196058235N02425557EA005740060700501511524069
B1112206058241N02425590EA005740060700501011485068
B1112216058247N02425622EA005730060600501511468068
B1112226058254N02425655EA005720060500501111536067
B1112236058260N02425688EA005720060500501111547067
B1112246058267N02425721EA005700060400501211581066
B1112256058274N02425754EA005710060300501411682066
B1112266058281N02425786EA005700060200501011693066
B1112276058288N02425819EA005700060100501111624066
B1112286058295N02425852EA005680060100601011527065
B1112296058302N02425884EA005690060100601411500064
B1112306058310N02425915EA005690060100601211408063
B1112316058317N02425947EA005680060100601511343064
B1112326058325N02425978EA005690060100601011309064
B1112336058332N02426009EA005680060100501411288064
B1112346058339N02426040EA005660060000501411309064
B1112356058347N02426072EA005650059900501311301063
B1112366058355N02426103EA005640059800501011312062
B1112376058362N02426133EA005620059700501511334062
B1112386058370N02426164EA005620059600501211301062
B1112396058378N02426195EA005600059500501411202062
B1112406058386N02426225EA005580059400501011186061
B1112416058394N02426255EA005580059300601511117061
B1112426058402N02426285EA005550059200601211080060
B1112436058410N02426315EA005520059000601211065060
B1112446058418N02426345EA005520058800601211151061
B1112456058426N02426375EA005490058600501511187062
B1112466058433N02426406EA005460058400501411253063
B1112476058441N02426437EA005460058200501411260064
B1112486058448N02426468EA005450058000501011094065
B1112496058454N02426500EA005450057900501511004068
B1112506058459N02426531EA005460057900601510873072
B1112516058464N02426563EA005440057800601510777076
B1112526058467N02426596EA005400057700501110795081
B1112536058469N02426629EA005390057500601410826086
B1112546058469N02426662EA005360057300601010872091
B1112556058468N02426696EA005330057100601410897097
B1112566058465N02426729EA005320056800501310864103
B1112576058460N02426761EA005310056600601310768109
B1112586058454N02426791EA005290056400601310631116
B1112596058446N02426819EA005310056300501410416124
B1113006058437N02426844EA005320056200501110217131
B1113016058426N02426866EA005320056200501409987137
B1113026058415N02426886EA005350056300501309683142
B1113036058403N02426903EA005360056400501009433147
B1113046058391N02426917EA005370056600501109186151
B1113056058379N02426930EA005410056800501009022156
B1113066058367N02426940EA005430057000501108737161
B1113076058355N02426947EA005440057200501008478165
B1113086058342N02426953EA005470057500501008250170
B1113096058330N02426955EA005490057700501008101177
B1113106058318N02426955EA005500057900501608050183
B1113116058306N02426953EA005510058100501207954188
B1113126058295N02426947EA005520058200501807792196
B1113136058284N02426939EA005500058300502007760204
B1113146058274N02426928EA005490058300501807874213
B1113156058265N02426913EA005480058200501607980222
B1113166058256N02426895EA005480058100501608100230
B1113176058249N02426874EA005460058000502008337238
B1113186058243N02426851EA005450057800501808690246
B1113196058239N02426826EA005440057700501808936255
B1113206058237N02426799EA005440057500502009113264
B1113216058237N02426770EA005430057400501909366276
B1113226058240N02426742EA005420057300502009533286
F1113222102321912042217032831
B1113236058245N02426715EA005390057200502009701296
B1113246058253N02426690EA005380057100501909862307
B1113256058263N02426667EA005370057000501710074319
B1113266058275N02426649EA005350056900501710465330
B1113276058290N02426636EA005340056700501610865341
B1113286058306N02426628EA005330056400501911368351
B1113296058323N02426626EA005320056300501711754000
B1113306058341N02426629EA005330056200501711812009
B1113316058358N02426637EA005330056200601711830017
B1113326058374N02426650EA005320056200601511805025
B1113336058390N02426668EA005310056200701111744034
B1113346058403N02426690EA005320056200701511670042
B1113356058415N02426716EA005310056100701411439049
B1113366058425N02426744EA005300056100501611247058
B1113376058433N02426774EA005300056100501511228066
B1113386058439N02426806EA005290056100501111190073
B1113396058442N02426840EA005270056000501611242081
B1113406058444N02426874EA005290055900601611240087
B1113416058444N02426909EA005290055800601611146093
B1113426058442N02426942EA005300055800601611012099
B1113436058439N02426975EA005310055900601710847104
B1113446058434N02427007EA005310056000601610662109
B1113456058428N02427037EA005320056000601710525113
B1113466058421N02427066EA005340056100501610450118
B1113476058414N02427093EA005350056200501610129122
B1113486058405N02427119EA005370056300501309933125
B1113496058396N02427143EA005410056500501709704129
B1113506058387N02427165EA005440056800501709416136
B1113516058376N02427183EA005470057100501809072141
B1113526058366N02427200EA005480057500501808757146
B1113536058355N02427213EA005490057700501708479153
B1113546058343N02427223EA005460057900501808377163
B1113556058331N02427228EA005440057800501708354174
B1113566058318N02427227EA005420057700501708436188
B1113576058306N02427220EA005420057500601708501202
B1113586058295N02427208EA005430057400501708508216
B1113596058286N02427190EA005400057300501708601229
B1114006058279N02427168EA005420057300501708529243
B1114016058275N02427144EA005420057300501108573257
B1114026058273N02427117EA005430057300501608645272
B1114036058276N02427091EA005450057400501808757288
B1114046058281N02427067EA005450057500501908948303
B1114056058290N02427046EA005450057600501909197317
B1114066058301N02427029EA005450057600501909551329
B1114076058314N02427016EA005460057600501709821339
B1114086058329N02427007EA005490057700501310035348
B1114096058343N02427003EA005510057800601010179355
B1114106058359N02427002EA005530058000601010235001
B1114116058374N02427005EA005540058300601510301007
B1114126058389N02427011EA005550058500601510373014
B1114136058404N02427020EA005550058600601110495020
B1114146058418N02427033EA005520058600501510610027
B1114156058432N02427050EA005540058600501410925033
B1114166058445N02427071EA005530058500501511122040
B1114176058458N02427094EA005540058500501411303046
B1114186058469N02427120EA005560058500501111199052
B1114196058478N02427148EA005580058500501310952059
B1114206058485N02427177EA005610058700501210648065
B1114216058491N02427207EA005620058900501510327072
B1114226058495N02427238EA005630059100501510107079
B1114236058496N02427268EA005610059200601609978086
B1114246058496N02427299EA005600059300601309847094
B1114256058494N02427329EA005590059200601409898102
B1114266058490N02427358EA005580059000601009949110
B1114276058484N02427386EA005590058900601109956118
B1114286058476N02427412EA005600058900501609915125
B1114296058466N02427435EA005610058900501209843132
B1114306058456N02427456EA005640059100501409646140
B1114316058444N02427472EA005680059300501509324149
B1114326058432N02427484EA005690059600501608933159
B1114336058420N02427491EA005710059800501608553170
B1114346058407N02427493EA005730060100501908181181
B1114356058395N02427490EA005730060300502307890193
B1114366058385N02427482EA005710060400502107772207
B1114376058375N02427469EA005710060400501807832220
B1114386058367N02427451EA005690060300501807991233
B1114396058361N02427429EA005670060200501608275246
B1114406058357N02427405EA005660060000501608610259
B1114416058356N02427378EA005660059900501208838270
B1114426058357N02427351EA005660059800501208963280
B1114436058361N02427325EA005650059700501209134290
B1114446058367N02427299EA005640059700501509373300
B1114456058375N02427275EA005630059600501609598308
B1114466058384N02427253EA005630059500501309749316
B1114476058395N02427234EA005630059400501609843323
B1114486058408N02427217EA005650059400501409920330
B1114496058421N02427203EA005650059400501109972336
B1114506058435N02427193EA005640059500501409999342
B1114516058450N02427186EA005640059500501310061350
B1114526058465N02427182EA005640059500601310163356
B1114536058480N02427181EA005650059500601110227000
B1114546058495N02427183EA005640059500601510350004
B1114556058511N02427187EA005640059400501310526008
B1114566058526N02427193EA005630059400501310693011
B1114576058542N02427200EA005650059400501110765015
B1114586058557N02427210EA005660059500501110664018
B1114596058572N02427221EA005670059600501310524022
B1115006058586N02427235EA005690059700501110349027
B1115016058600N02427250EA005710059900501410179031
B1115026058612N02427268EA005700060100501210137036
B1115036058624N02427287EA005700060200501310143041
B1115046058635N02427309EA005680060200501210309045
B1115056058645N02427333EA005660060100501210486050
B1115066058655N02427359EA005660059900501010712056
B1115076058663N02427388EA005640059800501010901062
B1115086058669N02427418EA005630059700501410983068
B1115096058675N02427450EA005630059500601311091073
B1115106058679N02427483EA005630059400601511103078
B1115116058681N02427517EA005640059400801110895084
B1115126058682N02427550EA005640059400601310520091
B1115136058681N02427581EA005640059500601010241097
B1115146058678N02427612EA005640059600601109992104
B1115156058673N02427641EA005630059600501009911111
B1115166058667N02427668EA005620059500501309828120
B1115176058659N02427693EA005600059400501009771128
B1115186058649N02427715EA005600059300501409630137
B1115196058638N02427733EA005610059200501009388145
B1115206058626N02427748EA005630059200501309147153
B1115216058613N02427759EA005650059300501408836160
B1115226058601N02427766EA005690059500501608486168
B1115236058589N02427770EA005710059700501308245173
B1115246058577N02427772EA005740060100501307898176
B1115256058565N02427774EA005750060400501407740178
B1115266058554N02427774EA005750060600501207666179
B1115276058542N02427774EA005770060700501007730180
B1115286058531N02427774EA005760060800501307779182
B1115296058519N02427772EA005730060800501407882185
B1115306058507N02427769EA005730060700501507964192
B1115316058496N02427761EA005710060600501508103201
B1115326058485N02427751EA005700060500501208160209
B1115336058475N02427737EA005720060400601408193218
B1115346058466N02427720EA005720060400601408223226
B1115356058458N02427700EA005730060400601708252233
B1115366058451N02427679EA005760060400501608293241
B1115376058446N02427656EA005760060500501008265250
B1115386058443N02427631EA005770060700501408238260
B1115396058443N02427606EA005780060900501108251272
B1115406058444N02427581EA005790060900501108414283
B1115416058448N02427556EA005770061000501208661293
B1115426058455N02427533EA005770061000501308952303
B1115436058463N02427511EA005760060900501509265312
B1115446058473N02427491EA005740060800501509524322
B1115456058486N02427475EA005750060700601709842331
B1115466058499N02427463EA005740060600501110177338
B1115476058514N02427453EA005750060500501210470345
B1115486058529N02427447EA005760060500501410575352
B1115496058545N02427444EA005770060600501010528358
B1115506058561N02427445EA005770060800601310554006
B1115516058576N02427451EA005760060800601410723014
B1115526058592N02427462EA005770060800501010894022
B1115536058606N02427476EA005770060700501310958029
B1115546058620N02427495EA005780060800501310889037
B1115556058632N02427517EA005800060800501310766045
B1115566058642N02427542EA005780060900501610699053
B1115576058651N02427569EA005790061000501310644060
B1115586058658N02427599EA005790061000501310583069
B1115596058662N02427630EA005790061000501510578077
B1116006058665N02427661EA005800061000501310538085
B1116016058665N02427693EA005810061000501510358093
B1116026058663N02427725EA005820061100601210178099
B1116036058660N02427755EA005840061300601110016102
B1116046058657N02427785EA005850061400601209894105
B1116056058652N02427814EA005850061600501109777107
B1116066058648N02427842EA005850061700501109686111
B1116076058642N02427869EA005860061700501109551117
B1116086058634N02427895EA005860061700501409588123
B1116096058626N02427918EA005860061700501209533130
B1116106058616N02427939EA005870061800501209382136
B1116116058606N02427957EA005890061800501108976142
B1116126058595N02427972EA005900061900501108494149
B1116136058584N02427984EA005900062100501508124155
B1116146058573N02427993EA005910062200501507873163
B1116156058561N02427998EA005890062300501007805171
B1116166058549N02428000EA005890062200501507924180
B1116176058538N02427997EA005880062100501308119191
B1116186058526N02427990EA005890062000501008184200
B1116196058515N02427980EA005900061900501408144210
LLXVBATT:23.5% (3.81V) 111620
B1116206058505N02427965EA005910062000501107995221
B1116216058497N02427948EA005910062100501107830232
B1116226058491N02427927EA005910062300501207768244
B1116236058487N02427905EA005920062300501007878255
B1116246058485N02427881EA005910062300701508055264
F11162421023219122217032831
B1116256058485N02427856EA005900062300701008158272
B1116266058486N02427831EA005880062200701408329281
B1116276058490N02427806EA005890062200701208568290
B1116286058495N02427782EA005890062000501008902297
B1116296058502N02427758EA005880062000501309060304
B1116306058510N02427736EA005900062000501109259311
B1116316058520N02427715EA005910062000601209312318
B1116326058531N02427697EA005930062100601509428323
B1116336058542N02427681EA005940062200501309520328
B1116346058555N02427667EA005950062300501109612334
B1116356058568N02427655EA005950062500501509689339
B1116366058582N02427646EA005950062500601509856345
B1116376058596N02427639EA005960062600601009978349
B1116386058611N02427635EA005960062600601310097353
B1116396058626N02427632EA005970062700601010281357
B1116406058642N02427632EA005980062700501310410002
B1116416058658N02427634EA005990062800501110459006
B1116426058673N02427639EA006010062900601110472010
B1116436058688N02427646EA006010063100501110476015
B1116446058703N02427656EA006010063200501110443020
B1116456058717N02427669EA006020063300501110372025
B1116466058731N02427684EA006020063300501310490030
B1116476058744N02427702EA006010063300501010607036
B1116486058757N02427722EA005990063300501410706041
B1116496058768N02427745EA005980063200501110875046
B1116506058779N02427771EA005960063000501011017052
B1116516058788N02427799EA005970062900501211070058
B1116526058796N02427829EA005960062800501211011065
B1116536058802N02427860EA005960062800601310843072
B1116546058806N02427892EA005970062800501110719079
B1116556058808N02427924EA005970062800501210511086
B1116566058808N02427956EA005960062900501510342093
B1116576058806N02427987EA005960062800501110189099
B1116586058803N02428017EA005960062800501110040107
B1116596058797N02428046EA005950062800501309875115
B1117006058790N02428072EA005960062800501009769122
B1117016058782N02428096EA005960062800501209563129
B1117026058772N02428117EA005980062900501109259138
B1117036058761N02428134EA005990062900501108997147
B1117046058750N02428147EA006020063000501608760157
B1117056058737N02428155EA006040063200501708450166
B1117066058725N02428159EA006070063500501608045175
B1117076058714N02428159EA006090063800501707645184
B1117086058703N02428156EA006090064000501607331192
B1117096058692N02428149EA006090064200501107184200
B1117106058682N02428140EA006070064200501307373209
B1117116058673N02428127EA006070064100501407674218
B1117126058665N02428111EA006070064000501107858225
B1117136058657N02428093EA006070064000501207972233
B1117146058651N02428072EA006080064000501308063242
B1117156058646N02428049EA006120064100501108156251
B1117166058643N02428025EA006120064200701108172260
B1117176058642N02428000EA006130064400701108231271
B1117186058644N02427975EA006130064500701308470283
B1117196058648N02427950EA006130064600701408865294
B1117206058655N02427926EA006110064600701309254306
B1117216058664N02427904EA006130064500501509633316
B1117226058675N02427885EA006110064400501010012326
B1117236058689N02427870EA006120064300501510266335
B1117246058703N02427860EA006120064300501410468344
B1117256058719N02427854EA006130064300501310554353
B1117266058734N02427852EA006120064400501110750002
B1117276058750N02427857EA006130064300601410829011
B1117286058766N02427866EA006130064300601110926019
B1117296058781N02427879EA006120064300501410967027
B1117306058795N02427897EA006120064300601210966036
B1117316058807N02427919EA006120064300501111030044
B1117326058818N02427944EA006110064300501010964053
B1117336058827N02427973EA006120064300501510950062
B1117346058833N02428004EA006120064300501510835071
B1117356058837N02428035EA006120064300501110713080
B1117366058838N02428068EA006120064300601410513089
B1117376058837N02428100EA006130064400501010267098
B1117386058834N02428130EA006140064400501510066107
B1117396058828N02428158EA006140064500501509811115
B1117406058821N02428184EA006150064500501709473124
B1117416058812N02428206EA006160064600501309108133
B1117426058802N02428224EA006180064700501608763143
B1117436058792N02428238EA006200064800501208409153
B1117446058780N02428248EA006190065000501408139162
B1117456058769N02428253EA006210065200501607825171
B1117466058757N02428254EA006190065200501807712182
B1117476058746N02428252EA006180065200501807849191
B1117486058734N02428245EA006180065100502008079201
B1117496058723N02428233EA006180065000501908213212
B1117506058714N02428218EA006180064900501808219223
B1117516058706N02428199EA006200064900501808123236
B1117526058701N02428177EA006200065100502008090249
B1117536058698N02428153EA006190065200501808267263
B1117546058698N02428127EA006210065200501008515277
B1117556058701N02428101EA006200065200501308863288
B1117566058706N02428076EA006190065200501509237298
B1117576058714N02428052EA006200065100501109517307
B1117586058723N02428030EA006210065100501209753317
B1117596058735N02428011EA006220065100501509952326
B1118006058748N02427996EA006230065200501110166335
B1118016058762N02427986EA006230065200601010356345
B1118026058778N02427980EA006210065300501210526354
B1118036058794N02427979EA006210065200501410652003
B1118046058809N02427983EA006200065200601410784010
B1118056058825N02427992EA006190065200601310913018
B1118066058840N02428004EA006190065100501511159026
B1118076058855N02428021EA006190065000501211181032
B1118086058868N02428042EA006190065000501111179039
B1118096058881N02428065EA006200065000601111124046
B1118106058891N02428091EA006220065100601110871054
B1118116058900N02428119EA006220065200601210686061
B1118126058906N02428148EA006220065300601310491068
B1118136058911N02428179EA006220065300601310294076
B1118146058914N02428210EA006220065400601510178084
B1118156058914N02428241EA006210065400501010086092
B1118166058913N02428271EA006200065500601209965100
B1118176058909N02428300EA006190065500501309766108
B1118186058904N02428328EA006180065400501309603116
B1118196058896N02428353EA006190065300501509416125
B1118206058887N02428375EA006190065300501009321135
B1118216058877N02428393EA006210065200501009123145
B1118226058865N02428407EA006230065300501308844155
B1118236058853N02428416EA006240065500501008401164
B1118246058841N02428421EA006260065700501208053173
B1118256058830N02428422EA006270065900501507746183
B1118266058818N02428418EA006260066000501307565192
B1118276058807N02428412EA006270066100501507566201
B1118286058797N02428402EA006260066100501307678208
B1118296058787N02428389EA006250066000501107689215
B1118306058779N02428375EA006260066000501307737222
B1118316058770N02428358EA006260066000501007812227
B1118326058763N02428340EA006270066000501007870231
B1118336058755N02428320EA006270066000501307887234
B1118346058749N02428300EA006280066100701307883237
B1118356058743N02428279EA006280066100701007899241
B1118366058737N02428258EA006280066200701408059242
B1118376058732N02428235EA006260066100701108232244
B1118386058726N02428212EA006250066100701308489245
B1118396058721N02428187EA006260066000701408738247
B1118406058716N02428162EA006260065900501108938249
B1118416058712N02428136EA006280065900501109092250
B1118426058707N02428110EA006320065900501009042251
B1118436058703N02428084EA006330066100501308911252
B1118446058699N02428058EA006350066300701208706253
B1118456058695N02428033EA006370066600701108538253
B1118466058692N02428007EA006390066800701408433252
B1118476058688N02427983EA006400067000701208376254
B1118486058686N02427958EA006410067200701308396260
B1118496058684N02427932EA006400067300701208523268
B1118506058685N02427905EA006390067300701008835276
B1118516058687N02427878EA006400067300701309141284
B1118526058691N02427851EA006410067300701309371291
B1118536058698N02427825EA006440067400501509537299
B1118546058705N02427800EA006430067500501309637305
B1118556058714N02427777EA006430067500501309824311
B1118566058725N02427755EA006410067600501410048318
B1118576058737N02427736EA006430067500501610301326
B1118586058751N02427721EA006440067500501810727335
B1118596058766N02427708EA006410067500502010935342
B1119006058781N02427700EA006410067400502011008349
B1119016058798N02427697EA006400067400502011046359
B1119026058814N02427699EA006400067300502011019008
B1119036058830N02427706EA006390067300601910968018
B1119046058845N02427719EA006380067300501210879026
B1119056058859N02427736EA006370067200501510786034
B1119066058871N02427757EA006350067100501210721044
B1119076058882N02427782EA006330066900601310710053
B1119086058890N02427810EA006310066700601710726063
B1119096058896N02427840EA006290066500601610646072
B1119106058900N02427871EA006280066200601110465081
B1119116058901N02427903EA006290066100601210227090
B1119126058899N02427934EA006280066000601210022101
B1119136058895N02427963EA006270066000601609756110
B1119146058889N02427990EA006260066000501609529121
B1119156058881N02428013EA006240065900501509341130
B1119166058871N02428033EA006240065800501309165141
B1119176058860N02428048EA006230065700501109017153
B1119186058847N02428058EA006220065600501608928164
B1119196058834N02428063EA006230065500501208927175
B1119206058821N02428064EA006230065500501508815184
B1119216058808N02428060EA006260065600601408752192
B1119226058796N02428052EA006280065700501308628200
B1119236058784N02428042EA006290065900501308436206
B1119246058773N02428029EA006320066200501008293212
B1119256058763N02428015EA006350066400501108155217
F1119252102321912042217032831
B1119266058754N02427999EA006370066600501508035221
B1119276058745N02427982EA006370066900501007903226
B1119286058737N02427964EA006380067000501007802232
B1119296058731N02427944EA006390067100501407851238
B1119306058725N02427923EA006400067200501507988244
B1119316058720N02427900EA006390067300501508217250
B1119326058717N02427875EA006380067200501308474257
B1119336058715N02427849EA006380067200501508806263
B1119346058714N02427822EA006400067200501209064271
B1119356058715N02427794EA006420067200501009384279
B1119366058718N02427766EA006450067300501609487287
B1119376058724N02427739EA006480067500501809296296
B1119386058731N02427715EA006500067700501909027307
B1119396058740N02427695EA006540068000501908900321
B1119406058751N02427681EA006540068300502208968335
B1119416058764N02427672EA006530068500502609120348
B1119426058778N02427669EA006530068600502509499359
B1119436058792N02427672EA006490068600502309729012
B1119446058806N02427682EA006450068500602210092022
B1119456058820N02427696EA006410068200502110582032
B1119466058833N02427716EA006370067700602211180042
B1119476058844N02427742EA006340067200602111591052
B1119486058853N02427772EA006320066800602011622062
B1119496058860N02427804EA006320066500601911288072
B1119506058864N02427837EA006320066400601810917082
B1119516058864N02427870EA006320066400601810440092
B1119526058862N02427901EA006300066400601209985103
B1119536058858N02427930EA006280066300601509645114
B1119546058850N02427955EA006290066200601409388125
B1119556058841N02427976EA006290066100601009256136
B1119566058831N02427994EA006290066100601109137146
B1119576058819N02428007EA006290066100601309019156
B1119586058806N02428016EA006310066100601608952166
B1119596058793N02428020EA006310066200601708859176
B1120006058780N02428020EA006320066200601508721183
B1120016058767N02428018EA006340066400601408635186
B1120026058754N02428015EA006360066500601008611188
B1120036058741N02428010EA006380066700601508512191
B1120046058729N02428004EA006440066900601908398195
B1120056058717N02427997EA006450067200601908246200
B1120066058706N02427987EA006480067500601908072205
B1120076058696N02427975EA006520067800601607804212
B1120086058687N02427961EA006550068200602207575221
B1120096058679N02427944EA006570068600602307611231
B1120106058673N02427924EA006570068900602307855243
B1120116058669N02427901EA006560069000602508226256
B1120126058667N02427876EA006540069000602408749269
B1120136058669N02427848EA006540068900602109350282
B1120146058673N02427820EA006530068700601909908295
B1120156058681N02427794EA006570068600601810257309
B1120166058693N02427773EA006600068700601810497325
B1120176058706N02427758EA006620069000601710511340
B1120186058722N02427752EA006650069300602010590355
B1120196058737N02427754EA006640069600601910780011
B1120206058753N02427765EA006620069700601911073026
B1120216058767N02427783EA006610069700601911432039
B1120226058779N02427809EA006580069500601911782051
B1120236058788N02427839EA006570069300601812101065
B1120246058794N02427874EA006580069000601812201077
B1120256058796N02427911EA006600069000601812116089
B1120266058795N02427948EA006600069000601711864100
B1120276058790N02427982EA006610069100602211633112
B1120286058781N02428013EA006610069100602411207125
B1120296058771N02428038EA006640069200602310784138
B1120306058758N02428057EA006680069400602210147149
B1120316058745N02428070EA006740069800602609436161
B1120326058732N02428077EA006790070200602208749172
B1120336058719N02428078EA006850070800602208058180
B1120346058708N02428076EA006890071400602407586193
B1120356058698N02428066EA006850071800602607548213
B1120366058689N02428050EA006840072100602707964234
B1120376058684N02428028EA006820072000602408623253
B1120386058682N02428001EA006770071700602109445269
B1120396058683N02427971EA006780071400601910143281
B1120406058688N02427941EA006790071200601910763295
B1120416058697N02427913EA006830071100602111063309
B1120426058709N02427890EA006890071300601810985324
B1120436058723N02427874EA006950071800601710742339
B1120446058739N02427867EA006970072400601710707354
B1120456058755N02427868EA006990072800602010707008
B1120466058770N02427876EA007000073100601810760021
B1120476058784N02427891EA007000073300602310978035
B1120486058797N02427914EA006970073300602111212047
B1120496058807N02427941EA006970073200601911521058
B1120506058814N02427973EA006980073100601811669070
B1120516058819N02428008EA006980073100601911684081
B1120526058819N02428043EA006980073000601811499093
B1120536058817N02428078EA006970073000601711240105
B1120546058811N02428109EA007010073100601610737115
B1120556058803N02428136EA007040073300601710223129
B1120566058792N02428158EA007080073600601609657142
B1120576058780N02428172EA007110073900601309043159
B1120586058767N02428178EA007140074300601308613176
B1120596058755N02428175EA007160074700601208333193
B1121006058744N02428166EA007160075000601208225210
B1121016058734N02428150EA007150075200601008407227
B1121026058727N02428128EA007140075200601308924244
B1121036058723N02428101EA007150075100601409487259
B1121046058722N02428072EA007160075100601209868272
B1121056058724N02428042EA007190075200601010071285
B1121066058730N02428013EA007230075300601610138299
B1121076058739N02427988EA007280075600601610206313
B1121086058750N02427968EA007300076000601610226327
B1121096058764N02427955EA007360076400601510149341
B1121106058779N02427949EA007370076800601710370355
B1121116058794N02427950EA007350077100601710558007
B1121126058810N02427958EA007340077200601610755020
B1121136058824N02427972EA007300077100601811208032
B1121146058837N02427995EA007270076900601911822045
B1121156058849N02428023EA007270076600602012302057
B1121166058857N02428057EA007280076300601812552067
B1121176058863N02428093EA007310076300601612421078
B1121186058865N02428131EA007350076500601611923088
B1121196058864N02428166EA007400076900601411195099
B1121206058859N02428198EA007420077400601610388112
B1121216058852N02428225EA007470077800601809689125
LLXVBATT:23.5% (3.81V) 112122
B1121226058843N02428246EA007480078100602009235138
B1121236058832N02428262EA007500078400601908950151
B1121246058820N02428272EA007520078600601708784166
B1121256058807N02428275EA007530078800601808736182
B1121266058794N02428270EA007550078900601708649199
B1121276058783N02428257EA007560079100602008577216
B1121286058774N02428239EA007570079200602108633233
B1121296058768N02428215EA007590079400602508953252
B1121306058766N02428188EA007580079500602109407269
B1121316058768N02428159EA007590079600601909826283
B1121326058773N02428130EA007600079600601710227297
B1121336058781N02428103EA007620079700601110530308
B1121346058793N02428080EA007640079700601710748320
B1121356058806N02428062EA007680079900601610993332
B1121366058821N02428049EA007710080200601611006343
B1121376058837N02428043EA007750080500601910992354
B1121386058854N02428043EA007760080900601910900007
B1121396058869N02428051EA007790081200602510931019
B1121406058884N02428066EA007790081400602411201032
B1121416058897N02428087EA007830081500602811049044
B1121426058907N02428113EA007820081700602911015057
B1121436058915N02428143EA007830082000602910940071
B1121446058918N02428176EA007820082100603311057083
B1121456058918N02428209EA007810082000603210982094
B1121466058915N02428242EA007810082000602610795106
B1121476058909N02428272EA007810081900602110429117
B1121486058901N02428298EA007860082000602009879128
B1121496058891N02428319EA007880082200602009372143
B1121506058879N02428333EA007910082500601708986156
B1121516058867N02428341EA007950082800601608585170
B1121526058854N02428342EA007980083100601708230185
B1121536058842N02428336EA008020083500601607938200
B1121546058832N02428326EA008030083900601207720215
B1121556058824N02428310EA008030084200601507734231
B1121566058818N02428289EA008030084400601607984247
B1121576058815N02428265EA008020084400601608494262
B1121586058815N02428238EA008010084300601609085278
B1121596058819N02428210EA008000084200601609866293
B1122006058826N02428183EA008000084000601210411304
B1122016058836N02428158EA008010083900601110891316
B1122026058849N02428138EA008050083900601411271329
B1122036058864N02428123EA008070084100601411238340
B1122046058881N02428116EA008130084400601611011352
B1122056058897N02428114EA008160084800601710697003
B1122066058912N02428119EA008190085200601710381015
B1122076058927N02428131EA008200085600601610310028
B1122086058939N02428149EA008230085900601410301040
B1122096058950N02428172EA008240086100601210413051
B1122106058958N02428199EA008240086200601610533062
B1122116058964N02428228EA008240086300602210639074
B1122126058967N02428260EA008230086300602510741084
B1122136058967N02428293EA008200086200602710864094
B1122146058965N02428326EA008200086100602310807102
B1122156058960N02428358EA008220086000602010439111
B1122166058954N02428386EA008280086200601909885121
B1122176058945N02428409EA008340086500602209503133
B1122186058934N02428428EA008350086900602409064145
B1122196058923N02428440EA008370087300602208684158
B1122206058910N02428447EA008380087600601908473173
B1122216058898N02428446EA008380087800601708460189
B1122226058886N02428438EA008390087900601608616205
B1122236058875N02428424EA008390087900601608804221
B1122246058867N02428403EA008410088000601509029237
B1122256058861N02428378EA008420088000601009292252
F11222521023219120417032831
B1122266058859N02428350EA008460088200601609438267
B1122276058860N02428321EA008480088400601109565283
B1122286058865N02428294EA008500088700601209820300
B1122296058875N02428270EA008500088900601710189315
B1122306058887N02428251EA008510089000601510585329
B1122316058901N02428237EA008510089100601610756340
B1122326058917N02428229EA008520089200601810976352
B1122336058933N02428228EA008520089200601711194004
B1122346058950N02428234EA008520089200601111305016
B1122356058965N02428248EA008540089300701811357028
B1122366058979N02428268EA008530089300601911429042
B1122376058991N02428294EA008530089300601811547054
B1122386058999N02428325EA008540089300601611560066
B1122396059005N02428358EA008550089300601711528075
B1122406059007N02428392EA008570089400601710984086
B1122416059006N02428424EA008610089600601610387100
B1122426059002N02428454EA008650089900601309730115
B1122436058994N02428478EA008690090300601409171130
B1122446058984N02428496EA008690090700601008739146
B1122456058973N02428508EA008700090900601608542161
B1122466058960N02428513EA008680091000601708610176
B1122476058947N02428511EA008680090900601808739190
B1122486058935N02428503EA008690090800601708916205
B1122496058924N02428488EA008710090800601709090221
B1122506058915N02428467EA008740090900601609133236
B1122516058909N02428442EA008780091100601509101250
B1122526058906N02428415EA008820091500601009044265
B1122536058907N02428388EA008860091900601209016280
B1122546058911N02428361EA008890092300601509130294
B1122556058918N02428337EA008870092600601409400306
B1122566058927N02428315EA008860092600601409766318
B1122576058939N02428297EA008850092600601110272328
B1122586058953N02428283EA008840092400601210718338
B1122596058969N02428273EA008850092300601010900346
B1123006058985N02428268EA008870092300601110895356
B1123016059001N02428269EA008910092400601710749008
B1123026059016N02428277EA008950092700601710646021
B1123036059030N02428292EA008970093100601710458033
B1123046059042N02428312EA008980093400601710315046
B1123056059052N02428337EA008960093600601110212057
B1123066059059N02428364EA008950093600601210236066
B1123076059064N02428394EA008930093500601710353075
B1123086059067N02428425EA008910093300601810532083
B1123096059068N02428458EA008920093200601710471092
B1123106059065N02428489EA008940093100601610262103
B1123116059061N02428518EA008980093200601409851112
B1123126059055N02428544EA009020093600601509129122
B1123136059047N02428566EA009050094000601108458132
B1123146059038N02428583EA009070094400601407900143
B1123156059027N02428595EA009050094600601407755156
B1123166059016N02428602EA009030094600601708032168
B1123176059004N02428604EA009000094400601708382179
B1123186058991N02428602EA008980094100601508730189
B1123196058979N02428596EA008980093900601608929200
B1123206058967N02428584EA009000093800601709002211
B1123216058956N02428567EA009040093800601808967225
B1123226058948N02428545EA009080094000601708805237
B1123236058943N02428521EA009130094400601708631252
B1123246058940N02428496EA009180094800601708604266
B1123256058941N02428469EA009210095200601708644282
B1123266058945N02428444EA009240095600602008874296
B1123276058953N02428421EA009230095900602009097308
B1123286058962N02428401EA009210096000602009398320
B1123296058974N02428385EA009190096000801709868333
B1123306058988N02428374EA009180095900601210438344
B1123316059004N02428368EA009170095800601610882355
B1123326059020N02428368EA009160095700601311092006
B1123336059037N02428376EA009170095600601711306019
B1123346059052N02428391EA009170095600701811305031
B1123356059065N02428411EA009180095600601711198043
B1123366059076N02428437EA009190095600601810997055
B1123376059084N02428466EA009200095700601810823066
B1123386059089N02428498EA009220095800601910615078
B1123396059090N02428529EA009230095900602010239090
B1123406059088N02428560EA009230096100601910030104
B1123416059083N02428588EA009230096200601709764119
B1123426059074N02428612EA009240096300601609550133
B1123436059064N02428630EA009250096300601709341148
B1123446059051N02428642EA009230096300602109305164
B1123456059037N02428646EA009230096300601909261179
B1123466059024N02428643EA009230096200601809151192
B1123476059011N02428634EA009260096300601809084204
B1123486059000N02428620EA009290096400601908957218
B1123496058990N02428601EA009320096600601809034231
B1123506058983N02428578EA009350096900601608908242
B1123516058978N02428553EA009420097300601608700252
B1123526058975N02428527EA009480097700601608465262
B1123536058974N02428502EA009530098200601708067269
B1123546058975N02428478EA009530098700601707871278
B1123556058978N02428455EA009500099000601807954289
B1123566058983N02428432EA009470099100601708300302
B1123576058991N02428412EA009440098900601708972316
B1123586059002N02428395EA009410098500601609671328
B1123596059016N02428382EA009390098300601610108342
B1124006059031N02428376EA009380098000601610524354
B1124016059047N02428376EA009380097800601710751006
B1124026059062N02428383EA009380097800601710917019
B1124036059077N02428399EA009400097800601611011034
B1124046059089N02428421EA009410097900601710995049
B1124056059098N02428449EA009430098000601710618064
B1124066059103N02428479EA009430098100601810370078
B1124076059104N02428510EA009420098200601710104091
B1124086059102N02428540EA009430098300601509862105
B1124096059096N02428568EA009430098300601309600120
B1124106059088N02428591EA009420098300601409490133
B1124116059077N02428610EA009430098300601309422145
B1124126059065N02428625EA009450098300601109231155
B1124136059053N02428634EA009490098400601509028164
B1124146059040N02428639EA009540098700601608633175
B1124156059027N02428639EA009600099100601508100184
B1124166059016N02428636EA009650099600601207509193
B1124176059005N02428629EA009690100100601006994203
B1124186058997N02428619EA009700100600601706650215
B1124196058989N02428606EA009690100900601606527228
B1124206058984N02428589EA009660101000601606739244
B1124216058980N02428569EA009630100900601607229257
B1124226058979N02428546EA009610100700601707833269
B1124236058980N02428521EA009590100400601408341282
B1124246058984N02428497EA009600100200601608654294
B1124256058991N02428474EA009600100100601208680306
B1124266059000N02428455EA009620100100601608759319
B1124276059010N02428439EA009630100200601308880331
B1124286059023N02428428EA009630100200601209039340
B1124296059035N02428420EA009610100300601509143346
B1124306059049N02428414EA009590100200601009337349
B1124316059063N02428409EA009570100100601409616350
B1124326059077N02428404EA009550100000601509877351
B1124336059092N02428400EA009550099800601010148352
B1124346059107N02428396EA009530099700601310327354
B1124356059123N02428393EA009530099500601310408356
B1124366059139N02428392EA009520099400601210495359
B1124376059154N02428392EA009500099300601710658002
B1124386059170N02428394EA009480099200601410779005
B1124396059186N02428398EA009480099000601711005008
B1124406059203N02428404EA009470098800601911136011
B1124416059219N02428412EA009470098700601811266013
B1124426059235N02428421EA009480098700602011303016
B1124436059251N02428432EA009480098700602211321021
B1124446059267N02428446EA009480098700602411303025
B1124456059282N02428462EA009480098800602411273029
B1124466059296N02428479EA009460098800602111286031
B1124476059311N02428498EA009440098800601711400032
B1124486059325N02428517EA009450098700602011558033
B1124496059340N02428537EA009450098500602511635034
B1124506059354N02428557EA009450098500602111586035
B1124516059368N02428578EA009480098500601911383035
B1124526059382N02428598EA009480098700601911127035
B1124536059395N02428617EA009490098800601810952035
B1124546059408N02428637EA009490098900601510856036
B1124556059421N02428657EA009480098900601410828037
B1124566059434N02428677EA009470098900601710905038
B1124576059447N02428699EA009450098900601911054040
B1124586059459N02428722EA009440098800602211175043
B1124596059471N02428746EA009420098600602511355044
B1125006059483N02428771EA009410098400602111444045
B1125016059495N02428796EA009400098300601711482045
B1125026059507N02428821EA009400098200601011429045
B1125036059519N02428847EA009390098100601611432046
B1125046059531N02428872EA009370098000601611376047
B1125056059542N02428898EA009330097900601211397048
B1125066059553N02428925EA009300097700601911486049
B1125076059564N02428952EA009270097400601911738049
B1125086059576N02428980EA009240097100602011949050
B1125096059587N02429008EA009220096800602012076051
B1125106059598N02429038EA009200096500601912219052
B1125116059609N02429068EA009180096200602212319053
B1125126059620N02429099EA009190096000602412278054
B1125136059631N02429130EA009180095900602212270055
B1125146059641N02429161EA009180095900602112242055
B1125156059651N02429192EA009180095900602312170055
B1125166059662N02429223EA009180095900602512089056
B1125176059671N02429254EA009170095900602311997058
B1125186059680N02429285EA009160095800602411933059
B1125196059689N02429317EA009140095800602011934060
B1125206059698N02429350EA009110095700601711887061
B1125216059706N02429382EA009080095500601611996062
B1125226059714N02429415EA009060095200601412079063
B1125236059722N02429448EA009040094900601312123065
B1125246059729N02429483EA009020094700601312140067
B1125256059736N02429517EA009000094500601012165068
B1125266059743N02429552EA008990094400601412148070
B1125276059749N02429588EA008980094200601412180071
B1125286059754N02429623EA008960094100601412183072
B1125296059760N02429659EA008960093900601112134073
B1125306059765N02429695EA008960093800601012087073
B1125316059770N02429730EA008960093700601411981074
B1125326059774N02429766EA008960093700601211896076
B1125336059778N02429802EA008980093700601911731077
B1125346059782N02429836EA008970093700602011482078
B1125356059785N02429871EA008970093800601811222079
B1125366059788N02429905EA008980093900601611046079
B1125376059791N02429938EA008960093900601410910079
B1125386059794N02429971EA008950093900601110860078
B1125396059798N02430003EA008930093800601310911076
B1125406059802N02430036EA008910093600601010992074
B1125416059807N02430069EA008880093400601011108073
B1125426059811N02430102EA008860093200601011227072
B1125436059817N02430135EA008840093000601111347070
B1125446059823N02430168EA008810092800601411492068
B1125456059829N02430200EA008790092600601211619066
B1125466059837N02430233EA008770092300601411692064
B1125476059845N02430265EA008750092100601011801061
B1125486059854N02430297EA008740091900601411845059
B1125496059863N02430328EA008720091700601111990056
B1125506059873N02430358EA008710091600601312023054
B1125516059884N02430388EA008690091500601312078051
B1125526059896N02430416EA008680091300601312228048
B1125536059908N02430444EA008680091100601112259046
B1125546059921N02430471EA008680091000601512167044
B1125556059934N02430496EA008680091000601112110041
B1125566059948N02430520EA008680091000601412024039
B1125576059962N02430543EA008680091000601011933037
B1125586059976N02430565EA008680091000601511860035
B1125596059991N02430586EA008680091000601111830034
B1126006100006N02430607EA008680091000601511811034
B1126016100020N02430627EA008670091000601111695032
B1126026100035N02430646EA008660090900601111648031
B1126036100050N02430664EA008650090900601111666029
B1126046100065N02430682EA008630090800601011737027
B1126056100081N02430698EA008610090600601311760026
B1126066100097N02430714EA008590090400601211879025
B1126076100113N02430729EA008580090200601011952023
B1126086100129N02430744EA008570090000601011994023
B1126096100146N02430758EA008550089800601312048022
B1126106100163N02430772EA008540089700601312008020
B1126116100180N02430785EA008530089600601211941020
B1126126100196N02430797EA008520089500601311833019
B1126136100213N02430809EA008520089400601311645018
B1126146100229N02430820EA008520089400601011525017
B1126156100246N02430830EA008510089300601211433017
B1126166100262N02430841EA008520089300601511387016
B1126176100278N02430851EA008520089200601011319016
B1126186100295N02430860EA008510089200601211269015
B1126196100311N02430869EA008500089100601511313014
B1126206100327N02430878EA008490089100601511392014
B1126216100344N02430887EA008460088900601411444014
B1126226100361N02430896EA008460088800601211517014
B1126236100377N02430905EA008450088600601411577015
LLXVBATT:23.6% (3.81V) 112624
B1126246100394N02430914EA008440088500601011642015
B1126256100411N02430924EA008440088400601211607015
B1126266100428N02430934EA008430088400601111531015
B1126276100444N02430944EA008430088300601211460015
B1126286100461N02430953EA008430088300601111404016
B1126296100477N02430963EA008430088300601111305016
B1126306100493N02430973EA008420088300601411327016
B1126316100509N02430984EA008420088300601111311017
B1126326100526N02430994EA008400088200601111404017
B1126336100542N02431004EA008370088100601111517017
B1126346100559N02431015EA008340087900601711772016
B1126356100576N02431024EA008320087700601612004014
B1126366100593N02431034EA008320087500601012157014
B1126376100611N02431043EA008320087300601112207014
B1126386100629N02431053EA008310087300601312141014
B1126396100646N02431062EA008290087300601512085015
B1126406100664N02431072EA008290087200601212205015
B1126416100681N02431082EA008270087100601112272015
B1126426100699N02431092EA008270087000601112333015
B1126436100717N02431102EA008270086800601012409015
B1126446100735N02431112EA008260086800601412408014
B1126456100753N02431122EA008270086700601212335014
B1126466100770N02431132EA008280086700601612258015
B1126476100788N02431142EA008280086700601912127015
B1126486100805N02431151EA008270086800602212043015
B1126496100823N02431161EA008270086800602112014015
B1126506100840N02431171EA008260086700602112037015
B1126516100857N02431181EA008250086700602212050016
B1126526100875N02431192EA008230086600602212089016
B1126536100892N02431203EA008210086400602112203017
B1126546100910N02431214EA008180086200601812320017
B1126556100927N02431225EA008170086000601812413017
B1126566100945N02431237EA008150085800601912461017
B1126576100963N02431248EA008120085600602012477016
B1126586100981N02431259EA008100085400602012552016
B1126596100999N02431270EA008070085200602112659016
B1127006101017N02431281EA008030084900602212671016
B1127016101035N02431292EA008000084700602012654016
B1127026101053N02431303EA007970084300602112714016
B1127036101071N02431314EA007940083900601912679016
B1127046101090N02431324EA007910083500602012651015
B1127056101108N02431334EA007870083200602212751014
B1127066101126N02431343EA007850082900602012755013
B1127076101145N02431353EA007820082600602012752013
B1127086101163N02431362EA007800082300601812716014
B1127096101182N02431373EA007800082100601712655016
B1127106101200N02431384EA007760081900602012669017
B1127116101218N02431396EA007750081700602612799017
B1127126101236N02431408EA007720081500602413106018
B1127136101255N02431420EA007710081200602313172017
B1127146101274N02431433EA007720081100602013324018
B1127156101293N02431446EA007740081000601913300019
B1127166101311N02431460EA007780081100601713142019
B1127176101330N02431473EA007820081300601812915019
B1127186101348N02431486EA007860081700601412523020
B1127196101365N02431500EA007910082200601012076021
B1127206101381N02431513EA007960082600601311681021
B1127216101397N02431526EA008000083100601711270021
B1127226101413N02431538EA008050083600601710913021
B1127236101428N02431550EA008090084100601710648019
B1127246101443N02431561EA008120084500601710373019
B1127256101457N02431573EA008160084800601710177023
B1127266101470N02431587EA008180085200602010118030
B1127276101483N02431604EA008160085400602210218038
B1127286101494N02431626EA008150085500602210637047
B1127296101504N02431652EA008120085400602311128055
B1127306101513N02431682EA008120085200601911355062
B1127316101520N02431714EA008130085100601811413070
B1127326101524N02431748EA008140085100601611322079
B1127336101526N02431782EA008170085200601611079087
B1127346101526N02431816EA008210085400601610878095
B1127356101523N02431848EA008220085600602010581104
B1127366101518N02431879EA008230085900601910282114
B1127376101510N02431906EA008240086100601810078125
B1127386101500N02431929EA008240086200601809836135
B1127396101489N02431948EA008260086300601709601146
B1127406101477N02431962EA008270086300601709241156
B1127416101464N02431971EA008270086500601708863165
B1127426101451N02431975EA008270086600601508600178
F112742210232191204032831
B1127436101439N02431972EA008280086700601308403191
B1127446101427N02431965EA008260086700601208262203
B1127456101416N02431953EA008270086700601308188215
B1127466101407N02431936EA008280086700601708216228
B1127476101400N02431915EA008280086700601608473240
B1127486101395N02431891EA008260086700601708473249
B1127496101391N02431866EA008270086700601608584261
B1127506101391N02431840EA008300086700601708737272
B1127516101392N02431813EA008310086800601608951282
B1127526101396N02431786EA008330086900601909058291
B1127536101402N02431761EA008360087100602009092298
B1127546101409N02431738EA008380087300601909138305
B1127556101418N02431716EA008450087600601809059313
B1127566101428N02431698EA008500087900602309036323
B1127576101440N02431683EA008480088400602309061334
B1127586101452N02431674EA008480088700602209227347
B1127596101466N02431671EA008480088900601809607359
B1128006101481N02431674EA008450088900601710049011
B1128016101496N02431683EA008450088800601810526022
B1128026101510N02431698EA008440088700601710986032
B1128036101523N02431719EA008450088600601611233043
B1128046101534N02431745EA008480088600601711337054
B1128056101542N02431775EA008490088700601211322065
B1128066101548N02431808EA008500088800601211296075
B1128076101550N02431841EA008530088900601411025087
B1128086101550N02431875EA008550089100601210708098
B1128096101546N02431906EA008580089400601810450110
B1128106101539N02431934EA008590089600601710215122
B1128116101529N02431958EA008580089800601609843136
B1128126101518N02431976EA008590089900601409562148
B1128136101505N02431988EA008590089800601609244161
B1128146101492N02431994EA008600089900601608948174
B1128156101479N02431993EA008630089900601508498189
B1128166101468N02431986EA008650090100601208010203
B1128176101457N02431974EA008650090400601507739216
B1128186101449N02431958EA008630090500601907723229
B1128196101443N02431938EA008630090500602108026242
B1128206101438N02431915EA008620090400602008489253
B1128216101435N02431889EA008620090200602008813263
B1128226101435N02431862EA008650090200601808922274
B1128236101437N02431835EA008700090300601608758286
B1128246101443N02431811EA008730090600601808582300
B1128256101450N02431789EA008750091000601808592312
B1128266101460N02431772EA008760091200601908782324
B1128276101471N02431758EA008750091400601809262335
B1128286101485N02431748EA008740091500601709741345
B1128296101499N02431743EA008740091400601610243353
B1128306101515N02431741EA008740091400601710640000
B1128316101531N02431743EA008760091300601610933006
B1128326101547N02431749EA008770091300601511046014
B1128336101563N02431760EA008800091500601511074023
B1128346101577N02431776EA008810091600601611064032
B1128356101590N02431796EA008820091900601411076041
B1128366101602N02431821EA008840092100601310972050
B1128376101611N02431848EA008850092300601410958059
B1128386101618N02431878EA008860092400601110927068
B1128396101623N02431910EA008860092500601210902077
B1128406101625N02431943EA008870092500601210771087
B1128416101624N02431976EA008880092600601110614098
B1128426101621N02432008EA008910092700601310539108
B1128436101614N02432037EA008940092800601210353118
B1128446101606N02432063EA009000093100601209936130
B1128456101596N02432084EA009020093500601509557141
B1128466101584N02432099EA009030093800601109012153
B1128476101572N02432109EA009040094100601008516165
B1128486101560N02432112EA009040094300601108141179
B1128496101548N02432109EA009010094400601307935193
B1128506101537N02432101EA009000094300601607849207
B1128516101527N02432087EA008970094200601307889221
B1128526101520N02432069EA008940094000601408054237
B1128536101514N02432046EA008930093700601808408252
B1128546101512N02432020EA008910093400601608852265
B1128556101512N02431992EA008930093200601409225276
B1128566101515N02431964EA008960093100601609448287
B1128576101521N02431938EA008990093300601409379296
B1128586101528N02431913EA009020093500601109246305
B1128596101537N02431892EA009070093900601009116315
B1129006101547N02431874EA009080094300601409168324
B1129016101559N02431859EA009100094500601209260332
B1129026101572N02431848EA009100094700601009361339
B1129036101585N02431839EA009120094800601509575345
B1129046101599N02431833EA009120094900601209751352
B1129056101614N02431831EA009150095000601309861358
B1129066101628N02431832EA009150095100601209841005
B1129076101643N02431836EA009150095300601409846012
B1129086101657N02431845EA009160095400601109883020
B1129096101671N02431858EA009150095500601310068029
B1129106101683N02431875EA009130095500601810478038
B1129116101695N02431897EA009130095400601810859046
B1129126101706N02431923EA009110095200601711190053
B1129136101715N02431952EA009130095100601611275061
B1129146101722N02431983EA009150095100601311141068
B1129156101727N02432016EA009200095300601510830076
B1129166101729N02432048EA009240095500601510488084
B1129176101730N02432080EA009270095900601510068091
B1129186101728N02432110EA009280096300601309737099
B1129196101725N02432138EA009290096500601209457108
B1129206101719N02432165EA009280096700601209302117
B1129216101712N02432189EA009270096800601209103126
B1129226101703N02432210EA009250096800601109035136
B1129236101693N02432228EA009240096700601309305145
B1129246101680N02432242EA009240096500601709575156
B1129256101667N02432252EA009270096400601709641164
B1129266101653N02432257EA009280096300601709384174
B1129276101639N02432257EA009340096500601708719185
B1129286101627N02432251EA009390096900601607970200
B1129296101617N02432240EA009410097400601707382216
B1129306101610N02432225EA009410097800601807096232
B1129316101604N02432206EA009400098000602207171248
B1129326101602N02432185EA009360098000602007572261
B1129336101601N02432160EA009340097800601808135272
B1129346101602N02432135EA009330097600601708693280
B1129356101606N02432108EA009330097400601209100288
B1129366101611N02432082EA009330097300601009275295
B1129376101618N02432057EA009370097200601109285302
B1129386101626N02432034EA009390097300601009277310
B1129396101635N02432014EA009410097600601709227318
B1129406101646N02431996EA009430097800601809231324
B1129416101658N02431981EA009440098000602309298330
B1129426101670N02431968EA009440098200602009388335
B1129436101683N02431957EA009450098200601709451340
B1129446101697N02431948EA009450098300601609511345
B1129456101711N02431942EA009450098400601809594351
B1129466101725N02431939EA009450098400601809634357
B1129476101740N02431939EA009450098500601809773002
B1129486101754N02431942EA009440098500601709912007
B1129496101769N02431947EA009430098400601610107012
B1129506101784N02431955EA009430098400601110283016
B1129516101798N02431965EA009430098300601310502020
B1129526101813N02431977EA009420098300601510621024
B1129536101827N02431991EA009440098300601410608028
B1129546101841N02432008EA009460098300601510596033
B1129556101854N02432027EA009480098500601110591038
B1129566101866N02432048EA009490098700601210628044
B1129576101877N02432072EA009510098800601310594050
B1129586101886N02432099EA009510099000601110678058
B1129596101893N02432128EA009510099100601210850066
B1130006101899N02432160EA009520099200601011040074
B1130016101902N02432193EA009530099200601211077082
B1130026101903N02432227EA009550099300601810991091
B1130036101902N02432260EA009560099400601910888101
B1130046101897N02432292EA009590099500601910716111
B1130056101890N02432321EA009630099700602110453121
B1130066101881N02432346EA009650100000602010064133
B1130076101869N02432365EA009670100300602009529146
B1130086101857N02432378EA009690100500601909023160
B1130096101844N02432384EA009680100700601908807172
B1130106101831N02432385EA009670100800601908681185
B1130116101819N02432379EA009650100800601808910198
B1130126101807N02432368EA009650100800601909174212
B1130136101796N02432349EA009650100700601809503229
B1130146101788N02432325EA009700100800602009566243
B1130156101784N02432298EA009760101000601909158257
B1130166101783N02432271EA009810101400601908804274
B1130176101785N02432245EA009840102000601708675289
B1130186101791N02432221EA009850102400601608605303
B1130196101799N02432201EA009860102600601808834316
B1130206101810N02432184EA009820102700601709239328
B1130216101823N02432170EA009810102600601709901337
B1130226101837N02432160EA009800102400601710545345
B1130236101853N02432154EA009800102100601510892351
B1130246101869N02432151EA009840102000601611011359
B1130256101886N02432153EA009870102100601510920008
B1130266101901N02432161EA009900102400601710885017
B1130276101916N02432173EA009920102700601710843026
B1130286101930N02432191EA009940103000602210817036
B1130296101942N02432212EA009950103300602010899045
B1130306101953N02432238EA009970103500602011068054
B1130316101961N02432267EA009980103600602111176063
B1130326101967N02432299EA010000103700601911213073
B1130336101971N02432332EA010020103900601711120084
B1130346101971N02432366EA010040104100601810906096
B1130356101967N02432399EA010050104300601610683109
B1130366101960N02432428EA010050104500601010458123
B1130376101950N02432452EA010050104600601210325136
B1130386101938N02432471EA010080104700601110137148
B1130396101925N02432484EA010090104800601509988162
B1130406101910N02432490EA010130105000601209747175
B1130416101896N02432489EA010170105200601009298189
B1130426101883N02432481EA010210105500601208873203
B1130436101872N02432468EA010230106000601008372218
F11304321023219120417032831
B1130446101864N02432450EA010280106400601408108235
B1130456101859N02432428EA010290106700601208060252
B1130466101857N02432403EA010300107000601108200266
B1130476101857N02432378EA010310107200601008442280
B1130486101861N02432353EA010310107300601508749292
B1130496101867N02432328EA010300107400601509132303
B1130506101876N02432306EA010300107300601509565313
B1130516101886N02432286EA010310107200601310002322
B1130526101899N02432269EA010300107100601410296331
B1130536101913N02432255EA010340107200601310371339
B1130546101928N02432246EA010370107300601510469347
B1130556101943N02432241EA010390107500601210495354
B1130566101959N02432241EA010420107800601110522002
B1130576101975N02432244EA010440108000601410618011
B1130586101990N02432253EA010440108300601410700019
B1130596102005N02432266EA010480108500601810897028
B1131006102019N02432284EA010470108700601911077037
B1131016102031N02432307EA010500108800602011264047
B1131026102041N02432335EA010520108900602011476057
B1131036102049N02432366EA010540109100601811502069
B1131046102054N02432400EA010570109300601711399080
B1131056102055N02432434EA010600109600601611088092
B1131066102052N02432468EA010630109900601710839104
B1131076102047N02432498EA010660110300601610414117
B1131086102039N02432524EA010710110700601609980129
B1131096102028N02432545EA010730111000601609524142
B1131106102016N02432559EA010730111400601209088157
B1131116102003N02432566EA010750111600601708764172
B1131126101991N02432566EA010760111700601608481188
B1131136101979N02432559EA010760111800601208340204
B1131146101968N02432546EA010790111900601708270220
B1131156101960N02432526EA010790112100601708389238
B1131166101955N02432503EA010800112200601008623253
B1131176101953N02432476EA010840112300601708780268
B1131186101954N02432450EA010860112500601208918281
B1131196101958N02432423EA010890112700601309077293
B1131206101965N02432399EA010890112900601009269305
B1131216101974N02432377EA010900113000601609624316
B1131226101986N02432358EA010910113100601410006328
B1131236101999N02432345EA010930113200601610377339
B1131246102014N02432336EA010950113300601610653349
B1131256102030N02432333EA010980113500601610839359
LLXVBATT:23.7% (3.81V) 113126
B1131266102046N02432335EA011000113700601710950009
B1131276102062N02432344EA011040113900601810923019
B1131286102077N02432358EA011050114200602110965031
B1131296102090N02432378EA011070114400602110917042
B1131306102101N02432403EA011090114700601810876053
B1131316102109N02432432EA011100114900601910903065
B1131326102114N02432463EA011090115100602010983076
B1131336102117N02432497EA011100115100602010949087
B1131346102116N02432530EA011130115200601810974098
B1131356102112N02432562EA011160115400601710700110
B1131366102105N02432591EA011200115700601610268122
B1131376102095N02432615EA011260116100601109752134
B1131386102084N02432633EA011290116500601809283147
B1131396102072N02432645EA011310116900601008975161
B1131406102059N02432651EA011330117300601308720174
B1131416102046N02432651EA011340117500601808609186
B1131426102034N02432645EA011340117600602108611198
B1131436102022N02432634EA011350117600602208650212
B1131446102012N02432617EA011360117700601908643226
B1131456102005N02432595EA011390117800601808681241
B1131466102000N02432570EA011410118000601108708256
B1131476101999N02432544EA011430118300601508817271
B1131486102001N02432517EA011450118500601008975285
B1131496102006N02432491EA011460118700601209306298
B1131506102014N02432467EA011440118800601409641310
B1131516102025N02432446EA011460118900601710041322
B1131526102037N02432430EA011470118900601610496333
B1131536102052N02432418EA011480118900601110875343
B1131546102068N02432411EA011520119100601311060353
B1131556102085N02432410EA011560119300601310991003
B1131566102101N02432414EA011590119700601410902012
B1131576102116N02432425EA011610120100601410850023
B1131586102131N02432441EA011630120400601010858034
B1131596102143N02432462EA011640120700601410886045
B1132006102153N02432488EA011650120900601610981056
B1132016102161N02432518EA011650121000601911086066
B1132026102166N02432550EA011660121000602211258076
B1132036102169N02432584EA011690121000602211298087
B1132046102168N02432619EA011710121100602211125096
B1132056102165N02432652EA011760121400602210802107
B1132066102158N02432681EA011800121700602010305118
B1132076102150N02432707EA011840122200601709726129
B1132086102140N02432728EA011880122600601609173139
B1132096102129N02432743EA011910123100602208805152
B1132106102117N02432753EA011910123400602008631165
B1132116102104N02432756EA011900123600601908582179
B1132126102092N02432753EA011890123600601808749194
B1132136102080N02432743EA011900123500601708807210
B1132146102069N02432727EA011900123500601608832225
B1132156102061N02432705EA011920123600601108891241
B1132166102057N02432680EA011940123700601109059257
B1132176102056N02432652EA011950123900601409232272
B1132186102058N02432624EA011970124000601409358285
B1132196102063N02432597EA012000124200601509466298
B1132206102071N02432573EA012030124400601109730310
B1132216102081N02432552EA012040124600601509963322
B1132226102094N02432535EA012060124800601010211334
B1132236102109N02432525EA012060124900601110554345
B1132246102125N02432520EA012080125000801110915358
B1132256102141N02432523EA012100125200801611185010
B1132266102157N02432532EA012120125400601411241020
B1132276102172N02432547EA012140125600601011234031
B1132286102185N02432568EA012160125900601311165042
B1132296102197N02432593EA012170126000601511186052
B1132306102205N02432622EA012180126200601211260063
B1132316102212N02432654EA012170126300601011286072
B1132326102215N02432688EA012180126400601411151082
B1132336102216N02432722EA012210126500601211059093
B1132346102213N02432755EA012230126700601510792104
B1132356102208N02432786EA012250126900601110476114
B1132366102200N02432813EA012270127000601410154125
B1132376102191N02432836EA012290127300601209783136
B1132386102179N02432854EA012300127400601209440148
B1132396102167N02432867EA012300127600601409131160
B1132406102154N02432873EA012330127700601109060173
B1132416102140N02432873EA012350127800601608994185
B1132426102127N02432868EA012380128000601108920197
B1132436102115N02432857EA012400128200601008610211
B1132446102106N02432841EA012430128500601208205224
B1132456102098N02432822EA012450128800701407988239
B1132466102094N02432799EA012450129100601808044255
B1132476102092N02432774EA012460129200601908254269
B1132486102094N02432749EA012440129300601608615282
B1132496102098N02432723EA012430129200601609041294
B1132506102105N02432698EA012420129000601709576304
B1132516102114N02432675EA012420128900601710133313
B1132526102125N02432653EA012420128800601210496322
B1132536102139N02432636EA012460128800601410674332
B1132546102154N02432622EA012490129000701710978340
B1132556102169N02432614EA012540129200601610978348
B1132566102186N02432610EA012570129600601810901357
B1132576102202N02432611EA012610130000601710784006
B1132586102218N02432617EA012620130500601010662015
B1132596102232N02432629EA012630130800601610697025
B1133006102246N02432646EA012620131000601710943036
B1133016102258N02432668EA012600131000601711173046
B1133026102269N02432696EA012600131000601611535056
B1133036102277N02432727EA012610130800601611701065
B1133046102283N02432760EA012630130700601611801074
B1133056102287N02432795EA012660130800601111612082
B1133066102288N02432830EA012680131000601511168092
B1133076102286N02432864EA012710131300601210639104
B1133086102280N02432894EA012740131700601510147116
B1133096102272N02432919EA012770132000601709787128
B1133106102262N02432940EA012760132300601609523140
B1133116102251N02432957EA012780132400601609312152
B1133126102238N02432967EA012780132600601309091164
B1133136102225N02432971EA012790132600601108948178
B1133146102212N02432969EA012790132700601308886191
B1133156102199N02432960EA012810132700601308955205
B1133166102188N02432946EA012810132700601408995218
B1133176102179N02432926EA012850132800601708892233
B1133186102172N02432902EA012890133100601108833248
B1133196102169N02432877EA012910133400601408742262
B1133206102169N02432850EA012930133700601508748277
B1133216102172N02432824EA012940134000601408985292
B1133226102179N02432799EA012930134200601609434305
B1133236102188N02432777EA012930134200601809946317
B1133246102200N02432758EA012930134100601710602328
B1133256102215N02432743EA012940134100601611049338
B1133266102231N02432733EA012950134100601711417349
B1133276102248N02432730EA012990134200601611573359
B1133286102265N02432733EA013010134400601411591009
B1133296102282N02432742EA013070134700601511508019
B1133306102297N02432756EA013130135100601211247029
B1133316102311N02432775EA013160135600601610998039
B1133326102323N02432799EA013180136100601610870049
B1133336102332N02432826EA013190136400601710757060
B1133346102339N02432856EA013160136600602110819070
B1133356102343N02432888EA013140136600602110932080
B1133366102344N02432922EA013150136500601811004090
B1133376102342N02432955EA013160136400601710988100
B1133386102338N02432987EA013180136300601810743113
B1133396102330N02433016EA013200136400601710552124
B1133406102320N02433040EA013230136600601110194136
B1133416102308N02433058EA013250136900601509645149
B1133426102295N02433070EA013280137300601209159163
B1133436102282N02433075EA013290137600601308731178
B1133446102270N02433072EA013290137800601008564193
B1133456102258N02433063EA013280137900601408494209
B1133466102248N02433047EA013290137900601108742226
F113346210232191204032831
B1133476102240N02433025EA013280137900601209015239
B1133486102234N02432999EA013300137800601409284254
B1133496102232N02432971EA013320137800601009574269
B1133506102234N02432941EA013340138000601109897283
B1133516102239N02432912EA013370138300601410129296
B1133526102247N02432886EA013390138500601510423309
B1133536102258N02432863EA013400138700601210660320
B1133546102272N02432844EA013400138900601710865329
B1133556102286N02432829EA013400139000601611156338
B1133566102302N02432819EA013400139100601711603347
B1133576102320N02432813EA013420139100601612065355
B1133586102338N02432813EA013430139200602012370002
B1133596102357N02432816EA013460139300602112521007
B1134006102375N02432823EA013480139400702012649012
B1134016102394N02432833EA013490139700601912687016
B1134026102411N02432846EA013530139900601712649020
B1134036102429N02432860EA013530140200601312671023
B1134046102446N02432877EA013540140300601512762025
B1134056102463N02432894EA013530140500602012840028
B1134066102480N02432914EA013530140500602312996029
B1134076102497N02432934EA013530140500602013128030
B1134086102514N02432955EA013530140500602313314032
B1134096102531N02432977EA013550140500602313487034
B1134106102547N02433002EA013570140500602013661035
B1134116102564N02433026EA013560140600601913766036
B1134126102581N02433051EA013560140700601813768036
B1134136102597N02433077EA013540140700601913858036
B1134146102614N02433102EA013540140600602413949036
B1134156102631N02433127EA013530140500602214050035
B1134166102648N02433153EA013520140500602214028038
B1134176102663N02433182EA013510140400602414110044
B1134186102678N02433214EA013530140300602714251050
B1134196102691N02433249EA013520140300602514250055
B1134206102702N02433285EA013520140200602314231058
B1134216102713N02433323EA013510140100602214155061
B1134226102723N02433362EA013490140100602114198062
B1134236102732N02433401EA013480140000602314270063
B1134246102742N02433440EA013450139900602414387063
B1134256102752N02433480EA013420139800602614494062
B1134266102762N02433520EA013430139600602414622062
B1134276102772N02433560EA013410139400602614721062
B1134286102782N02433600EA013390139300602614760061
B1134296102793N02433640EA013390139200602414794060
B1134306102804N02433679EA013360139100602014774059
B1134316102816N02433718EA013350138900602314966057
B1134326102828N02433757EA013360138800602315058056
B1134336102841N02433795EA013370138800602315097054
B1134346102854N02433833EA013370138800602315000054
B1134356102867N02433870EA013390138900602214944053
B1134366102880N02433907EA013400139000602214873053
B1134376102893N02433944EA013400139100602114781052
B1134386102907N02433979EA013410139100602314713051
B1134396102921N02434015EA013370139200602314610051
B1134406102934N02434050EA013360139100602514610050
B1134416102948N02434085EA013360138900602614654051
B1134426102962N02434120EA013330138800602814682051
B1134436102976N02434155EA013310138700602614739050
B1134446102990N02434191EA013280138600602414951050
B1134456103004N02434227EA013270138300602315144051
B1134466103018N02434264EA013230138100602215334051
B1134476103032N02434301EA013230137800602115541052
B1134486103046N02434339EA013200137600602015734052
B1134496103061N02434378EA013170137400602015832052
B1134506103075N02434417EA013110137100602016018052
B1134516103090N02434456EA013090136800602316153052
B1134526103105N02434496EA013060136400602616281052
B1134536103119N02434536EA013100136100602416350053
B1134546103134N02434577EA013080136000602616307054
B1134556103147N02434618EA013100136000602716174056
B1134566103160N02434660EA013150136100602815923059
B1134576103172N02434702EA013170136300602815594061
B1134586103182N02434744EA013190136700602715231063
B1134596103192N02434786EA013230137000602714900063
B1135006103203N02434826EA013260137200602714733060
B1135016103214N02434864EA013320137500602514554054
B1135026103228N02434898EA013360137900602214186044
B1135036103245N02434924EA013380138400601813766032
B1135046103263N02434944EA013400138800601113391021
B1135056103281N02434955EA013420139200601012978010
B1135066103300N02434959EA013420139400601212527001
B1135076103319N02434957EA013410139500601112120351
B1135086103336N02434949EA013390139500601211792341
B1135096103352N02434935EA013360139400601211493332
B1135106103366N02434916EA013330139200601511294322
B1135116103379N02434893EA013310138900601211165311
B1135126103389N02434865EA013290138500601511058301
B1135136103396N02434835EA013270138200601010926290
B1135146103400N02434803EA013270138000601410622281
B1135156103402N02434771EA013260137900601610293271
B1135166103401N02434740EA013260137800601109982262
B1135176103398N02434710EA013260137700601309822253
B1135186103393N02434682EA013240137700601009764247
B1135196103387N02434655EA013220137700601209748240
B1135206103379N02434630EA013230137600601809912234
B1135216103370N02434605EA013220137500601809971230
B1135226103360N02434582EA013200137400601909994227
B1135236103350N02434560EA013190137300601709939225
B1135246103339N02434539EA013160137300601609970223
B1135256103328N02434517EA013150137100601410109222
B1135266103317N02434497EA013110136900601010275220
B1135276103305N02434477EA013100136600601610477217
B1135286103292N02434457EA013050136300601910742215
B1135296103278N02434439EA013030136100601910919214
B1135306103265N02434420EA013020135900602111078214
B1135316103251N02434400EA013020135600602211164214
B1135326103237N02434380EA013030135500602311234214
B1135336103224N02434361EA013020135500602211249214
B1135346103210N02434342EA013000135500602111224213
B1135356103196N02434322EA013010135400602211241213
B1135366103182N02434303EA013000135200602011236213
B1135376103168N02434284EA012980135200602011227213
B1135386103154N02434265EA012960135100602011220213
B1135396103140N02434246EA012940134900602211332214
B1135406103126N02434226EA012900134700602211428214
B1135416103111N02434206EA012880134400602411608214
B1135426103097N02434185EA012850134100602511826215
B1135436103083N02434164EA012820133900602311879215
B1135446103068N02434142EA012830133600602411906216
B1135456103054N02434120EA012800133400602611922216
B1135466103040N02434098EA012780133200602511996216
B1135476103025N02434076EA012770133000602412200216
B1135486103011N02434053EA012760132800602412263216
B1135496102996N02434031EA012800132700602512140217
B1135506102982N02434008EA012820132800602711896217
B1135516102968N02433986EA012830133000602611635217
B1135526102954N02433965EA012860133200602611433217
B1135536102941N02433943EA012870133400602611216217
B1135546102927N02433922EA012890133700602311013217
B1135556102914N02433902EA012920133800602610868217
B1135566102902N02433881EA012950134000602410611219
B1135576102890N02433860EA012970134300602710350221
B1135586102879N02433839EA012980134500602410081223
B1135596102868N02433818EA013030134800602009775224
B1136006102858N02433797EA013030135100601809602224
B1136016102848N02433776EA013040135300601109434225
B1136026102838N02433755EA013050135400601009358226
B1136036102828N02433734EA013050135500601109240227
B1136046102819N02433713EA013050135500601409188227
B1136056102810N02433692EA013030135600601009279228
B1136066102801N02433671EA013010135500601309385227
B1136076102791N02433649EA012990135400601109565226
B1136086102781N02433628EA012980135200601209767224
B1136096102770N02433607EA012970135000601509999222
B1136106102759N02433586EA012970134800601410203220
B1136116102747N02433566EA012990134800601210234218
B1136126102735N02433547EA013020134800601010056218
B1136136102723N02433528EA013070135000601009753218
B1136146102712N02433509EA013120135400601409460219
B1136156102702N02433491EA013170135800601309062220
B1136166102692N02433473EA013220136400601408684221
B1136176102682N02433456EA013270136900601108323221
B1136186102673N02433439EA013280137400601508003220
B1136196102664N02433424EA013280137700601307838215
B1136206102654N02433411EA013280137900601307891210
B1136216102643N02433399EA013260138000601308041206
B1136226102632N02433389EA013260137900601208214203
B1136236102621N02433380EA013270137800601308354199
B1136246102609N02433372EA013270137800601508495193
B1136256102596N02433368EA013280137900601008614186
B1136266102583N02433367EA013290138000601508693177
B1136276102570N02433370EA013300138100601308969168
LLXVBATT:23.8% (3.81V) 113628
B1136286102557N02433377EA013310138100601009022160
B1136296102545N02433388EA013340138200601009092152
B1136306102533N02433403EA013360138400601309068145
B1136316102523N02433420EA013370138700601509118136
B1136326102513N02433441EA013380138900601109271128
B1136336102505N02433465EA013380139100601009399119
B1136346102499N02433491EA013370139100601009698111
B1136356102495N02433520EA013370139000601310160104
B1136366102492N02433551EA013370139000601510564097
B1136376102490N02433584EA013370138900601510947091
B1136386102491N02433618EA013400138900601211126084
B1136396102494N02433652EA013400139000601211278076
B1136406102499N02433685EA013420139100601511376068
B1136416102506N02433717EA013430139300601011497061
B1136426102515N02433747EA013430139400601111680052
B1136436102527N02433774EA013420139500601111953044
B1136446102541N02433798EA013430139500601012083035
B1136456102556N02433817EA013460139500601012187026
B1136466102573N02433831EA013460139500601412005016
B1136476102590N02433838EA013500139700601211608006
F11364721023219120417032831
B1136486102607N02433838EA013530139900601111075354
B1136496102623N02433832EA013550140200601510491343
B1136506102637N02433820EA013570140500601009943330
B1136516102649N02433802EA013580140700601009660317
B1136526102658N02433780EA013530140800601009558303
B1136536102664N02433754EA013530140800601109582289
B1136546102667N02433725EA013510140600601609711274
B1136556102667N02433695EA013530140400601709635260
B1136566102663N02433668EA013550140300601609350245
B1136576102655N02433644EA013580140600601009271229
B1136586102645N02433625EA013600140900601609012213
B1136596102633N02433614EA013630141200601608868197
B1137006102620N02433609EA013650141500601308701181
B1137016102607N02433611EA013670141800601008673167
B1137026102595N02433620EA013670142000601208784156
B1137036102583N02433632EA013680142100601109000147
B1137046102572N02433649EA013670142100601509211142
B1137056102562N02433667EA013670142100601609391139
B1137066102551N02433686EA013670142100601609615139
B1137076102540N02433705EA013660142100601709862140
B1137086102528N02433724EA013670142100601610008141
B1137096102516N02433743EA013670142100601010181143
B1137106102504N02433762EA013660142200601510256144
B1137116102491N02433780EA013650142100601110387146
B1137126102478N02433797EA013630142100601510451148
B1137136102464N02433813EA013630141900601410528151
B1137146102450N02433828EA013620141800601310550153
B1137156102436N02433842EA013610141800601310649155
B1137166102421N02433855EA013620141700601510732158
B1137176102406N02433867EA013620141800601210714160
B1137186102391N02433877EA013600141700601310702163
B1137196102376N02433886EA013580141700601010730166
B1137206102360N02433893EA013560141600601410758170
B1137216102344N02433897EA013540141400601710746173
B1137226102328N02433900EA013530141300601710805177
B1137236102312N02433901EA013530141100601610870180
B1137246102295N02433900EA013510140900602110959182
B1137256102279N02433897EA013480140800601911057185
B1137266102262N02433893EA013460140600602111172187
B1137276102246N02433888EA013440140400602211343189
B1137286102229N02433882EA013430140100602311442191
B1137296102212N02433875EA013420139900602211568191
B1137306102195N02433867EA013400139800602211622192
B1137316102178N02433859EA013400139600602311664193
B1137326102161N02433850EA013390139500602211670194
B1137336102144N02433841EA013360139400602211675195
B1137346102128N02433831EA013360139300602311629196
B1137356102111N02433821EA013340139100602311619198
B1137366102095N02433809EA013310138900602211589199
B1137376102078N02433797EA013280138700602311640199
B1137386102062N02433785EA013270138400602511692199
B1137396102046N02433773EA013240138200602411719200
B1137406102029N02433760EA013210138000602311793200
B1137416102012N02433748EA013200137800602211869199
B1137426101995N02433736EA013170137600602211984198
B1137436101978N02433724EA013130137300602112101198
B1137446101961N02433712EA013120137000602012256199
B1137456101944N02433699EA013100136800602212302200
B1137466101927N02433686EA013090136600602612318201
B1137476101910N02433672EA013080136300602912311202
B1137486101893N02433657EA013070136100602612277204
B1137496101876N02433640EA013070136000602512200206
B1137506101860N02433623EA013070135900602212114209
B1137516101845N02433604EA013050135700602112077211
B1137526101829N02433584EA013020135600602012048212
B1137536101814N02433564EA012980135500602212131212
B1137546101798N02433544EA012960135200602312235212
B1137556101783N02433524EA012940134900602612266211
B1137566101767N02433505EA012940134700602512208209
B1137576101751N02433487EA012950134600602312005207
B1137586101736N02433470EA012970134600602711756206
B1137596101720N02433455EA012970134700602511562205
B1138006101705N02433439EA012970134800602411350205
B1138016101689N02433424EA012990134900602211226206
B1138026101675N02433408EA012950134900602411087207
B1138036101660N02433392EA012920134800602511049207
B1138046101645N02433377EA012880134600602311047207
B1138056101631N02433361EA012870134300602211150207
B1138066101616N02433344EA012850134000602111269209
B1138076101601N02433327EA012810133700602211370210
B1138086101587N02433308EA012800133500602111449212
B1138096101572N02433288EA012790133200602011516215
B1138106101559N02433267EA012760133000602311561217
B1138116101545N02433245EA012750132800602111667219
B1138126101532N02433222EA012730132600602411703220
B1138136101519N02433198EA012720132400602311743221
B1138146101505N02433174EA012690132200602111768222
B1138156101493N02433149EA012680132000602111793222
B1138166101480N02433124EA012660131900602111772223
B1138176101467N02433100EA012650131700602011777222
B1138186101454N02433075EA012630131500602011737221
B1138196101441N02433052EA012600131300602111727219
B1138206101427N02433030EA012580131100602011733216
B1138216101412N02433009EA012550130900602111837213
B1138226101397N02432989EA012510130600602011953210
B1138236101382N02432971EA012510130300602112050210
B1138246101366N02432952EA012490130100602312045208
B1138256101350N02432935EA012480130000602212068207
B1138266101334N02432919EA012490129900602412034205
B1138276101318N02432903EA012470129800602312043203
B1138286101301N02432889EA012470129700602212063200
B1138296101284N02432877EA012460129700602811989198
B1138306101267N02432865EA012470129700602511887197
B1138316101250N02432855EA012470129700602511836195
B1138326101233N02432846EA012470129800602511808194
B1138336101216N02432838EA012480129800602311724192
B1138346101199N02432831EA012500129900602011585190
B1138356101182N02432825EA012490130000601911529188
B1138366101165N02432820EA012490130100602211456186
B1138376101148N02432817EA012480130100602111373185
B1138386101131N02432814EA012450130000602111380183
B1138396101114N02432812EA012410129800602111492182
B1138406101096N02432811EA012360129500601911722181
B1138416101079N02432810EA012340129100601911969180
B1138426101061N02432810EA012340128800602212037179
B1138436101043N02432810EA012330128600602111994179
B1138446101025N02432810EA012310128500602212001179
B1138456101007N02432811EA012300128300602012006178
B1138466100989N02432812EA012290128200601912048178
B1138476100971N02432813EA012280128100602212047177
B1138486100953N02432814EA012280128100602212021178
B1138496100935N02432816EA012300128000602112034178
B1138506100917N02432817EA012300128000601912000177
B1138516100899N02432818EA012310128000601911984177
B1138526100881N02432820EA012280128000601812003177
B1138536100863N02432822EA012260127900601812000178
B1138546100845N02432823EA012240127800601912091178
B1138556100827N02432823EA012220127600602112190179
B1138566100808N02432823EA012210127400602012274180
B1138576100790N02432823EA012200127200601812343181
B1138586100772N02432822EA012190127000601912398181
B1138596100753N02432820EA012180126900601912395181
B1139006100735N02432819EA012190126800601812402181
B1139016100716N02432818EA012180126700602112368181
B1139026100698N02432817EA012150126700602012318182
B1139036100679N02432815EA012150126600601812277182
B1139046100661N02432813EA012150126500602012259182
B1139056100643N02432811EA012140126400601912272183
B1139066100624N02432808EA012130126300601912254184
B1139076100606N02432804EA012120126200602012265186
B1139086100588N02432800EA012110126100602012239187
B1139096100570N02432794EA012110126000601912266189
B1139106100552N02432787EA012110126000602012315191
B1139116100534N02432779EA012090125900602012326192
B1139126100516N02432770EA012060125700602212385193
B1139136100498N02432761EA012070125600602212380194
B1139146100480N02432751EA012070125500602312453195
B1139156100462N02432740EA012060125400602012486196
B1139166100444N02432728EA012030125300602112528197
B1139176100426N02432716EA012030125200602212586198
B1139186100409N02432704EA012010125100602112665199
B1139196100391N02432691EA012010124900602012692200
B1139206100373N02432677EA011990124800602112706200
B1139216100355N02432663EA012000124800602312702201
B1139226100338N02432649EA011980124700602312648202
B1139236100320N02432634EA012000124700602112555202
B1139246100303N02432619EA012000124700602112481203
B1139256100286N02432604EA012000124800602312392203
B1139266100269N02432589EA011990124800602312298203
B1139276100252N02432574EA011970124700602312259203
B1139286100236N02432558EA011960124700602312245204
B1139296100219N02432542EA011950124600602312238206
B1139306100203N02432525EA011950124400602312297207
B1139316100187N02432507EA011940124300602312327207
B1139326100170N02432489EA011930124200602312354208
B1139336100154N02432471EA011930124200602212368210
B1139346100139N02432451EA011930124100602112325211
B1139356100123N02432431EA011920124100602312282212
B1139366100107N02432411EA011920124100602012223212
B1139376100092N02432391EA011910124000602012195212
B1139386100077N02432370EA011890123900602112168213
B1139396100062N02432349EA011890123800602012179214
B1139406100047N02432328EA011880123700602212205215
B1139416100032N02432306EA011850123500602312216215
B1139426100017N02432284EA011860123400602212208216
B1139436100002N02432262EA011840123300602312234216
B1139446059988N02432240EA011840123200602412233216
B1139456059973N02432218EA011860123200602512196215
B1139466059958N02432197EA011850123200602612149214
B1139476059943N02432176EA011860123200602312024212
B1139486059928N02432157EA011880123300602311924210
B1139496059912N02432139EA011910123500602411782208
B1139506059897N02432123EA011960123700602411574204
B1139516059881N02432109EA011990124000602311320200
B1139526059865N02432098EA012010124400602111020197
B1139536059849N02432089EA012010124700601910788194
B1139546059834N02432082EA012020124900602210580191
B1139556059818N02432076EA012010125000601810504188
B1139566059803N02432072EA012000125000601610497185
B1139576059787N02432069EA011990125000601610514182
B1139586059771N02432068EA011980124900601610556180
B1139596059755N02432069EA011940124700601810689177
B1140006059739N02432072EA011930124600601810912174
B1140016059723N02432075EA011900124300602011211172
B1140026059706N02432081EA011870124000602111434170
B1140036059689N02432086EA011870123800602111620170
B1140046059672N02432092EA011870123600602411713170
B1140056059655N02432098EA011880123500602311740172
B1140066059637N02432102EA011910123500602411644173
B1140076059620N02432105EA011940123700602411438176
B1140086059603N02432107EA011950123900602311241178
B1140096059586N02432107EA011970124100602211074180
B1140106059570N02432106EA011980124400602310799182
B1140116059554N02432104EA011990124500602210606186
B1140126059539N02432099EA012000124700602010499188
B1140136059523N02432094EA011980124800602010477190
B1140146059508N02432087EA011960124800601810570193
B1140156059492N02432079EA011930124600601810727195
B1140166059477N02432070EA011910124400602010941197
B1140176059461N02432059EA011880124200601811117200
B1140186059446N02432046EA011860123900601911273202
B1140196059430N02432032EA011830123700601911400204
B1140206059415N02432016EA011810123500602111620206
B1140216059399N02432000EA011780123200602111757208
B1140226059384N02431982EA011760122900602011909210
B1140236059368N02431963EA011730122600602111984211
B1140246059353N02431943EA011710122300602312002213
B1140256059338N02431922EA011690122100602312106215
B1140266059324N02431901EA011670121800602412154216
B1140276059309N02431878EA011650121600602512193218
B1140286059295N02431854EA011630121400602512321220
B1140296059281N02431829EA011640121200602612434222
B1140306059267N02431803EA011640121100602512429224
B1140316059254N02431776EA011670121100602312394225
B1140326059241N02431749EA011720121200602612335226
B1140336059229N02431721EA011780121500602712082227
B1140346059217N02431694EA011840122000602511675228
B1140356059206N02431668EA011910122600602211172230
B1140366059196N02431642EA011990123300602010617232
B1140376059186N02431616EA012040124000601710116233
B1140386059178N02431592EA012090124700601209663234
B1140396059169N02431568EA012140125300601309306234
B1140406059161N02431545EA012160125800601509066232
B1140416059153N02431524EA012160126100601508903230
B1140426059144N02431503EA012180126400601008884227
B1140436059135N02431484EA012160126400601408969224
B1140446059125N02431465EA012160126500601009203221
B1140456059114N02431446EA012160126400601409452218
B1140466059103N02431429EA012140126400601509565215
B1140476059091N02431412EA012140126300601209646211
B1140486059078N02431397EA012120126200601509676209
B1140496059066N02431383EA012130126100601209764207
B1140506059052N02431370EA012130126000601409927204
B1140516059039N02431358EA012140126000601109999202
B1140526059025N02431347EA012160126100601009946199
B1140536059011N02431337EA012170126200601009803197
B1140546058997N02431328EA012190126400601009623196
B1140556058983N02431320EA012210126600601009431195
B1140566058970N02431313EA012210126800601009265193
B1140576058956N02431307EA012200126900601109221191
B1140586058943N02431302EA012170126900601509372189
B1140596058929N02431298EA012150126800601009584186
B1141006058914N02431295EA012120126500601309807185
B1141016058900N02431293EA012090126300601509979184
B1141026058885N02431290EA012070126000601010215183
B1141036058869N02431288EA012050125600601210394183
B1141046058854N02431287EA012030125300601610522182
B1141056058838N02431286EA012000125100601910671180
B1141066058822N02431286EA011990124900601710802179
B1141076058805N02431286EA011990124700601710913179
B1141086058789N02431286EA012000124600601710903179
B1141096058773N02431287EA012020124600601610756180
B1141106058757N02431286EA012030124700601010565181
B1141116058741N02431285EA012050124900601710340182
B1141126058726N02431284EA012060125100601610131181
B1141136058711N02431283EA012070125200601209988181
B1141146058696N02431282EA012080125300601209919180
B1141156058681N02431283EA012080125300601010012179
B1141166058666N02431283EA012080125400601010047178
B1141176058651N02431284EA012080125400601409918178
B1141186058637N02431285EA012100125400601309883177
B1141196058622N02431286EA012110125500601509828178
B1141206058607N02431287EA012130125600601309687179
B1141216058593N02431287EA012150125800601009529180
B1141226058579N02431287EA012150126000601009408179
B1141236058565N02431287EA012170126100601209346179
B1141246058551N02431287EA012180126200601709227180
B1141256058537N02431287EA012190126400601709005181
B1141266058524N02431286EA012190126500601108933179
B1141276058511N02431287EA012190126600601508973177
B1141286058497N02431288EA012180126600601409060176
B1141296058483N02431290EA012160126500601709242175
LLXVBATT:23.8% (3.81V) 114130
B1141306058470N02431293EA012170126400601709297174
B1141316058456N02431296EA012170126400601609331174
B1141326058442N02431298EA012170126400601209275174
B1141336058428N02431301EA012160126400601109207173
B1141346058415N02431305EA012140126400601009189173
B1141356058401N02431308EA012100126300601109320173
B1141366058387N02431312EA012080126100601409609171
B1141376058372N02431317EA012050125800601109978170
B1141386058357N02431322EA012030125500601410333168
B1141396058342N02431329EA012010125200601210576167
B1141406058327N02431336EA012010125000601310693165
B1141416058311N02431345EA012010124800601310868163
B1141426058295N02431355EA012020124700601111032161
B1141436058280N02431365EA012070124700601110930161
B1141446058265N02431376EA012110124900601210654160
B1141456058250N02431387EA012160125300601510289160
B1141466058236N02431397EA012200125800601009970160
B1141476058222N02431407EA012240126300601109604159
B1141486058209N02431418EA012290126800601209345159
B1141496058196N02431428EA012310127300601409093159
B1141506058183N02431437EA012330127700601009072159
B1141516058170N02431447EA012330127900601409065160
B1141526058157N02431456EA012320128100601409192160
B1141536058144N02431466EA012280128000601209429158
B1141546058131N02431477EA012270127900601309727158
B1141556058117N02431488EA012240127700601310004157
F1141550621023219120417032831
B1141566058103N02431500EA012210127400601110324158
B1141576058089N02431512EA012190127100601510550159
B1141586058074N02431523EA012170126800601110726159
B1141596058059N02431534EA012160126500601210851159
B1142006058043N02431546EA012160126400601010902159
B1142016058028N02431557EA012160126200601310754160
B1142026058013N02431569EA012180126200601410767159
B1142036057998N02431581EA012210126300601110615159
B1142046057984N02431592EA012220126600601410365158
B1142056057969N02431604EA012250126800601510151158
B1142066057955N02431615EA012250126900601209947158
B1142076057942N02431626EA012260127100601009831159
B1142086057928N02431636EA012280127200601309741159
B1142096057914N02431646EA012300127300601309618160
B1142106057901N02431657EA012310127500601309480159
B1142116057888N02431667EA012300127600601209317159
B1142126057875N02431676EA012300127600601409319160
B1142136057861N02431686EA012300127600601209398161
B1142146057848N02431695EA012290127600601609532160
B1142156057834N02431705EA012290127500601709658160
B1142166057821N02431714EA012300127500601109711161
B1142176057807N02431724EA012300127500601109697161
B1142186057793N02431733EA012330127600601309602161
B1142196057780N02431743EA012350127700601209478160
B1142206057767N02431752EA012370128000601209304160
B1142216057754N02431762EA012390128200601109165160
B1142226057741N02431771EA012410128400601309030160
B1142236057728N02431781EA012420128600601409028160
B1142246057715N02431790EA012450128800601209018159
B1142256057703N02431800EA012450129000601009036159
B1142266057690N02431809EA012480129100601608965159
B1142276057678N02431819EA012490129300601608884159
B1142286057665N02431829EA012510129500602008775158
B1142296057653N02431838EA012530129600601708658158
B1142306057641N02431848EA012560129700601608661159
B1142316057629N02431857EA012570129900601008631159
B1142326057617N02431865EA012600130100601608381164
B1142336057605N02431870EA012590130200601108153173
B1142346057593N02431871EA012590130300601407899184
B1142356057582N02431865EA012580130300601007750199
B1142366057572N02431854EA012570130400601607808214
B1142376057563N02431838EA012560130400601307928230
B1142386057557N02431817EA012550130400601508251245
B1142396057553N02431793EA012540130300601108561261
B1142406057553N02431766EA012550130200601008959276
B1142416057556N02431739EA012540130200601309413290
B1142426057563N02431712EA012570130300601309759302
B1142436057572N02431689EA012580130400601009940314
B1142446057583N02431669EA012610130600601410164325
B1142456057596N02431653EA012610130800601310410335
B1142466057611N02431643EA012620130900601410646345
B1142476057627N02431636EA012610131000601710962353
B1142486057644N02431635EA012610131000601611261000
B1142496057661N02431637EA012610131000601611551005
B1142506057678N02431642EA012600130900601611770011
B1142516057695N02431651EA012620130900601111833016
B1142526057712N02431663EA012620130900601011776022
B1142536057727N02431679EA012630131000601311662029
B1142546057742N02431698EA012640131100601511552035
B1142556057755N02431720EA012650131200601211439041
B1142566057767N02431745EA012660131300601311422047
B1142576057778N02431772EA012670131300601111498052
B1142586057788N02431801EA012660131400601111476058
B1142596057796N02431832EA012670131400601011442064
B1143006057802N02431864EA012680131500601711343071
B1143016057806N02431898EA012700131600601711230079
B1143026057808N02431932EA012710131700601611033088
B1143036057807N02431965EA012730131800601010836096
B1143046057804N02431997EA012730132000601610575106
B1143056057798N02432027EA012710132100601210346116
B1143066057790N02432054EA012730132100601210114126
B1143076057780N02432076EA012730132100601309754137
B1143086057769N02432094EA012750132000601109354148
B1143096057757N02432106EA012740132100601508977160
B1143106057744N02432112EA012750132200601708732173
B1143116057731N02432112EA012740132200601708451186
B1143126057719N02432106EA012750132200601908320201
B1143136057709N02432094EA012740132200601708210216
B1143146057700N02432077EA012750132200601408215231
B1143156057693N02432055EA012760132200601108336246
B1143166057690N02432030EA012780132400701908642261
B1143176057690N02432004EA012760132400701808860274
B1143186057692N02431977EA012790132500701909115286
B1143196057697N02431951EA012810132600601709417298
B1143206057706N02431927EA012820132800601609842311
B1143216057716N02431906EA012820132900601510248322
B1143226057730N02431889EA012830133000601210603333
B1143236057744N02431877EA012810133100601010837343
B1143246057761N02431870EA012820133100601511109353
B1143256057777N02431868EA012800133100601611337002
B1143266057794N02431873EA012810133000601611580011
B1143276057811N02431883EA012810132900602011904021
B1143286057827N02431899EA012820132900601812061029
B1143296057842N02431920EA012830132900601712041038
B1143306057855N02431945EA012880133000601611860047
B1143316057866N02431973EA012900133300601711562056
B1143326057874N02432003EA012930133600601611262064
B1143336057880N02432035EA012940133800601310945072
B1143346057884N02432067EA012960134100601110832079
B1143356057886N02432100EA012970134200601110554087
B1143366057886N02432132EA012980134400601310390093
B1143376057884N02432163EA012980134500601410118101
B1143386057880N02432193EA012990134600601209937108
B1143396057874N02432221EA012980134700601109741116
B1143406057867N02432247EA012950134700601209669125
B1143416057858N02432269EA012920134500601109626135
B1143426057847N02432288EA012930134300601509511145
B1143436057834N02432302EA012930134100601309344156
B1143446057822N02432311EA012940134000601009092166
B1143456057808N02432316EA012950134100601308787175
B1143466057796N02432315EA012970134200601408430185
B1143476057784N02432310EA012980134300601308073197
B1143486057773N02432301EA012990134400601207869209
B1143496057764N02432286EA012990134600601507628224
B1143506057757N02432268EA013000134800601107642239
B1143516057752N02432246EA013000134800601307937253
B1143526057750N02432222EA013010134900601008190266
B1143536057751N02432197EA013020135100601108420278
B1143546057754N02432171EA013040135100601608757290
B1143556057760N02432147EA013030135200602009221301
B1143566057768N02432123EA013010135200602009588311
B1143576057778N02432103EA013020135200601809881321
B1143586057791N02432085EA013020135100601710139329
B1143596057804N02432070EA013000135200601210325335
B1144006057819N02432059EA013010135200601210613342
B1144016057834N02432052EA013020135200601210883350
B1144026057851N02432048EA013020135200601611114356
B1144036057867N02432047EA013020135200601611377002
B1144046057884N02432051EA013020135100601611518010
B1144056057901N02432059EA013050135200601311528015
B1144066057917N02432071EA013080135300601311429022
B1144076057933N02432085EA013100135600601411258028
B1144086057947N02432103EA013120135800601411059033
B1144096057960N02432123EA013130136100601410906038
B1144106057972N02432145EA013150136300601010831044
B1144116057983N02432169EA013120136400602010766050
B1144126057993N02432196EA013120136400701910838056
B1144136058001N02432225EA013100136300601810876062
B1144146058008N02432255EA013090136200601510904067
B1144156058014N02432286EA013090136100601110915072
B1144166058018N02432319EA013090136000601310999078
B1144176058020N02432352EA013070136000601511054083
B1144186058021N02432386EA013100135900601411016088
B1144196058021N02432420EA013100135900601210837094
B1144206058019N02432453EA013090136000601410683099
B1144216058016N02432485EA013090136000601310571105
B1144226058011N02432515EA013090136000601310509112
B1144236058004N02432544EA013070135900601410367117
B1144246057996N02432572EA013100135900601210246124
B1144256057987N02432596EA013130135900601310016130
B1144266057977N02432618EA013160136000601209806136
B1144276057966N02432637EA013190136300601209292142
B1144286057955N02432653EA013190136700601408979147
B1144296057943N02432667EA013200136800601408744153
B1144306057931N02432677EA013190136900601008689160
B1144316057919N02432685EA013170136900601408710166
B1144326057906N02432690EA013150136900601008816171
B1144336057893N02432694EA013130136700601009074174
B1144346057879N02432695EA013120136500601309347178
B1144356057865N02432695EA013100136300601109542182
B1144366057850N02432693EA013100136100601509719185
B1144376057836N02432689EA013090136000601809799188
B1144386057822N02432685EA013110135900601909787188
B1144396057807N02432680EA013120136000601209721188
B1144406057793N02432676EA013140136100601209534188
B1144416057779N02432671EA013150136300601109340188
B1144426057765N02432667EA013180136700601409037188
B1144436057752N02432663EA013200137000601508774189
B1144446057739N02432659EA013210137100601208584189
B1144456057727N02432654EA013210137300601108491190
B1144466057714N02432649EA013200137300601508537190
B1144476057702N02432644EA013200137300601108656191
B1144486057689N02432639EA013200137200601508697191
B1144496057676N02432634EA013200137200601108731191
B1144506057664N02432628EA013210137200601408709192
B1144516057651N02432623EA013210137300601208627192
B1144526057638N02432617EA013200137300601408591191
B1144536057626N02432612EA013180137200601108579191
B1144546057613N02432607EA013170137200601208629191
B1144556057600N02432602EA013140136900601508858190
F114455062521023219120417032831010001
B1144566057587N02432596EA013120136700601509077191
B1144576057574N02432591EA013100136400601009330190
B1144586057560N02432586EA013080136200601109517190
B1144596057546N02432580EA013060135900601209601191
B1145006057532N02432574EA013050135800601309625191
B1145016057518N02432568EA013010135600601409625192
B1145026057503N02432561EA012990135400601509682192
B1145036057489N02432555EA012960135200601409846192
B1145046057475N02432548EA012940134900601410006193
B1145056057460N02432541EA012920134600601310141194
B1145066057445N02432533EA012910134400601610137194
B1145076057431N02432525EA012910134300601010107194
B1145086057416N02432517EA012900134200601210083195
B1145096057402N02432509EA012870134000601710026195
B1145106057387N02432500EA012850133900601710042195
B1145116057373N02432492EA012810133700601710100195
B1145126057358N02432483EA012800133400601510166195
B1145136057344N02432474EA012770133200601610253197
B1145146057329N02432465EA012750132900601910388198
B1145156057314N02432454EA012730132600601810487199
B1145166057299N02432443EA012690132400601910584199
B1145176057284N02432432EA012650132100602010737200
B1145186057269N02432420EA012650131800602110854200
B1145196057254N02432409EA012620131600602410980200
B1145206057238N02432397EA012630131300602311101198
B1145216057223N02432387EA012640131100602111088197
B1145226057207N02432377EA012640131100602010931197
B1145236057191N02432366EA012640131300601810744199
B1145246057176N02432355EA012670131400601710552200
B1145256057162N02432344EA012670131500601710407200
B1145266057147N02432333EA012690131700601810322200
B1145276057133N02432321EA012680131700601810260201
B1145286057119N02432309EA012670131700601710263203
B1145296057105N02432296EA012660131700601610275205
B1145306057091N02432283EA012670131600601810155207
B1145316057078N02432268EA012640131600601910105208
B1145326057065N02432253EA012630131500602010038210
B1145336057052N02432236EA012640131300601809978213
B1145346057040N02432219EA012620131200601909789216
B1145356057028N02432200EA012630131200602409726220
B1145366057018N02432180EA012630131100602109740224
B1145376057008N02432158EA012650131100602009726227
B1145386056998N02432136EA012670131200601909698232
B1145396056990N02432112EA012680131400602309573235
B1145406056982N02432087EA012700131600602509551240
B1145416056976N02432061EA012700131700602909518246
B1145426056971N02432034EA012740131900602909415250
B1145436056966N02432006EA012750132100602309349254
B1145446056963N02431978EA012780132300602109291258
B1145456056961N02431950EA012800132600601709221261
B1145466056959N02431922EA012810132800601409184263
B1145476056958N02431894EA012820133000601109088264
B1145486056957N02431867EA012850133200601409000267
B1145496056956N02431839EA012870133400601208931270
B1145506056957N02431812EA012880133600601008964272
B1145516056958N02431784EA012890133800601708998274
B1145526056959N02431756EA012900133900601509043276
B1145536056961N02431729EA012910134000601209088278
B1145546056963N02431701EA012910134100601009119279
B1145556056965N02431674EA012920134100601009111280
B1145566056968N02431646EA012930134200601209133281
B1145576056971N02431619EA012950134300601009165283
B1145586056974N02431591EA012950134400601309216284
B1145596056978N02431564EA012970134500601009263285
B1146006056982N02431536EA012970134600601009401286
B1146016056986N02431508EA012980134700601009564287
B1146026056990N02431480EA012990134800601209733288
B1146036056995N02431452EA013000134900601309821287
B1146046056999N02431423EA013010135000601309824285
B1146056057003N02431394EA013030135100601509808283
B1146066057006N02431364EA013030135200601309780280
B1146076057008N02431335EA013050135300601009821278
B1146086057011N02431305EA013070135400601209753277
B1146096057012N02431275EA013090135600601409631276
B1146106057014N02431246EA013100135800601509479275
B1146116057015N02431217EA013120136000601009351275
B1146126057016N02431189EA013130136200601309312273
B1146136057017N02431160EA013110136300601409339271
B1146146057017N02431131EA013120136400601009531270
B1146156057017N02431101EA013120136300601109648268
B1146166057016N02431072EA013150136300601309668266
B1146176057015N02431042EA013170136400601609584264
B1146186057014N02431013EA013190136600601809557264
B1146196057012N02430984EA013200136800601609572263
B1146206057011N02430955EA013210137000601509477262
B1146216057009N02430926EA013210137100601309359261
B1146226057007N02430898EA013190137200601109283260
B1146236057004N02430870EA013160137200601109332259
B1146246057002N02430841EA013130137000601009440259
B1146256056999N02430812EA013070136700601209695257
B1146266056995N02430783EA013020136300601710063256
B1146276056992N02430752EA012990135700601810528255
B1146286056987N02430720EA012950135200602010857255
B1146296056983N02430688EA012930134900602011092254
B1146306056979N02430655EA012900134500601911249254
B1146316056974N02430621EA012880134300602011395253
LLXVBATT:23.9% (3.81V) 114632
B1146326056969N02430588EA012860134000602211552251
B1146336056963N02430554EA012820133800602211715250
B1146346056958N02430520EA012800133600602111889250
B1146356056952N02430485EA012790133300602012006250
B1146366056946N02430450EA012780133200602112056250
B1146376056940N02430415EA012780133000602212089251
B1146386056934N02430380EA012780132900602112100250
B1146396056928N02430345EA012800132900602212092251
B1146406056922N02430310EA012820133000602111974251
B1146416056917N02430275EA012840133200602211844252
B1146426056911N02430241EA012850133400602111727251
B1146436056906N02430207EA012850133500602011599251
B1146446056900N02430173EA012840133600602111511251
B1146456056895N02430140EA012850133600602211469250
B1146466056889N02430106EA012850133700602011516250
B1146476056883N02430073EA012850133700601911511248
B1146486056877N02430041EA012860133700602011432246
B1146496056869N02430009EA012860133800601911299244
B1146506056862N02429978EA012860133800601811191241
B1146516056853N02429949EA012860133800601811104238
B1146526056844N02429920EA012840133700601711005235
B1146536056835N02429892EA012830133600601910991233
B1146546056825N02429866EA012810133600601910981231
B1146556056814N02429840EA012800133500601910959228
B1146566056803N02429815EA012770133300601810960226
B1146576056792N02429791EA012750133200601911004225
B1146586056780N02429766EA012720132900602011191225
B1146596056769N02429741EA012690132600602211364226
B1147006056757N02429715EA012680132300602211470229
B1147016056746N02429688EA012660132100602111578232
B1147026056736N02429659EA012650131800602111676234
B1147036056726N02429630EA012630131600602111706235
B1147046056716N02429600EA012590131400602111705235
B1147056056706N02429570EA012590131200602411751234
B1147066056696N02429541EA012570130900602711766233
B1147076056685N02429513EA012570130900602411790231
B1147086056674N02429484EA012590130900602511902230
B1147096056662N02429456EA012570130900602312007229
B1147106056650N02429429EA012550130900602412132227
B1147116056638N02429401EA012560130800602512288226
B1147126056625N02429374EA012580130800602712331225
B1147136056612N02429347EA012600130900602612339224
B1147146056599N02429321EA012610131000602512349221
B1147156056585N02429297EA012600131100602712403219
B1147166056570N02429272EA012620131100602512338219
B1147176056556N02429249EA012630131300602412180218
B1147186056542N02429225EA012650131400602212050219
B1147196056528N02429201EA012640131400602011991220
B1147206056515N02429178EA012630131500602111923220
B1147216056501N02429154EA012610131500602712011219
B1147226056487N02429130EA012620131400603012203218
B1147236056473N02429107EA012610131200602912453218
B1147246056458N02429083EA012630131200602512589217
B1147256056443N02429060EA012630131200602412609217
B1147266056428N02429037EA012650131300602412564216
B1147276056413N02429013EA012650131400602512579217
B1147286056398N02428989EA012670131500602912646218
B1147296056383N02428965EA012690131600602512528217
B1147306056368N02428942EA012750131800603012296215
B1147316056353N02428922EA012800132200602711950212
B1147326056338N02428903EA012850132700602311617209
B1147336056323N02428886EA012910133200601911379207
B1147346056308N02428870EA012920133800601811166207
B1147356056293N02428854EA012930134200602111191208
B1147366056279N02428837EA012940134300602111457211
B1147376056265N02428817EA012960134400602511598217
B1147386056251N02428794EA012970134600602611599222
B1147396056240N02428768EA012990134800602911607230
B1147406056230N02428738EA013010134900602711784239
B1147416056221N02428706EA013000135200602611777245
B1147426056215N02428673EA013010135300602511824250
B1147436056210N02428638EA012990135300602411921255
B1147446056206N02428602EA012980135200602612041258
B1147456056202N02428566EA012960135000602612077258
B1147466056198N02428530EA012950134900602412075256
B1147476056193N02428494EA012910134700602511970251
B1147486056187N02428460EA012900134500602411858245
B1147496056179N02428428EA012860134300602411839239
B1147506056169N02428397EA012830134100602111845234
B1147516056158N02428369EA012840133900602111828229
B1147526056146N02428342EA012820133700602011781225
B1147536056134N02428317EA012820133600602011740221
B1147546056120N02428293EA012810133400602011748221
B1147556056107N02428269EA012800133300601811707221
B1147566056094N02428245EA012790133200602011685222
F1147560621023219120417032831
B1147576056081N02428221EA012780133000602111728222
B1147586056069N02428196EA012770132900602211768223
B1147596056056N02428171EA012760132800602311711223
B1148006056043N02428147EA012750132700602211705223
B1148016056031N02428122EA012730132600602211734223
B1148026056018N02428097EA012700132400602411776223
B1148036056005N02428071EA012690132200602311858224
B1148046055992N02428046EA012660132000602311973224
B1148056055980N02428020EA012640131800602212064224
B1148066055967N02427994EA012640131600602112133224
B1148076055954N02427968EA012620131400602112157224
B1148086055941N02427942EA012600131200602012146224
B1148096055928N02427916EA012610131100602112131224
B1148106055915N02427890EA012600131000602212065224
B1148116055902N02427864EA012590131000602311993225
B1148126055890N02427838EA012600131000602111926225
B1148136055877N02427812EA012600131000602311867225
B1148146055865N02427785EA012590130900602411804226
B1148156055853N02427759EA012600131000602211739225
B1148166055841N02427734EA012590130900602011647225
B1148176055828N02427708EA012580130900601911593225
B1148186055816N02427683EA012590130900602011524225
B1148196055804N02427658EA012580130900601911478225
B1148206055792N02427633EA012570130800602011421225
B1148216055780N02427608EA012580130800602011307225
B1148226055768N02427583EA012580130800602011236225
B1148236055757N02427559EA012580130700601911156225
B1148246055745N02427535EA012580130700601911062225
B1148256055733N02427510EA012570130700601911010225
B1148266055722N02427487EA012550130700601810966224
B1148276055710N02427463EA012560130600602110967224
B1148286055699N02427439EA012550130600601910920225
B1148296055687N02427415EA012530130500602010875224
B1148306055675N02427392EA012550130500602210873224
B1148316055664N02427369EA012550130400602410838224
B1148326055652N02427345EA012540130400602310847224
B1148336055641N02427322EA012550130400602110819224
B1148346055629N02427299EA012550130400602310774225
B1148356055618N02427275EA012540130500602310746225
B1148366055607N02427252EA012540130400602210791225
B1148376055595N02427228EA012540130400602410773225
B1148386055584N02427205EA012520130400602310776225
B1148396055573N02427181EA012540130300602310815224
B1148406055561N02427158EA012530130300602110801224
B1148416055550N02427135EA012520130300601910787224
B1148426055538N02427112EA012520130200602010779224
B1148436055526N02427089EA012520130200601910763224
B1148446055515N02427066EA012510130200602110783223
B1148456055503N02427043EA012520130100602110777224
B1148466055492N02427020EA012510130100602010786224
B1148476055480N02426996EA012500130100602110802224
B1148486055469N02426973EA012520130100601910765224
B1148496055457N02426950EA012510130100602110698224
B1148506055446N02426928EA012510130100601910655224
B1148516055434N02426905EA012520130200601910639224
B1148526055423N02426882EA012530130200601810585224
B1148536055412N02426859EA012520130200601610590224
B1148546055400N02426836EA012530130200601810583224
B1148556055389N02426814EA012520130300601910543224
B1148566055378N02426791EA012520130200602010511224
B1148576055367N02426768EA012510130200602110552224
B1148586055356N02426745EA012500130100601810575225
B1148596055344N02426722EA012480130000601810653225
B1149006055333N02426699EA012470129900601910745224
B1149016055322N02426676EA012450129800601910814224
B1149026055310N02426653EA012430129700601910944223
B1149036055298N02426629EA012430129500602111002223
B1149046055286N02426606EA012420129300602011083223
B1149056055274N02426583EA012410129200602111141223
B1149066055262N02426559EA012420129100602411110223
B1149076055250N02426536EA012420129100602211082223
B1149086055238N02426512EA012420129100602311070223
B1149096055226N02426489EA012440129200602311000223
B1149106055214N02426466EA012440129200602310935223
B1149116055202N02426443EA012450129300602210862222
B1149126055190N02426421EA012450129400602010791222
B1149136055178N02426398EA012450129400602010713222
B1149146055167N02426376EA012450129400601910659222
B1149156055155N02426354EA012450129500601910596222
B1149166055143N02426332EA012440129500602210568222
B1149176055132N02426309EA012420129400602410571222
B1149186055120N02426287EA012430129400602410590222
B1149196055109N02426265EA012420129300602310642222
B1149206055097N02426243EA012400129200602410656222
B1149216055085N02426221EA012400129100602410705222
B1149226055073N02426199EA012380129000602310717222
B1149236055062N02426176EA012360128900602210773222
B1149246055050N02426154EA012370128800602210845222
B1149256055038N02426132EA012360128700602010873222
B1149266055026N02426109EA012340128600602110865222
B1149276055014N02426087EA012340128500602110892222
B1149286055002N02426064EA012330128400602210905222
B1149296054990N02426042EA012310128300602110891222
B1149306054978N02426019EA012310128200602110939222
B1149316054965N02425996EA012290128100602010933222
B1149326054953N02425974EA012280128000602110967222
B1149336054941N02425951EA012280127900602011003222
B1149346054929N02425928EA012270127800602011067222
B1149356054917N02425905EA012250127700602011073223
B1149366054905N02425881EA012240127600602111107223
B1149376054893N02425858EA012240127400601911136223
B1149386054881N02425834EA012220127300601911158223
B1149396054869N02425811EA012230127300601811107223
B1149406054857N02425787EA012230127200601910998223
B1149416054845N02425764EA012230127200602010993223
B1149426054833N02425740EA012240127200601910941224
B1149436054822N02425717EA012230127200601910962224
B1149446054810N02425693EA012230127200602010996225
B1149456054799N02425669EA012230127200601810971225
B1149466054787N02425645EA012220127200601810965225
B1149476054776N02425621EA012210127100601810981225
B1149486054764N02425597EA012210127100601810940224
B1149496054752N02425574EA012200127000602010929223
B1149506054740N02425551EA012190127000601910984221
B1149516054728N02425529EA012180126900601911048220
B1149526054715N02425507EA012180126800602111117220
B1149536054702N02425485EA012170126700602111118219
B1149546054689N02425464EA012180126600602311084219
B1149556054677N02425442EA012160126600602111045218
B1149566054664N02425421EA012150126500602011072218
B1149576054651N02425400EA012150126500602311092218
B1149586054638N02425379EA012140126400602311156217
B1149596054624N02425358EA012120126300602411227218
B1150006054611N02425336EA012120126200602211296218
B1150016054598N02425314EA012090126000602211392219
B1150026054585N02425292EA012080125900602211428219
B1150036054572N02425270EA012080125800602311468218
B1150046054558N02425248EA012080125700602011457219
B1150056054545N02425226EA012070125600601911469219
B1150066054532N02425203EA012060125500601811491218
B1150076054518N02425181EA012060125400601811428218
B1150086054505N02425160EA012050125400601911450218
B1150096054491N02425138EA012050125300602111429218
B1150106054478N02425116EA012060125300602211398219
B1150116054465N02425094EA012040125300602111350218
B1150126054452N02425072EA012030125200602111356218
B1150136054439N02425050EA012040125200602311321218
B1150146054425N02425028EA012050125200602411281218
B1150156054412N02425007EA012030125200602411291218
B1150166054399N02424985EA012030125100602111274218
B1150176054386N02424963EA012020125100602111275218
B1150186054373N02424941EA012010125100602011256219
B1150196054360N02424920EA012010125000602311224218
B1150206054347N02424898EA012010125000602111238218
B1150216054334N02424877EA012000124900602111237218
B1150226054321N02424855EA012000124800601911241219
B1150236054308N02424833EA011990124800602011215219
B1150246054295N02424811EA011980124700602111209219
B1150256054282N02424789EA011980124700602111190220
B1150266054269N02424767EA011980124600602011178220
B1150276054256N02424744EA011970124500601811179220
B1150286054244N02424722EA011960124500602011206220
B1150296054231N02424700EA011950124400602211255220
B1150306054218N02424677EA011940124300602211285220
B1150316054205N02424655EA011940124200602211330220
B1150326054193N02424632EA011920124100602311345221
B1150336054180N02424609EA011910124000602511401221
B1150346054167N02424586EA011900123900602711438221
B1150356054154N02424562EA011890123800602411471221
B1150366054141N02424539EA011880123600602411535221
B1150376054128N02424515EA011870123500602511586221
B1150386054116N02424491EA011850123400602511647221
B1150396054103N02424467EA011840123300602811721221
B1150406054089N02424443EA011830123200602611736221
B1150416054076N02424419EA011820123100602411757222
B1150426054063N02424395EA011800123000602311830222
B1150436054050N02424370EA011790122800602311902222
B1150446054037N02424346EA011790122700602211947222
B1150456054024N02424321EA011770122600602111980223
B1150466054011N02424295EA011750122400602012055223
B1150476053998N02424270EA011760122300602112066223
B1150486053985N02424244EA011750122200602112112223
B1150496053972N02424219EA011740122100602112132223
B1150506053959N02424193EA011730122000602112141223
B1150516053945N02424167EA011720121900602112168224
B1150526053932N02424141EA011710121800602212164223
B1150536053919N02424115EA011700121700602012168223
B1150546053906N02424089EA011700121600602212142223
B1150556053893N02424064EA011700121600602312148224
B1150566053880N02424038EA011690121500602112123224
B1150576053867N02424011EA011680121400602112094224
F115057062521023219120417032831010001
B1150586053854N02423985EA011680121400602012085225
B1150596053842N02423959EA011680121300602212110225
B1151006053829N02423932EA011670121300602212106225
B1151016053816N02423906EA011660121200602412116225
B1151026053804N02423879EA011650121200602212116225
B1151036053791N02423852EA011650121100602012114225
B1151046053778N02423826EA011640121100602012131225
B1151056053766N02423799EA011650121000601912144225
B1151066053753N02423772EA011640121000602212173226
B1151076053741N02423745EA011640121000602012225226
B1151086053728N02423718EA011630120900602012263226
B1151096053715N02423691EA011610120800602012290226
B1151106053703N02423663EA011600120800601912378227
B1151116053690N02423635EA011600120700601912454227
B1151126053678N02423607EA011590120500602012514227
B1151136053665N02423578EA011580120400602012571227
B1151146053652N02423550EA011570120400602112599227
B1151156053640N02423521EA011570120300602212604227
B1151166053627N02423493EA011560120300602012590226
B1151176053614N02423465EA011570120200602112583226
B1151186053601N02423437EA011560120200602212558226
B1151196053588N02423409EA011560120200602312532226
B1151206053575N02423381EA011540120100602212538226
B1151216053562N02423353EA011540120000602112595226
B1151226053549N02423325EA011510119900602112632226
B1151236053536N02423297EA011510119800602212713226
B1151246053523N02423268EA011500119700602212779226
B1151256053510N02423240EA011480119500602212864226
B1151266053497N02423211EA011480119400602112973226
B1151276053483N02423182EA011470119300602012972226
B1151286053470N02423153EA011460119200602212980226
B1151296053457N02423125EA011450119100602413008226
B1151306053443N02423096EA011460119000602313002226
B1151316053430N02423066EA011450119000602412970226
B1151326053417N02423038EA011460119000602312893226
B1151336053404N02423009EA011470119000602012819226
LLXVBATT:24.0% (3.81V) 115134
B1151346053390N02422981EA011470119000602012762226
B1151356053377N02422953EA011460119000601912689226
B1151366053364N02422925EA011470119000602012596225
B1151376053351N02422897EA011470119100602012508225
B1151386053338N02422870EA011460119100602212471225
B1151396053325N02422843EA011460119000602012412225
B1151406053312N02422816EA011460119000602112377225
B1151416053299N02422789EA011450119000602212358224
B1151426053286N02422762EA011450118900602412320224
B1151436053272N02422736EA011430118900602312330224
B1151446053259N02422709EA011420118800602112345224
B1151456053246N02422683EA011410118700602212372224
B1151466053233N02422656EA011400118600602112386224
B1151476053220N02422630EA011390118500602112441224
B1151486053206N02422603EA011380118400602212463224
B1151496053193N02422576EA011370118300602112556224
B1151506053180N02422549EA011360118100602012629224
B1151516053166N02422522EA011340118000602212679225
B1151526053153N02422494EA011330117900602012775225
B1151536053140N02422466EA011320117800602012856225
B1151546053126N02422438EA011300117600602212934225
B1151556053112N02422410EA011280117500602213055224
B1151566053098N02422382EA011270117300602113190224
B1151576053084N02422354EA011240117100602113299223
B1151586053069N02422326EA011230116900602313391223
B1151596053055N02422297EA011220116700602213465222
B1152006053040N02422269EA011230116600602113465222
B1152016053025N02422241EA011220116500601913492222
B1152026053010N02422213EA011210116500602113482223
B1152036052996N02422185EA011210116500602213502223
B1152046052981N02422157EA011190116400602313549223
B1152056052966N02422128EA011180116300602213527222
B1152066052951N02422100EA011170116200602013584222
B1152076052936N02422071EA011170116100602113606222
B1152086052921N02422043EA011150116000602213633222
B1152096052907N02422015EA011130115800602213647222
B1152106052892N02421986EA011110115700602213631223
B1152116052877N02421957EA011100115500602313673223
B1152126052862N02421929EA011070115300602313668222
B1152136052847N02421900EA011060115200602213611222
B1152146052832N02421872EA011030114900602413558222
B1152156052817N02421844EA011030114700602313522221
B1152166052802N02421817EA011000114600602113533220
B1152176052786N02421790EA010960114400602413591219
B1152186052770N02421764EA010950114200602513673218
B1152196052754N02421738EA010940113900602413731219
B1152206052739N02421711EA010940113700602513754219
B1152216052723N02421684EA010920113500602613824218
B1152226052706N02421658EA010920113400602413796218
B1152236052690N02421632EA010930113400602413727216
B1152246052674N02421608EA010930113400602713679215
B1152256052657N02421584EA010920113500602613708213
B1152266052640N02421561EA010910113500602413647212
B1152276052622N02421539EA010890113400602213611211
B1152286052605N02421518EA010890113200602413616209
B1152296052587N02421498EA010880113100602613614207
B1152306052569N02421480EA010870113100602413625205
B1152316052550N02421462EA010870113000602413624204
B1152326052531N02421446EA010860112900602313642202
B1152336052512N02421430EA010840112800602513652201
B1152346052493N02421416EA010850112800602413662199
B1152356052474N02421402EA010850112700602513654199
B1152366052455N02421388EA010830112700602413646197
B1152376052435N02421376EA010820112600602413692197
B1152386052416N02421364EA010800112500602513755196
B1152396052396N02421352EA010780112300602413810195
B1152406052376N02421341EA010750112100602413891195
B1152416052356N02421330EA010740111900602213981194
B1152426052335N02421320EA010700111700602114063192
B1152436052315N02421310EA010690111400602514180192
B1152446052294N02421301EA010680111200602414240191
B1152456052273N02421293EA010690111000602214316191
B1152466052252N02421284EA010690110900602314280190
B1152476052231N02421276EA010690110900602114294190
B1152486052210N02421269EA010690110900602114222189
B1152496052189N02421262EA010700110900602314184189
B1152506052168N02421255EA010700111000602214074188
B1152516052148N02421248EA010710111000602113958188
B1152526052127N02421242EA010720111100602113921188
B1152536052106N02421236EA010700111200602113846188
B1152546052086N02421229EA010670111100602113871189
B1152556052065N02421223EA010670111000602413912189
B1152566052045N02421215EA010670110900602713924190
B1152576052025N02421207EA010660110900602813914191
B1152586052004N02421199EA010660110900602613840191
B1152596051984N02421189EA010650110800602613811192
B1153006051964N02421180EA010650110700602413773193
B1153016051944N02421170EA010660110700602413678193
B1153026051924N02421160EA010660110700602113564194
B1153036051905N02421150EA010650110600602013459194
B1153046051885N02421139EA010650110600602013376195
B1153056051866N02421129EA010640110600601913317195
B1153066051847N02421117EA010620110500602313337196
B1153076051828N02421105EA010610110400602213374197
B1153086051809N02421093EA010600110300602313456198
B1153096051789N02421080EA010580110200602213561198
B1153106051770N02421067EA010570110000602413629198
B1153116051751N02421053EA010540109900602213694199
B1153126051732N02421039EA010510109700602713774199
B1153136051712N02421024EA010500109500602613899200
B1153146051693N02421010EA010490109200602513911200
B1153156051673N02420995EA010490109100602613910200
B1153166051654N02420980EA010470109000602413860200
B1153176051635N02420965EA010460108800602213806200
B1153186051615N02420950EA010460108800602213708201
B1153196051596N02420935EA010450108800602113637201
B1153206051577N02420920EA010440108700602213610201
B1153216051558N02420905EA010430108600602313644201
B1153226051539N02420889EA010410108400602413620201
B1153236051520N02420874EA010400108300602413617200
B1153246051501N02420860EA010410108200602613588200
B1153256051482N02420845EA010390108100602413520200
B1153266051464N02420830EA010380108100602513485201
B1153276051445N02420815EA010380108000602513461201
B1153286051426N02420800EA010370107900602313470202
B1153296051408N02420784EA010350107900602313497202
B1153306051389N02420768EA010330107800602213568203
B1153316051370N02420751EA010320107600602313653203
B1153326051352N02420734EA010310107500602413702203
B1153336051333N02420717EA010290107400602313745203
B1153346051314N02420701EA010290107200602113738203
B1153356051295N02420684EA010300107100602413714203
B1153366051276N02420667EA010280107000602313711204
B1153376051258N02420649EA010290106900602313659205
B1153386051240N02420631EA010280106900602113596206
B1153396051221N02420612EA010290106900602313525206
B1153406051203N02420594EA010290107000602413418207
B1153416051186N02420575EA010300107000602413353207
B1153426051168N02420555EA010290107000602513233208
B1153436051151N02420536EA010310107100602513138208
B1153446051134N02420517EA010290107100602413066209
B1153456051117N02420497EA010290107100602313036209
B1153466051100N02420477EA010280107000602413010210
B1153476051083N02420456EA010260107000602213047211
B1153486051067N02420435EA010270106800602113069212
B1153496051050N02420413EA010260106700602213047213
B1153506051034N02420391EA010240106700602313055214
B1153516051018N02420368EA010220106600602513006214
B1153526051002N02420346EA010230106500602612999215
B1153536050986N02420322EA010210106400602213034216
B1153546050971N02420299EA010190106200602213054216
B1153556050955N02420275EA010180106100602413101217
B1153566050940N02420250EA010160105900602513127218
B1153576050924N02420225EA010150105800602413180218
B1153586050909N02420200EA010120105600602413208219
B1153596050894N02420173EA010120105500602213314220
B1154006050879N02420147EA010110105400602313345220
B1154016050864N02420120EA010090105300602513387221
B1154026050849N02420092EA010080105200602513387223
B1154036050834N02420064EA010090105000602713497223
B1154046050820N02420035EA010060104900602713465224
B1154056050806N02420006EA010060104800602613447225
B1154066050792N02419976EA010050104700602513408226
B1154076050778N02419946EA010040104600602613372227
B1154086050765N02419916EA010040104600602513368228
B1154096050752N02419885EA010030104500602213283227
B1154106050738N02419855EA010020104500602113247227
B1154116050725N02419825EA010020104400602013167227
B1154126050712N02419796EA010020104400602113066227
B1154136050698N02419766EA010000104400602413000227
B1154146050685N02419737EA010010104300602313005228
B1154156050673N02419707EA010000104300602213014228
B1154166050660N02419677EA010000104300602113020229
B1154176050647N02419646EA009990104200602212997229
B1154186050635N02419616EA009990104200602012981229
B1154196050622N02419586EA009980104100601912958230
B1154206050610N02419555EA009980104000602112952230
B1154216050597N02419525EA009960103900602312941230
B1154226050585N02419494EA009950103800602012968230
B1154236050573N02419464EA009930103700601912964230
B1154246050560N02419433EA009900103600602213050229
B1154256050548N02419403EA009890103400602013118229
B1154266050535N02419372EA009880103200602313227229
B1154276050522N02419341EA009870103100602413250229
B1154286050509N02419310EA009870102900602213294229
B1154296050496N02419279EA009850102800602313305229
B1154306050483N02419248EA009860102800602313261229
B1154316050471N02419217EA009870102700602413245229
B1154326050458N02419186EA009880102700602313125229
B1154336050445N02419155EA009890102800602313057230
B1154346050433N02419124EA009890102900602212959230
B1154356050421N02419094EA009900103000602212855231
B1154366050409N02419063EA009890103100602012727231
B1154376050397N02419033EA009890103200602012646231
B1154386050385N02419002EA009870103100602012586231
B1154396050374N02418972EA009860103000602012592232
B1154406050362N02418941EA009850102900602112601232
B1154416050351N02418911EA009830102700602212632232
B1154426050339N02418880EA009830102600602012606233
B1154436050328N02418849EA009830102500601912566233
B1154446050317N02418818EA009800102400601912543233
B1154456050306N02418787EA009790102300602112535233
B1154466050295N02418756EA009770102200602212628233
B1154476050284N02418725EA009750102000602212652232
B1154486050272N02418694EA009730101800602212710232
B1154496050261N02418663EA009710101600602312759231
B1154506050249N02418632EA009700101400602312761231
B1154516050237N02418602EA009680101300602612761231
B1154526050225N02418571EA009660101100602412768231
B1154536050213N02418540EA009650100900602512848231
B1154546050201N02418509EA009640100800602612891231
B1154556050189N02418478EA009620100600602312927231
B1154566050177N02418447EA009600100500602212930231
B1154576050165N02418417EA009580100300602112941230
B1154586050153N02418386EA009570100200602412969230
B1154596050140N02418356EA009560100100602412963229
B1155006050128N02418326EA009550099900602212971229
B1155016050115N02418296EA009540099800602212947229
B1155026050102N02418266EA009520099700602112901229
B1155036050090N02418236EA009520099600602312940229
B1155046050077N02418206EA009500099400602512973228
B1155056050064N02418176EA009490099300602312998229
B1155066050052N02418146EA009450099200602113085229
B1155076050039N02418115EA009430098900602313239228
B1155086050026N02418084EA009390098600602313413228
B1155096050012N02418053EA009350098300602313653228
B1155106049999N02418022EA009310097800602413893228
B1155116049985N02417989EA009280097400602214168228
B1155126049971N02417957EA009250097100602414314228
B1155136049956N02417924EA009230096700602414432228
B1155146049942N02417890EA009200096400602514551228
B1155156049927N02417857EA009170096100602414633228
B1155166049913N02417824EA009130095800602614740227
B1155176049898N02417790EA009090095500602314882227
B1155186049883N02417756EA009060095200602315070227
B1155196049868N02417722EA009020094800602215240227
B1155206049852N02417687EA009000094400602115399227
B1155216049837N02417652EA008960094100602015558227
B1155226049821N02417617EA008940093800601915673227
F1155220621023219120417032831
B1155236049805N02417582EA008910093500601915779227
B1155246049789N02417546EA008890093200602115868226
B1155256049772N02417511EA008860093000602015951226
B1155266049756N02417475EA008850092700602116010226
B1155276049739N02417440EA008840092500602116050226
B1155286049723N02417404EA008820092300602016084226
B1155296049706N02417368EA008780092100601916102226
B1155306049690N02417332EA008760091900602116184226
B1155316049673N02417296EA008730091600602016285226
B1155326049656N02417260EA008690091300602216468226
B1155336049639N02417224EA008680091000602116553226
B1155346049622N02417187EA008650090600602216596226
B1155356049605N02417150EA008640090400602116643226
B1155366049588N02417114EA008640090200602116661226
B1155376049570N02417077EA008620090100602116638225
B1155386049553N02417040EA008610090000602116593225
B1155396049536N02417004EA008600089800602216575225
B1155406049518N02416968EA008580089700602816641225
B1155416049501N02416931EA008560089600602716619225
B1155426049483N02416895EA008530089400602716621225
B1155436049466N02416859EA008520089200602516669225
B1155446049448N02416823EA008500089000602316676225
B1155456049431N02416786EA008480088800602316692225
B1155466049413N02416750EA008480088700602116679225
B1155476049396N02416714EA008460088600602216648225
B1155486049378N02416678EA008440088500602016669225
B1155496049361N02416642EA008420088300602016638225
B1155506049343N02416605EA008400088100601916731225
B1155516049325N02416569EA008370087900602016778225
B1155526049308N02416533EA008340087700602016851224
B1155536049290N02416496EA008320087400602016881224
B1155546049272N02416460EA008300087100602116962224
B1155556049254N02416424EA008270086900602017002224
B1155566049235N02416387EA008240086600602117081224
B1155576049217N02416351EA008220086300601917142224
B1155586049198N02416314EA008200086100602017201224
B1155596049180N02416278EA008170085800602117249224
B1156006049161N02416241EA008150085600602117271224
B1156016049143N02416204EA008130085400602117334224
B1156026049124N02416167EA008110085200602017367224
B1156036049106N02416130EA008080085000601917389224
B1156046049087N02416093EA008070084700601917428223
B1156056049068N02416056EA008050084500601917437223
B1156066049049N02416019EA008030084300602017432223
B1156076049030N02415982EA008010084200602017451223
B1156086049012N02415945EA008000084000602117463223
B1156096048993N02415909EA007980083800602217461223
B1156106048974N02415872EA007950083700602217510223
B1156116048955N02415835EA007940083500602117536223
B1156126048936N02415797EA007920083300602117552223
B1156136048917N02415760EA007890083100602217582223
B1156146048898N02415724EA007880082900602117602223
B1156156048878N02415687EA007860082700602017645222
B1156166048859N02415650EA007830082400602117711222
B1156176048840N02415613EA007810082200602017744223
B1156186048820N02415576EA007800081900602017755223
B1156196048801N02415538EA007780081700602117800223
B1156206048782N02415501EA007760081600602217788223
B1156216048762N02415463EA007750081400602117799223
B1156226048743N02415426EA007740081200602117792223
B1156236048724N02415388EA007720081100602217779223
B1156246048704N02415351EA007720080900602117761223
B1156256048685N02415314EA007700080800602017737223
B1156266048666N02415277EA007690080700601917677223
B1156276048647N02415239EA007660080600601917681223
B1156286048628N02415202EA007640080300601917703223
B1156296048608N02415164EA007620080100601917761223
B1156306048589N02415127EA007600079800602017756223
B1156316048570N02415089EA007570079600601917766223
B1156326048551N02415052EA007560079300601717738223
B1156336048531N02415015EA007540079100601817740223
B1156346048512N02414978EA007520078900601917717222
B1156356048493N02414941EA007510078700601917689222
LLXVBATT:24.0% (3.81V) 115636
B1156366048473N02414904EA007490078500602017659222
B1156376048454N02414868EA007480078400602017636222
B1156386048434N02414832EA007460078200601917600222
B1156396048415N02414796EA007440078000602017545221
B1156406048395N02414760EA007420077800602217493221
B1156416048376N02414725EA007410077700602317479221
B1156426048356N02414689EA007390077500602317443221
B1156436048337N02414654EA007380077300602217401221
B1156446048317N02414618EA007360077200602217405221
B1156456048298N02414582EA007350077000602217343222
B1156466048279N02414546EA007330076800602317367222
B1156476048260N02414510EA007310076700602417339223
B1156486048241N02414474EA007290076500602317349223
B1156496048222N02414437EA007270076300602217369224
B1156506048204N02414400EA007250076100602117366224
B1156516048185N02414362EA007230075900602117398224
B1156526048167N02414325EA007220075700602217440225
B1156536048148N02414287EA007190075500602117443225
B1156546048130N02414249EA007170075200602017474225
B1156556048112N02414211EA007150075000601917524225
B1156566048093N02414173EA007120074800602317537225
B1156576048075N02414135EA007090074500602217563225
B1156586048056N02414096EA007080074300602217604225
B1156596048038N02414058EA007070074100602417609225
B1157006048019N02414019EA007030073800602317621225
B1157016048001N02413981EA007030073600602317610225
B1157026047982N02413943EA007020073400602217618225
B1157036047964N02413905EA006990073300602217592225
B1157046047945N02413867EA006980073100602217566224
B1157056047927N02413829EA006960072900602217568224
B1157066047908N02413791EA006940072700602317613224
B1157076047889N02413754EA006930072500602417607224
B1157086047870N02413716EA006910072300602417618224
B1157096047851N02413679EA006900072200602217545224
B1157106047832N02413641EA006880072000602217540224
B1157116047814N02413603EA006860071800602417499224
B1157126047795N02413566EA006840071700602317463224
B1157136047777N02413529EA006820071500602317426224
B1157146047758N02413491EA006800071300602117452224
B1157156047739N02413454EA006760071100602217473224
B1157166047721N02413416EA006710070700602317580224
B1157176047702N02413379EA006670070300602317728224
B1157186047682N02413341EA006620069800602317927223
B1157196047663N02413303EA006550069300602418139223
B1157206047643N02413264EA006520068800602418340223
B1157216047623N02413225EA006480068300602418529223
B1157226047603N02413186EA006460067800602318640223
B1157236047583N02413147EA006430067400602218707223
B1157246047563N02413108EA006400067100602418763223
B1157256047542N02413068EA006370066800602418779223
B1157266047522N02413029EA006340066500602318832223
B1157276047501N02412989EA006310066200602418830223
B1157286047481N02412950EA006290065900602418842223
B1157296047460N02412910EA006270065700602818853223
B1157306047440N02412871EA006240065400602918868223
B1157316047419N02412831EA006210065200603018917223
B1157326047399N02412791EA006180064900603018954223
B1157336047378N02412751EA006150064500602919005224
B1157346047358N02412710EA006120064300602819029224
B1157356047338N02412669EA006090064000602719042224
B1157366047317N02412628EA006070063700602819081224
B1157376047297N02412587EA006040063400602719125225
B1157386047277N02412545EA006000063100602919178225
B1157396047257N02412504EA005960062800603019222225
B1157406047237N02412462EA005930062400602719281225
B1157416047216N02412420EA005900062000602819312225
B1157426047196N02412378EA005870061700602819349224
B1157436047175N02412337EA005860061400602719349224
B1157446047155N02412295EA005830061100602519322224
B1157456047134N02412254EA005790060800602519301224
B1157466047113N02412213EA005770060600602719288224
B1157476047092N02412172EA005750060300602519319223
B1157486047072N02412131EA005720060100602519267224
B1157496047051N02412090EA005700059800602419226224
B1157506047030N02412049EA005670059600602519203223
B1157516047010N02412009EA005650059300602319211223
B1157526046989N02411968EA005620059000602219201223
B1157536046968N02411928EA005590058700602119191223
B1157546046947N02411887EA005560058400602219236223
B1157556046926N02411847EA005520058100602119232222
B1157566046905N02411807EA005500057800602119229222
B1157576046884N02411767EA005460057400602319246222
B1157586046863N02411727EA005430057100602419265222
B1157596046842N02411687EA005400056800602319301222
B1158006046821N02411647EA005380056500602419291222
B1158016046800N02411607EA005340056200602219328222
B1158026046778N02411567EA005320055900602219329222
B1158036046757N02411526EA005310055600602319282223
B1158046046736N02411486EA005290055400602219234222
B1158056046715N02411446EA005270055200602419184222
B1158066046694N02411407EA005250055000602419112222
B1158076046673N02411367EA005240054900602419003222
B1158086046652N02411328EA005220054700602418929222
B1158096046632N02411289EA005210054600602318857222
B1158106046611N02411250EA005200054500602218793222
B1158116046590N02411212EA005180054300602218754222
B1158126046569N02411173EA005160054200602118725222
B1158136046549N02411135EA005150054000602318671222
B1158146046528N02411096EA005130053900602418669222
B1158156046508N02411057EA005100053700602318642223
B1158166046487N02411018EA005070053400602318671223
B1158176046467N02410979EA005030053100602418708223
B1158186046446N02410940EA004990052800602318757223
B1158196046426N02410901EA004960052500602318826223
B1158206046405N02410861EA004930052100602218912223
B1158216046385N02410821EA004880051700602318965223
B1158226046364N02410782EA004860051400602419041223
B1158236046344N02410741EA004820051000602319098223
F115823062521023219120417032831010001
B1158246046323N02410701EA004790050700602519119223
B1158256046302N02410661EA004750050300602719104223
B1158266046282N02410620EA004740050000602819127223
B1158276046261N02410580EA004710049800602819111224
B1158286046241N02410539EA004690049600602619112224
B1158296046220N02410498EA004660049300602419138224
B1158306046200N02410457EA004630048900602519167225
B1158316046180N02410415EA004590048600602219177225
B1158326046159N02410374EA004570048300602119187225
B1158336046139N02410332EA004530048000602219238225
B1158346046119N02410290EA004500047600602219228225
B1158356046099N02410248EA004470047300602219228224
B1158366046078N02410207EA004450047000602219213224
B1158376046058N02410166EA004410046700602319240224
B1158386046037N02410125EA004390046400602419245224
B1158396046017N02410084EA004350046100602319268224
B1158406045996N02410043EA004320045800602619286224
B1158416045975N02410002EA004280045500602419320223
B1158426045954N02409961EA004230045100602319372223
B1158436045933N02409920EA004190044700602419422223
B1158446045912N02409880EA004160044300602419434223
B1158456045891N02409839EA004120043900602519515222
B1158466045870N02409798EA004100043500602919567222
B1158476045848N02409758EA004080043100602719594223
B1158486045827N02409717EA004060042800603219582223
B1158496045805N02409676EA004010042700602919574223
B1158506045784N02409635EA004000042500603019529222
B1158516045763N02409594EA003980042200603019497222
B1158526045741N02409554EA003960042000603019481222
B1158536045720N02409514EA003940041700603219515222
B1158546045698N02409474EA003870041500603019513222
B1158556045677N02409434EA003860041100603019591221
B1158566045655N02409393EA003850040800602919592222
B1158576045633N02409353EA003840040500602919575222
B1158586045612N02409313EA003840040300602719469222
B1158596045590N02409273EA003850040300602719324222
B1159006045569N02409234EA003860040400603019022222
B1159016045548N02409194EA003870040600603218824223
B1159026045528N02409155EA003870040700603118648224
B1159036045508N02409115EA003870040800602918522225
B1159046045489N02409074EA003880040800602818422227
B1159056045471N02409032EA003880040900602518293229
B1159066045454N02408989EA003900041000602518163231
B1159076045438N02408945EA003890041100602418014233
B1159086045422N02408900EA003910041100602417881236
B1159096045408N02408854EA003910041100602417724238
B1159106045395N02408807EA003930041200602717562240
B1159116045383N02408760EA003940041400602817360243
B1159126045371N02408713EA003920041500602617186245
B1159136045361N02408665EA003930041600602617090247
B1159146045352N02408616EA003920041600602516959250
B1159156045344N02408567EA003900041600602616850252
B1159166045337N02408518EA003910041600602516798254
B1159176045331N02408469EA003880041500602416742256
B1159186045326N02408419EA003890041400603216686258
B1159196045321N02408369EA003890041200603116640261
B1159206045318N02408318EA003900041100603016493262
B1159216045315N02408269EA003920041300602616301264
B1159226045313N02408219EA003920041500602816122266
B1159236045312N02408170EA003900041600602816002268
B1159246045312N02408122EA003900041500602515924269
B1159256045312N02408073EA003940041500602715861272
B1159266045314N02408025EA003940041700602715800274
B1159276045316N02407977EA003920041900602815750276
B1159286045319N02407929EA003980042000603115688278
B1159296045323N02407882EA003990042100604815575280
B1159306045327N02407836EA003970042300605515457282
B1159316045333N02407790EA003970042300606015443284
B1159326045339N02407744EA003990042200606415442285
B1159336045345N02407699EA004010042100606515453287
B1159346045352N02407654EA004020042000606315366288
B1159356045360N02407610EA004030041900606315241289
B1159366045368N02407567EA004070042000605914957291
B1159376045376N02407525EA004040042200606914554292
B1159386045385N02407485EA004010042500606414288293
B1159396045393N02407446EA004010042700605513696294
B1159406045402N02407409EA003980042700605013153295
B1159416045410N02407373EA003950042600605212654295
B1159426045418N02407339EA003910042400605012197295
B1159436045426N02407306EA003890042100604311794294
B1159446045433N02407273EA003870041800604311489294
B1159456045440N02407242EA003850041600604111230293
B1159466045447N02407211EA003840041400603711009293
B1159476045453N02407180EA003830041300603610663293
B1159486045459N02407151EA003810041200603210311293
B1159496045465N02407122EA003790041100603110096293
B1159506045471N02407094EA003750040900602809978293
B1159516045477N02407066EA003720040600604010034293
B1159526045484N02407037EA003690040200603510383293
B1159536045490N02407008EA003690039800603310566294
B1159546045496N02406979EA003680039500603110606293
B1159556045503N02406949EA003650039300603110575293
B1159566045509N02406919EA003640039200603010515293
B1159576045515N02406890EA003620039000602910525292
B1159586045521N02406860EA003600038800602910416291
B1159596045526N02406831EA003590038600602710334290
B1200006045532N02406801EA003580038400602510293288
B1200016045536N02406771EA003570038300602610199287
B1200026045541N02406742EA003550038200602710197288
B1200036045546N02406712EA003530038000602610136287
B1200046045550N02406683EA003520037800602510121287
B1200056045555N02406653EA003510037700602410047286
B1200066045559N02406624EA003480037500602410016286
B1200076045563N02406595EA003470037400602409922285
B1200086045567N02406565EA003460037300602309890284
B1200096045570N02406536EA003430037100602409844283
B1200106045574N02406507EA003400036900602409879281
B1200116045576N02406477EA003390036700602509953279
B1200126045579N02406447EA003360036400602510084276
B1200136045580N02406416EA003350036200602710203273
B1200146045581N02406385EA003320035900602610233270
B1200156045580N02406353EA003310035700602710309268
B1200166045580N02406322EA003290035500602710322266
B1200176045578N02406290EA003270035300602510340263
B1200186045576N02406259EA003260035100602510367260
B1200196045573N02406228EA003260034900602610384257
B1200206045569N02406197EA003250034800602910397253
B1200216045565N02406167EA003230034800602710356250
B1200226045559N02406138EA003230034700602710331247
B1200236045553N02406109EA003220034600602510330244
B1200246045546N02406080EA003190034500602510278242
B1200256045539N02406053EA003180034400602510304240
B1200266045531N02406025EA003170034100602610464238
B1200276045523N02405998EA003160034000602510478237
B1200286045514N02405971EA003160033900602510515236
B1200296045505N02405945EA003150033800602510524235
B1200306045496N02405919EA003140033700602810468234
B1200316045487N02405893EA003130033700602810379233
B1200326045478N02405868EA003120033600602810324232
B1200336045468N02405843EA003110033500703910379230
B1200346045458N02405819EA003060033400703610474227
B1200356045447N02405796EA003000033300603310326225
B1200366045436N02405773EA002940032900603310460224
B1200376045425N02405751EA002870032400603210604223
B1200386045413N02405729EA002790031700603610846221
B1200396045401N02405707EA002720030900603711208220
B1200406045387N02405685EA002630030100604311526219
B1200416045374N02405662EA002540029300604611680219
B1200426045360N02405639EA002430028400603911998218
B1200436045346N02405616EA002340027400603812338217
B1200446045331N02405594EA002240026400604012626214
B1200456045315N02405573EA002140025400604412866209
B1200466045297N02405556EA002070024300604813263201
B1200476045278N02405544EA001990023400605213543193
B1200486045258N02405537EA001890022400605413806184
B1200496045237N02405538EA001790021500605314449174
B1200506045216N02405545EA001710020400605214397166
B1200516045196N02405559EA001630019300605214657157
B1200526045176N02405580EA001560018400605214812147
B1200536045158N02405607EA001580017500606114879140
B1200546045142N02405639EA001520016700605715528131
B1200556045127N02405676EA001470016000605715783128
B1200566045113N02405714EA001460015400605216279127
B1200576045098N02405754EA001450015000605416188128
B1200586045083N02405792EA001400014900605615750129
B1200596045068N02405828EA001430015000605514977129
B1201006045055N02405862EA001490015300605214366129
B1201016045041N02405896EA001510015500604613844129
B1201026045028N02405927EA001480015800604213370130
B1201036045015N02405958EA001450016000604213098130
B1201046045003N02405989EA001430016200603912730129
B1201056044991N02406019EA001380016100603712579129
B1201066044979N02406049EA001330015700603712685128
B1201076044967N02406079EA001290015200604112573128
B1201086044956N02406109EA001270014800604012535128
B1201096044944N02406138EA001260014400604012122129
B1201106044933N02406166EA001250014200603911731128
B1201116044922N02406194EA001240014100603411334128
B1201126044912N02406220EA001240014000603510900129
B1201136044902N02406245EA001240014000603110487128
B1201146044892N02406270EA001230014000607510122129
B1201156044883N02406293EA001270014100613309623128
B1201166044874N02406316EA001250014100616509479128
B1201176044865N02406338EA001250014100616109358130
B1201186044856N02406360EA001240014100616609200130
B1201196044847N02406381EA001230014100618009114129
B1201206044839N02406402EA001230014100617408748128
B1201216044831N02406423EA001220014100619608484128
B1201226044823N02406443EA001220014100620608289128
B1201236044816N02406462EA001230014100621307851129
B1201246044808N02406480EA001220014200620207570128
B1201256044802N02406498EA001240014200618707250129
B1201266044795N02406515EA001240014200619107167128
B1201276044788N02406532EA001220014200619207084128
B1201286044782N02406549EA001220014200621206982129
B1201296044775N02406565EA001210014200623106768128
B1201306044769N02406581EA001220014200622506311129
B1201316044763N02406595EA001220014200621505928126
B1201326044758N02406610EA001210014200619905540126
B1201336044754N02406623EA001210014200618605157123
F1201330625210232191204170331
B1201346044750N02406636EA001220014200617904743119
B1201356044747N02406648EA001220014200618604358114
B1201366044745N02406660EA001220014200624604050109
B1201376044743N02406672EA001220014200630003841103
LLXVBATT:24.1% (3.81V) 120138
B1201386044742N02406683EA001220014300627703524100
B1201396044741N02406693EA001220014300627103235097
B1201406044740N02406702EA001230014200628003004095
B1201416044740N02406711EA001220014300631102686095
B1201426044739N02406719EA001220014300638602377096
B1201436044739N02406725EA001230014400633502134096
B1201446044739N02406732EA001230014400632801921096
B1201456044738N02406737EA001220014400625101615097
B1201466044738N02406742EA001230014500619601433099
B1201476044738N02406745EA001220014400614101220100
B1201486044737N02406748EA001220014400610300728102
B1201496044737N02406750EA001220014300607100243103
B1201506044737N02406750EA001230014300606500070103
B1201516044737N02406750EA001220014200604400019103
B1201526044737N02406750EA001230014200603300030103
B1201536044737N02406750EA001220014300602200009103
B1201546044737N02406750EA001220014200601000024103
B1201556044737N02406750EA001230014200602800002103
B1201566044737N02406750EA001230014200605600032103
B1201576044737N02406750EA001230014200605200033103
B1201586044737N02406750EA001230014300605300062103
B1201596044737N02406750EA001230014400604000042103
B1202006044737N02406750EA001230014400602600060103
B1202016044737N02406751EA001230014400601900021103
B1202026044737N02406751EA001230014400601100009103
B1202036044737N02406751EA001230014400601400015103
B1202046044737N02406751EA001230014400601300042103
B1202056044737N02406751EA001230014400601400039103
B1202066044737N02406751EA001230014400601000031103
B1202076044737N02406751EA001230014400601200024103
B1202086044737N02406751EA001230014400601100007103
B1202096044737N02406751EA001230014400601100037103
B1202106044737N02406751EA001230014400601300014103
B1202116044737N02406751EA001230014400601300013103
B1202126044737N02406751EA001230014400601600034103
B1202136044737N02406751EA001230014400602100047103
B1202146044737N02406751EA001230014400601700011103
B1202156044737N02406751EA001230014400601600022103
B1202166044737N02406751EA001230014400601100075103
B1202176044737N02406751EA001230014400601400104166
B1202186044737N02406751EA001230014500601300017166
B1202196044737N02406751EA001230014400601000010166
B1202206044737N02406751EA001230014400601200029166
B1202216044737N02406751EA001230014400601400016166
B1202226044737N02406751EA001230014400601400023166
B1202236044737N02406751EA001230014400601300004166
B1202246044737N02406751EA001230014400601400028166
B1202256044737N02406751EA001230014400601200024166
B1202266044737N02406751EA001230014400601100026166
B1202276044737N02406751EA001230014400601200014166
B1202286044737N02406751EA001240014400601300024166
B1202296044737N02406751EA001230014400601500005166
B1202306044737N02406751EA001230014400601100005166
B1202316044737N02406751EA001230014400601300018166
B1202326044737N02406751EA001230014400601100039166
B1202336044737N02406751EA001230014500601200007166
B1202346044737N02406751EA001230014500601200017166
B1202356044737N02406751EA001230014500601500014166
B1202366044737N02406751EA001230014500601200020166
B1202376044737N02406752EA001230014500601300013166
B1202386044737N02406752EA001230014500601100027166
B1202396044737N02406752EA001230014500601200058166
B1202406044738N02406752EA001230014500601200010166
B1202416044738N02406752EA001230014500601500047166
B1202426044738N02406752EA001230014500601000016166
B1202436044738N02406752EA001230014500601200015166
B1202446044738N02406752EA001230014500601000031166
B1202456044738N02406752EA001230014500601100010166
B1202466044738N02406752EA001240014500601000007166
B1202476044738N02406752EA001230014500601200028166
B1202486044738N02406752EA001230014500601400016166
B1202496044738N02406752EA001240014500601400009166
B1202506044738N02406752EA001230014500601000020166
B1202516044738N02406752EA001230014500601100029166
B1202526044738N02406752EA001230014500601300003166
B1202536044738N02406752EA001230014500601000012166
B1202546044738N02406752EA001230014500601400039166
B1202556044738N02406752EA001230014500601500017166
B1202566044738N02406752EA001230014400601000022166
LLXVFINISH
B1202576044738N02406752EA001230014400601000023166
B1202586044738N02406752EA001230014400601500029166
B1202596044738N02406752EA001230014400601400013166
B1203006044737N02406752EA001210014400603600054166
B1203016044737N02406752EA001230014400608900052166
B1203026044737N02406752EA001220014400607900025166
B1203036044737N02406752EA001220014400607600040166
B1203046044737N02406752EA001220014400605000052166
B1203056044737N02406751EA001220014300604000072201
B1203066044737N02406751EA001230014300602500087212
B1203076044737N02406751EA001230014300601500022212
B1203086044737N02406751EA001220014300601300058212
B1203096044737N02406751EA001230014300601500020212
B1203106044737N02406751EA001230014200601000021212
B1203116044737N02406751EA001230014200601200009212
B1203126044737N02406751EA001230014200601300018212
B1203136044737N02406751EA001230014200601500025212
B1203146044737N02406751EA001230014200601000040212
B1203156044737N02406751EA001230014200601000017212
B1203166044737N02406751EA001220014200601400013212
B1203176044737N02406751EA001230014200601500018212
B1203186044737N02406750EA001220014200601500029212
B1203196044737N02406750EA001230014200601400012212
B1203206044737N02406750EA001220014200601500020212
B1203216044737N02406750EA001220014200601000013212
B1203226044737N02406750EA001230014200601500015212
B1203236044737N02406750EA001220014100601000034212
B1203246044737N02406750EA001230014100601500017212
B1203256044736N02406750EA001230014100601500005212
B1203266044736N02406750EA001220014100601500008212
B1203276044736N02406750EA001220014100601400038212
B1203286044736N02406750EA001230014100601500044212
B1203296044736N02406750EA001220014100601300035212
B1203306044736N02406750EA001230014100601300007212
B1203316044736N02406750EA001230014100601500008212
B1203326044736N02406750EA001220014100601400005212
B1203336044736N02406750EA001230014100601000054212
B1203346044736N02406750EA001230014100601000011212
B1203356044736N02406750EA001220014100601100012212
B1203366044736N02406750EA001220014000601200021212
B1203376044736N02406750EA001230014000601000017212
B1203386044736N02406750EA001220014000601000008212
B1203396044736N02406750EA001230014000601200026212
B1203406044736N02406750EA001230014000601200004212
B1203416044736N02406750EA001220014100601400013212
B1203426044736N02406750EA001220014000601200008212
B1203436044736N02406750EA001230014000601200020212
B1203446044736N02406750EA001220014000601000042212
B1203456044736N02406750EA001230014000601000016212
B1203466044736N02406750EA001230014000601200032212
B1203476044736N02406750EA001230014000601300007212
B1203486044736N02406750EA001220014000601300015212
B1203496044736N02406750EA001230014100601000013212
B1203506044736N02406750EA001220014100601200007212
B1203516044736N02406750EA001220014100601500029212
B1203526044736N02406750EA001230014100601100027212
B1203536044736N02406750EA001220014100601400032212
B1203546044736N02406750EA001220014100601100023212
B1203556044736N02406750EA001230014100601100022212
B1203566044736N02406750EA001230014100601400023212
B1203576044736N02406749EA001220014100601200022212
B1203586044736N02406749EA001220014100601400020212
B1203596044736N02406749EA001230014000601400067212
B1204006044736N02406749EA001220014000601500018212
B1204016044736N02406749EA001220014000601000022212
B1204026044736N02406749EA001230014000601100011212
B1204036044736N02406749EA001220014000601200044212
B1204046044736N02406749EA001220014000601400023212
B1204056044736N02406749EA001230014000601300020212
B1204066044736N02406749EA001220014000601000019212
B1204076044736N02406749EA001230014000601500054212
B1204086044736N02406749EA001230014000601100012212
B1204096044736N02406749EA001220014000601000017212
B1204106044736N02406749EA001230014000601100039212
B1204116044736N02406749EA001230014000601100018212
B1204126044736N02406749EA001220014000601400020212
B1204136044736N02406749EA001230014000601400007212
B1204146044736N02406749EA001220014000701100018212
B1204156044736N02406749EA001220014000701000013212
B1204166044736N02406749EA001220014000701500018212
B1204176044736N02406749EA001230013900701100025212
B1204186044736N02406749EA001220013900701000035212
B1204196044736N02406749EA001220013900701300013212
B1204206044736N02406749EA001230013900701100031212
B1204216044736N02406749EA001220013900701300031212
B1204226044736N02406749EA001230013900701000013212
B1204236044736N02406749EA001220013900701500045212
B1204246044736N02406749EA001220013900701200011212
B1204256044736N02406750EA001220013900701300020212
B1204266044736N02406750EA001220013900701000011212
B1204276044736N02406750EA001220013900701500032212
B1204286044736N02406750EA001220013900701300005212
B1204296044736N02406750EA001230013900701400014212
B1204306044736N02406750EA001230013900701200019212
B1204316044736N02406750EA001230013900701200020212
B1204326044736N02406750EA001230013900701000015212
B1204336044736N02406749EA001230013900701400005212
B1204346044736N02406749EA001230013900701000025212
F12043406210232191204170331
B1204356044736N02406749EA001230013900701200032212
B1204366044736N02406749EA001230013900701400007212
B1204376044736N02406750EA001230013900701400017212
B1204386044736N02406750EA001230013900701300077132
B1204396044736N02406750EA001230013900701500024132
B1204406044736N02406750EA001230013900701000011132
B1204416044736N02406750EA001230013900701200024132
B1204426044736N02406750EA001230013800701300017132
B1204436044736N02406750EA001220013800701500032132
B1204446044736N02406750EA001230013800701600015132
B1204456044736N02406750EA001230013800702400025132
B1204466044736N02406750EA001230013800702200036132
B1204476044736N02406750EA001230013900701600033132
B1204486044736N02406750EA001230013800701500046132
B1204496044736N02406749EA001230013800701200059132
B1204506044736N02406749EA001230013800701600044132
B1204516044736N02406749EA001230013800601000015132
B1204526044736N02406749EA001230013800601400003132
B1204536044736N02406749EA001230013800601500016132
B1204546044736N02406749EA001230013800601500017132
B1204556044736N02406749EA001230013800601200011132
B1204566044736N02406749EA001220013800601200018132
B1204576044736N02406749EA001230013800601500039132
B1204586044736N02406749EA001230013800601100020132
B1204596044736N02406748EA001230013800601100006132
B1205006044736N02406748EA001230013800601500018132
B1205016044736N02406748EA001230013800601000016132
B1205026044736N02406748EA001230013800601100008132
B1205036044736N02406748EA001230013700601100027132
B1205046044736N02406748EA001230013700601300111194
B1205056044736N02406748EA001230013700601500113194
B1205066044736N02406747EA001230013700601000191194
B1205076044736N02406747EA001230013700601200254236
B1205086044736N02406746EA001230013700601600294261
B1205096044736N02406745EA001230013700601900370274
B1205106044736N02406744EA001230013700601700317275
B1205116044736N02406743EA001230013700602100395283
B1205126044736N02406742EA001230013700602000376283
B1205136044737N02406741EA001230013700601700316286
B1205146044737N02406740EA001230013700601700308294
B1205156044737N02406739EA001230013700601600304300
B1205166044737N02406739EA001230013700601000330308
B1205176044738N02406738EA001230013700601900338315
B1205186044738N02406738EA001230013600601800320325
B1205196044739N02406738EA001230013600601700272334
B1205206044739N02406738EA001230013600601000292344
B1205216044740N02406738EA001230013600601400302349
B1205226044740N02406738EA001230013600601300316357
B1205236044741N02406738EA001230013500601400340009
B1205246044741N02406739EA001230013500601400357022
B1205256044742N02406739EA001230013500601000338026
B1205266044742N02406740EA001230013500601500430039
B1205276044743N02406741EA001230013500601300478044
B1205286044743N02406743EA001240013600601600520055
B1205296044744N02406744EA001230013700601700511063
B1205306044744N02406746EA001240013700601800410071
B1205316044744N02406747EA001240013700601800444075
B1205326044744N02406749EA001230013800601600464078
B1205336044744N02406750EA001230013800602000401082
B1205346044744N02406751EA001230013800602300447084
B1205356044744N02406753EA001240013800602600491086
B1205366044744N02406755EA001240013900602800486085
B1205376044744N02406756EA001240013900603100508089
B1205386044744N02406758EA001230013900602700465090
B1205396044744N02406759EA001230013900602900456089
B1205406044744N02406761EA001240013900603100471090
B1205416044744N02406762EA001240014000602900474093
B1205426044744N02406764EA001240014000603100501092
B1205436044744N02406765EA001230014000603800535092
B1205446044744N02406767EA001230014000604000577091
B1205456044744N02406769EA001230014000603700602091
B1205466044745N02406771EA001230014000604100679088
B1205476044745N02406773EA001240014100603900795088
B1205486044745N02406775EA001240014100703700764087
B1205496044745N02406778EA001240014100703700683086
B1205506044745N02406780EA001240014100603100615085
B1205516044745N02406781EA001240014200602800631083
B1205526044745N02406783EA001240014200602700651082
B1205536044745N02406785EA001240014200602700644081
B1205546044745N02406787EA001240014200602900622080
B1205556044746N02406789EA001240014200603000632077
B1205566044746N02406790EA001240014200602700636072
B1205576044746N02406792EA001240014200602600640070
B1205586044747N02406794EA001240014200602300589068
B1205596044747N02406795EA001240014100602300589063
B1206006044747N02406797EA001240014100602000589057
B1206016044748N02406798EA001230014100601800593057
B1206026044748N02406800EA001240014100602000607053
B1206036044749N02406801EA001240014100602000614050
B1206046044750N02406802EA001240014100602100600042
B1206056044750N02406803EA001230014000602000616040
B1206066044751N02406804EA001240014000602000573039
B1206076044752N02406805EA001240013900601800555036
B1206086044752N02406806EA001240013900601800506037
B1206096044753N02406807EA001230013900601900573034
B1206106044754N02406808EA001240013900602100573035
B1206116044755N02406809EA001240013900602100627035
B1206126044755N02406810EA001240013900602200629035
B1206136044756N02406812EA001230013900602300699036
B1206146044757N02406813EA001240013900602500857035
B1206156044758N02406814EA001240013900602700830036
B1206166044759N02406816EA001240013900602900889036
B1206176044760N02406818EA001240013800603100929036
B1206186044761N02406819EA001240013900603400994035
B1206196044763N02406821EA001240013900603800974035
B1206206044764N02406823EA001240013900603800936035
B1206216044765N02406825EA001240013900603401001035
B1206226044766N02406826EA001240014000603300945036
B1206236044767N02406828EA001240013900603200885038
B1206246044768N02406830EA001240014000603000903037
B1206256044769N02406831EA001240014000603000868038
B1206266044770N02406833EA001240014000602700800038
B1206276044771N02406835EA001240013900702800769041
B1206286044772N02406836EA001240013900702600756043
B1206296044773N02406838EA001240013900602600729047
B1206306044773N02406840EA001240014000602600715052
B1206316044774N02406842EA001240014000602500671059
B1206326044774N02406844EA001250014100602300674064
B1206336044775N02406846EA001240014100602200632067
B1206346044775N02406848EA001240014200602200579074
B1206356044775N02406849EA001250014200602300583081
B1206366044775N02406851EA001240014300602100620091
B1206376044775N02406853EA001240014300602200651102
B1206386044774N02406855EA001250014300602200702108
B1206396044774N02406857EA001240014300602300756112
LLXVBATT:24.2% (3.82V) 120640
B1206406044773N02406859EA001240014200602500672116
B1206416044773N02406861EA001240014200602600663118
B1206426044772N02406863EA001240014200602400615119
B1206436044772N02406864EA001240014200602300619122
B1206446044771N02406866EA001240014300702400799122
B1206456044770N02406868EA001240014300702600793123
B1206466044770N02406870EA001250014200702900819126
B1206476044769N02406872EA001240014200703500800126
B1206486044768N02406874EA001240014200703400824127
B1206496044767N02406876EA001250014200603700808127
B1206506044766N02406878EA001240014200603400833129
B1206516044766N02406880EA001250014200603200829130
B1206526044765N02406882EA001250014200603000871131
B1206536044764N02406884EA001240014200603000870130
B1206546044763N02406886EA001250014200603100852130
B1206556044762N02406888EA001240014200603500883129
B1206566044761N02406890EA001240014200603800877129
B1206576044761N02406892EA001240014200603300850128
B1206586044760N02406894EA001240014200603300862128
B1206596044759N02406896EA001240014100603000796127
B1207006044758N02406898EA001240014100603900777125
B1207016044758N02406900EA001240014100603300801125
B1207026044757N02406902EA001240014100603500684124
B1207036044756N02406903EA001240014100604200684121
B1207046044756N02406905EA001240014100603900711118
B1207056044756N02406907EA001240014100603300658116
B1207066044755N02406909EA001240014100603200631113
B1207076044755N02406911EA001240014100603000573111
B1207086044755N02406912EA001230014100602900506110
B1207096044754N02406913EA001240014100602900521109
B1207106044754N02406915EA001240014100602500442106
B1207116044754N02406916EA001240014000602600439107
B1207126044754N02406917EA001240014000602700422103
B1207136044754N02406918EA001240014000602300329101
B1207146044754N02406920EA001240014000602000364101
B1207156044754N02406921EA001240014000602300397098
B1207166044754N02406922EA001240014000601900403101
B1207176044753N02406923EA001240014000602300431103
B1207186044753N02406924EA001240013900602200449104
B1207196044753N02406926EA001240013900601900445106
B1207206044753N02406927EA001240014000601900375107
B1207216044753N02406928EA001240014000602000426111
B1207226044752N02406929EA001240014000601700358116
B1207236044752N02406930EA001240014000601500266117
B1207246044752N02406931EA001240014000601500235119
B1207256044752N02406931EA001240014000601000074119
B1207266044752N02406931EA001240014000601200020119
B1207276044752N02406931EA001240014000601300020119
B1207286044752N02406931EA001240013900601500017119
B1207296044752N02406931EA001230013900601300016119
B1207306044752N02406931EA001240013900601400008119
B1207316044751N02406931EA001240013800601300012119
B1207326044751N02406931EA001230013800601300007119
B1207336044751N02406931EA001250013800601400008119
B1207346044751N02406931EA001240013800601700009119
B1207356044751N02406931EA001230013800601900045119
F120735062521023219120417032831010001
B1207366044752N02406931EA001240013800601800032119
B1207376044752N02406931EA001240013800601300034119
B1207386044752N02406931EA001230013800601400165087
B1207396044752N02406931EA001240013800601300178035
B1207406044752N02406931EA001240013800601200196024
B1207416044753N02406931EA001230013800601000243012
B1207426044753N02406931EA001230013800601200357007
B1207436044754N02406931EA001230013800601600402009
B1207446044754N02406931EA001230013900601800374014
B1207456044755N02406932EA001240013900601900328022
B1207466044755N02406933EA001240013900601100317028
B1207476044755N02406933EA001230014000601200282031
B1207486044756N02406934EA001230013900601500260034
B1207496044756N02406934EA001240013900601000302039
B1207506044756N02406935EA001240013900601100268041
B1207516044757N02406935EA001240013900601500260042
B1207526044757N02406936EA001240013900601200202042
B1207536044757N02406936EA001240013900601000284036
B1207546044758N02406937EA001230013900601300217035
B1207556044758N02406937EA001230013900601500045035
B1207566044758N02406937EA001230013900601100204031
LLXV::TKOFFLAND:1,20240727092034,20240727120132
LLXVVOLTAGE:3.81V
LLXVTEMP:33.9
LLXVBATCAP:35556
LLXVBATCE:26931
LLXVBATCCNT:10
LLXVBATTCHG:987194
LLXVBATF:1.018
G5505E3AE16BC7A555BD15888735636AC10F269FE6901504C78150616C0C4D7D04
G0A5B1E55FF2A1A5F6844FAA836EDB647BB84CB10436F8F3082F7F5BE2EE93345
G6E52F8ADFF47B2479AFF04BC516C659951DE6B5A1D1F2273958302103922A77E
G16EB6674092FFCAE89448572D96C63BB8E065B3C8D5779B5B06E837B2CE2073C
G79E9B9DD71C6DFF26CFA790310F9D853B113D7FE0A4DE5191B4FCE3B04F85695
GD71040DDA44AD3BA857FE140BE099580092F60AD21F674478734DA6DAE5E65DA
GE5040F6891AD2F47F03737BEB6D9968BB82179201596BBB65E079925A9562560
GF2728B00F63641FF5A5392B493D518C5E31C86C801A5B3F05FDADFA7F20FBB04
G5815
